"Gene"	"BaseGeneMean"	"OutlierFactor"	"GeneMean"	"BatchFacBatch1"	"BatchFacBatch2"	"DEFacGroup1"	"DEFacGroup2"
"Gene1"	"Gene1"	0.770099326768811	1	0.770099326768811	0.735989800383474	1.02269566464775	1	1
"Gene2"	"Gene2"	0.551054760377223	1	0.551054760377223	0.438822570126959	1.07269420459078	1	1
"Gene3"	"Gene3"	2.82801006562702	1	2.82801006562702	0.560978474124508	2.97908714298588	1	1
"Gene4"	"Gene4"	0.210920245499637	1	0.210920245499637	0.840995215044537	1.35460926372736	1	1.00635561778369
"Gene5"	"Gene5"	4.14517339033408	1	4.14517339033408	1.39274018963368	1.16951738171928	1	1
"Gene6"	"Gene6"	0.128157460715075	1	0.128157460715075	1.30701774192616	1.01772667790424	1	1
"Gene7"	"Gene7"	2.07922105830768	1	2.07922105830768	0.58413044655138	0.9198104179783	1	1
"Gene8"	"Gene8"	2.74099451597333	156.056264604184	175.793641900838	0.552706610025609	1.73274022995317	1	1
"Gene9"	"Gene9"	1.49577522006486	1	1.49577522006486	0.480964101984315	1.13812646100093	1	1
"Gene10"	"Gene10"	2.61251505772026	1	2.61251505772026	0.675995756836811	1.43730747996053	1	1
"Gene12"	"Gene12"	0.996344205566882	56.1404400225363	63.2408601763535	0.695439418946694	0.409333645877934	1	0.88265412303068
"Gene13"	"Gene13"	0.250966995360195	1	0.250966995360195	1.64621317956468	1.38078261462873	1	1
"Gene14"	"Gene14"	3.92664996084339	1	3.92664996084339	0.801975835133541	0.486925233538594	1	1
"Gene15"	"Gene15"	0.196693998555045	1	0.196693998555045	1.20135630096016	1.67765903385888	1	1
"Gene17"	"Gene17"	0.343390215479109	1	0.343390215479109	1.07837992822285	1.39498813208441	1	1
"Gene18"	"Gene18"	0.0501106849888704	1	0.0501106849888704	1.7135301979411	1.00889085242213	1	1
"Gene19"	"Gene19"	0.710395675136784	1	0.710395675136784	0.510725608369624	1.08037939646492	1	1
"Gene20"	"Gene20"	0.48312553446991	1	0.48312553446991	0.918064491013284	0.993522593558395	1	1
"Gene21"	"Gene21"	0.085790313098483	1	0.085790313098483	0.883944112152749	0.942080450908544	1	1
"Gene23"	"Gene23"	0.252966586926095	1	0.252966586926095	0.746086366344279	0.857766478579118	1	1
"Gene24"	"Gene24"	1.43858328166673	1	1.43858328166673	0.735759932240285	0.86224213815392	1	1
"Gene25"	"Gene25"	0.276449021405808	1	0.276449021405808	0.980634007239831	0.813669913437752	1	1
"Gene27"	"Gene27"	6.37183030453786	1	6.37183030453786	0.583885109899732	0.801610931898365	1	1
"Gene28"	"Gene28"	1.77425064435352	1	1.77425064435352	1.79739387572468	0.393232419135555	1	1
"Gene29"	"Gene29"	1.1265890636397	1	1.1265890636397	0.962697502254298	2.49407324683716	0.833981561816118	1
"Gene30"	"Gene30"	0.140567809161961	1	0.140567809161961	1.62055663877665	1.48403564595431	1	1
"Gene31"	"Gene31"	3.88736343369558	1	3.88736343369558	1.11105092932364	2.30616043559136	1	1
"Gene32"	"Gene32"	6.38248361810076	1	6.38248361810076	1.05491469329489	1.79776852243276	1	1
"Gene33"	"Gene33"	0.503891449673538	1	0.503891449673538	2.08437456214627	0.600828767914767	1	1
"Gene34"	"Gene34"	0.222083547778481	1	0.222083547778481	0.883066049166781	0.954651236667746	1	0.963922829103625
"Gene35"	"Gene35"	0.656686081337963	1	0.656686081337963	0.434865580196002	0.626490609425302	1.1247850433517	1
"Gene36"	"Gene36"	1.69304925606258	1	1.69304925606258	1.73137340221766	1.54291890844135	1	1
"Gene37"	"Gene37"	1.61905621188852	1	1.61905621188852	1.5032261398011	2.47302270724965	1	1
"Gene38"	"Gene38"	5.75716567815396	1	5.75716567815396	0.819556135485153	0.760132041858134	1	1
"Gene39"	"Gene39"	0.0914979142560736	1	0.0914979142560736	1.15860342851971	1.86822432873942	1	1
"Gene40"	"Gene40"	1.36382770428535	1	1.36382770428535	1.58983299715276	1.31522305886752	1	1
"Gene41"	"Gene41"	1.72908807192846	47.4535468395187	53.4552832030771	0.541738651825779	0.701865420715222	0.794037027943688	1
"Gene42"	"Gene42"	1.56961454671995	1	1.56961454671995	1.30889263814334	1.41477825178514	1	1
"Gene43"	"Gene43"	7.50414745357388	1	7.50414745357388	2.20813392776962	0.830470639537236	1	1
"Gene44"	"Gene44"	3.71008811823237	1	3.71008811823237	1.68592226626517	0.536862203864172	1	1
"Gene45"	"Gene45"	3.7169722761335	1	3.7169722761335	2.16770070735799	0.659578693876075	1	1
"Gene46"	"Gene46"	0.1665607611759	1	0.1665607611759	1.60024608680758	1.11325212135763	1	1
"Gene47"	"Gene47"	0.37145628532943	1	0.37145628532943	1.5597709134022	1.37100593286113	1	1
"Gene48"	"Gene48"	3.26785841916699	1	3.26785841916699	1.08429274559045	2.5761554501752	1	1
"Gene49"	"Gene49"	0.106977532131641	1	0.106977532131641	3.37391217445506	1.36054779591582	1	1
"Gene50"	"Gene50"	2.4090724860122	1	2.4090724860122	0.946175941385277	0.450449242429536	1	1
"Gene51"	"Gene51"	0.360888256334395	1	0.360888256334395	0.777946845196575	0.580199998400599	1.09553246570947	1
"Gene52"	"Gene52"	0.877797990571994	1	0.877797990571994	0.962367120560816	0.75788927476383	1	1
"Gene53"	"Gene53"	7.36021659935042	1	7.36021659935042	1.2614384694542	1.06677491124244	1	1
"Gene54"	"Gene54"	0.168032939996258	1	0.168032939996258	0.60701278662879	0.633765978035535	1	1
"Gene55"	"Gene55"	0.309644902145262	1	0.309644902145262	2.55401221190451	1.92569996489439	1	1
"Gene57"	"Gene57"	3.66915743904769	1	3.66915743904769	1.13127497550173	0.766840005369756	1.24141477711027	1
"Gene58"	"Gene58"	2.7258676074836	1	2.7258676074836	0.510236794035072	2.0490719183961	1	1
"Gene59"	"Gene59"	0.364713332279753	1	0.364713332279753	0.585966798453629	0.415079293293695	1	1
"Gene61"	"Gene61"	0.371531303553264	1	0.371531303553264	1.59390956661381	1.66527107574804	1	1
"Gene62"	"Gene62"	11.7327892099306	1	11.7327892099306	1.11959437101096	1.30936949517992	1	1
"Gene63"	"Gene63"	0.102320603677169	1	0.102320603677169	1.69171693346797	1.79898427764729	1	1
"Gene64"	"Gene64"	5.21710224506174	1	5.21710224506174	0.679037716583482	0.604941404488752	1	0.968195066498505
"Gene66"	"Gene66"	1.11011955902984	1	1.11011955902984	1.66647347306083	2.84765017018703	1.09557506913559	1
"Gene67"	"Gene67"	0.655266049654545	1	0.655266049654545	1.05946043125282	0.921964180828096	1	1
"Gene69"	"Gene69"	0.891058851754606	1	0.891058851754606	0.653439716072776	0.435209776161917	1	0.714086285012905
"Gene70"	"Gene70"	0.15276429835733	1	0.15276429835733	0.611354556550097	0.521626475832826	1	1
"Gene72"	"Gene72"	1.97939839244508	1	1.97939839244508	0.782310259484804	1.05623155857674	1	1
"Gene73"	"Gene73"	4.2329792362358	1	4.2329792362358	2.19763192744059	0.422993464586958	1	1
"Gene74"	"Gene74"	4.17072757177971	1	4.17072757177971	0.319609045820706	0.578566281736394	1	1
"Gene75"	"Gene75"	2.57611869307485	1	2.57611869307485	0.572046906054543	0.599966420283416	1	1
"Gene76"	"Gene76"	0.073653273643105	1	0.073653273643105	1.18799618637849	1.59497693940597	1	1
"Gene77"	"Gene77"	1.01285604319283	1	1.01285604319283	2.31432337963575	1.94357115816072	1	1
"Gene78"	"Gene78"	5.54941249508666	1	5.54941249508666	1.96074951775169	0.486380620201362	1	1
"Gene80"	"Gene80"	3.91421403206439	1	3.91421403206439	0.791495552990276	1.07585627634123	1	1
"Gene81"	"Gene81"	0.154733758202307	1	0.154733758202307	2.22808289211779	1.20009529440658	1	1
"Gene82"	"Gene82"	0.470677469533254	1	0.470677469533254	0.3092445125165	0.533614095660863	1	1.21714331042338
"Gene83"	"Gene83"	2.1001758008472	1	2.1001758008472	1.15133513965167	0.478260619255839	1	1
"Gene84"	"Gene84"	6.84944716680839	1	6.84944716680839	0.538293983329111	1.4413105401026	1	1
"Gene85"	"Gene85"	1.90370956039265	1	1.90370956039265	1.57846206862847	0.645518820506424	1	1
"Gene86"	"Gene86"	0.518854304010678	1	0.518854304010678	1.14523136723446	2.38508425058466	1.09362650916586	1
"Gene87"	"Gene87"	3.27121116673815	1	3.27121116673815	2.16178122350933	0.956589657299541	1	1
"Gene88"	"Gene88"	2.42273760990407	1	2.42273760990407	0.819159653655538	1.96364884272709	1	1
"Gene89"	"Gene89"	2.83989422329542	1	2.83989422329542	2.78496587103951	0.441328273764123	1	1
"Gene90"	"Gene90"	0.591188352048441	1	0.591188352048441	1.41717416311687	0.521027020443979	1	1
"Gene91"	"Gene91"	0.206437168958907	1	0.206437168958907	0.722117554128815	0.388298597253278	1	1
"Gene92"	"Gene92"	0.367857658016964	207.046948897071	233.233425671121	2.95187947371583	1.02801323101404	1.07879715997633	1
"Gene93"	"Gene93"	1.57412973941898	1	1.57412973941898	0.93106114301775	0.66215699086125	1	1
"Gene94"	"Gene94"	1.70075880005509	1	1.70075880005509	1.95562876113788	1.7003441818001	1	1
"Gene95"	"Gene95"	0.229199531703545	1	0.229199531703545	1.62998232132727	1.02775477986212	1	1
"Gene96"	"Gene96"	3.34977043513184	1	3.34977043513184	0.948635894388052	1.13382473268132	1	1
"Gene97"	"Gene97"	0.203859829360577	1	0.203859829360577	0.381514223885395	1.60000205978509	1	1
"Gene98"	"Gene98"	3.30384081325431	1	3.30384081325431	0.656664000349846	0.589569483823422	1	1
"Gene99"	"Gene99"	6.79622012703813	1	6.79622012703813	1.04298641716112	0.518924730385986	1	1
"Gene100"	"Gene100"	3.31386208503443	1	3.31386208503443	1.17634561944701	0.607915711988739	1	1
"Gene101"	"Gene101"	2.36844177867818	1	2.36844177867818	1.85694201715921	0.736742781030011	1	1
"Gene102"	"Gene102"	0.864822718193137	1	0.864822718193137	4.40109856670971	0.60341795387633	1	1
"Gene104"	"Gene104"	6.03705568112082	1	6.03705568112082	0.456032471148557	2.58094275512994	1	1
"Gene105"	"Gene105"	1.67526919837515	1	1.67526919837515	2.315763688698	1.42610304057338	1	1
"Gene106"	"Gene106"	0.544675962134609	1	0.544675962134609	1.6930167345017	0.912556634285278	1.07122490315163	1
"Gene109"	"Gene109"	0.303864071145248	1	0.303864071145248	1.65540060517229	1.74137478552528	1	1
"Gene110"	"Gene110"	1.95047705612744	1	1.95047705612744	0.84397451548915	0.786842734159122	1	1
"Gene111"	"Gene111"	1.42531611429873	46.7824123579306	52.6992662945419	0.591921831196937	0.495562734556395	1	1
"Gene112"	"Gene112"	2.88279730865823	1	2.88279730865823	0.667677607727401	1.43911079755556	1	1
"Gene113"	"Gene113"	3.71641545737179	1	3.71641545737179	0.810153722609999	0.292161446079595	1	1
"Gene115"	"Gene115"	1.02673828302431	1	1.02673828302431	1.1694949924235	0.937905758901853	1	1
"Gene117"	"Gene117"	1.51072721205833	1	1.51072721205833	0.850700435471808	1.27499730148332	1	1.01406811820148
"Gene118"	"Gene118"	0.567927133904797	1	0.567927133904797	2.41877278313587	0.621462592310628	1	1
"Gene119"	"Gene119"	7.67555925238924	1	7.67555925238924	1.20585607152986	1.65398826137307	1	1
"Gene120"	"Gene120"	1.05881402643158	1	1.05881402643158	2.13368710009743	0.936758008495691	1	1
"Gene121"	"Gene121"	3.51266252938633	1	3.51266252938633	1.36761923813029	0.554418717835527	1.02148551566639	1
"Gene122"	"Gene122"	3.38281712367969	1	3.38281712367969	0.427681720542429	1.74052394235969	1	1
"Gene123"	"Gene123"	2.02925727342109	1	2.02925727342109	1.12151342845529	0.690882279644687	1	1
"Gene124"	"Gene124"	0.720217417937796	1	0.720217417937796	1.72186402128222	0.48740016845629	1	1
"Gene125"	"Gene125"	1.04016494402398	1	1.04016494402398	1.78464713331618	1.66225217462421	1	1
"Gene126"	"Gene126"	1.7122702304611	1	1.7122702304611	0.898249452228741	1.7619538946064	1	1
"Gene127"	"Gene127"	0.256073534286738	1	0.256073534286738	1.40200060258694	0.623082940385521	1	1
"Gene128"	"Gene128"	3.20844018178176	1	3.20844018178176	0.625272238386507	0.722303485800013	1.19797304043295	1
"Gene129"	"Gene129"	1.78542371209936	1	1.78542371209936	0.450999731204842	0.672928012334435	1.03997168004037	1
"Gene131"	"Gene131"	3.6456468317797	1	3.6456468317797	1.30904038893382	0.737865094179773	1	1
"Gene132"	"Gene132"	7.12635704017255	1	7.12635704017255	1.97161632141534	0.706438289029609	1	1.07861658938948
"Gene133"	"Gene133"	0.822863972568271	1	0.822863972568271	0.958136209366272	1.06423650905233	1	1
"Gene134"	"Gene134"	0.196019541815246	1	0.196019541815246	1.73167463024033	0.582620302101645	1	1
"Gene136"	"Gene136"	0.128448799474008	1	0.128448799474008	1.41257402580272	1.08458114057021	1	1
"Gene137"	"Gene137"	0.494770137406744	67.8939170748032	76.4808703820093	0.741637259421643	1.1328293455838	1.01577161811739	1
"Gene138"	"Gene138"	1.67000349158849	1	1.67000349158849	0.615855595438677	1.06770392093249	1	1.32022606986039
"Gene139"	"Gene139"	5.05076809281311	1	5.05076809281311	2.38458344689176	0.690653153623717	1	1
"Gene140"	"Gene140"	1.24501513063807	1	1.24501513063807	0.507947444326226	0.79940269868757	1	1
"Gene141"	"Gene141"	2.13961176459752	1	2.13961176459752	2.03163683573808	0.582078521241357	1	1
"Gene142"	"Gene142"	7.47479116096209	40.4519786722843	45.5681844681628	0.481535108113452	0.904023408289216	1	1
"Gene143"	"Gene143"	0.110908039683822	1	0.110908039683822	0.823438534497648	0.590655708845577	1	1
"Gene144"	"Gene144"	4.66227134562049	1	4.66227134562049	3.28671889014429	1.59029272681174	1	1
"Gene145"	"Gene145"	0.231154771013634	1	0.231154771013634	0.255088712503907	0.639005020737535	1	1
"Gene146"	"Gene146"	0.125296031655886	1	0.125296031655886	1.24022432529184	1.16505746083611	1	1
"Gene147"	"Gene147"	1.02028714560875	1	1.02028714560875	1.07844636385893	1.45119764172164	1	0.919455345721413
"Gene148"	"Gene148"	1.12322977258696	1	1.12322977258696	0.380553911898043	1.22455913713752	1.16900507749487	1
"Gene149"	"Gene149"	2.21014259907706	1	2.21014259907706	0.669005052472678	1.54457617708105	1	1
"Gene150"	"Gene150"	0.141641432921147	1	0.141641432921147	1.54884455998674	1.36942504682953	1	1
"Gene151"	"Gene151"	2.70075053623181	1	2.70075053623181	0.68917471632632	1.67659547306662	1	1
"Gene152"	"Gene152"	2.74476461609316	1	2.74476461609316	1.13887074342206	0.574243810457996	1	1
"Gene153"	"Gene153"	1.38619685082682	1	1.38619685082682	1.46690581727479	0.573913269095151	1	1
"Gene154"	"Gene154"	4.54240931794745	1	4.54240931794745	1.65269921915333	1.11594201346228	1.01095988810833	1
"Gene155"	"Gene155"	1.12574082358752	1	1.12574082358752	2.66239095818711	0.544601779215514	1	1
"Gene156"	"Gene156"	1.07030540548347	1	1.07030540548347	1.0637175867084	0.93517496956095	1	1
"Gene157"	"Gene157"	0.747832883913617	1	0.747832883913617	2.92001269178224	1.15981843955811	1	1
"Gene160"	"Gene160"	0.503571497335441	1	0.503571497335441	1.77336231421611	0.671952727802283	1	1
"Gene161"	"Gene161"	0.132656735341116	1	0.132656735341116	0.711182070825703	0.51780701514339	1	1
"Gene162"	"Gene162"	2.02060464975081	1	2.02060464975081	1.46021610509746	0.987866042763489	1	1
"Gene163"	"Gene163"	6.26253022643695	1	6.26253022643695	0.536767386848084	1.26934626814333	1	1
"Gene165"	"Gene165"	1.31603395674392	1	1.31603395674392	1.97400002107671	1.40069796522807	1	1.17560595575656
"Gene166"	"Gene166"	0.419700937929722	101.184715862677	113.982157341248	1.01470831869454	1.19268924831653	1	1
"Gene168"	"Gene168"	0.00590355439713916	101.432245035615	114.26099302207	2.07904629208262	1.17509099502864	1	1
"Gene169"	"Gene169"	0.171856403131811	1	0.171856403131811	1.05375327995561	1.24619735921335	1	1
"Gene170"	"Gene170"	0.406854069762315	1	0.406854069762315	1.00792758109473	0.841976449113789	1	1
"Gene171"	"Gene171"	2.09664857127956	1	2.09664857127956	0.540552349195589	0.791695757558155	1	1
"Gene172"	"Gene172"	7.63916080804883	1	7.63916080804883	0.731095058406504	1.46466695160534	1.16835785800513	1
"Gene173"	"Gene173"	2.20330271891822	1	2.20330271891822	0.795633504339131	1.19802525237641	1	1
"Gene174"	"Gene174"	1.70162136596183	1	1.70162136596183	1.2622672878162	0.429110200997948	0.810059629947046	1
"Gene175"	"Gene175"	3.5955560901534	1	3.5955560901534	1.52236259064483	0.520413635795436	1.21204279382113	1
"Gene176"	"Gene176"	0.201441683878881	1	0.201441683878881	2.22811607880589	0.331648149271996	1	1
"Gene177"	"Gene177"	0.111476952302588	1	0.111476952302588	0.949302025798705	2.45852085854306	1	1
"Gene178"	"Gene178"	5.69512218200268	1	5.69512218200268	0.84112166394331	0.670325080465515	1	1
"Gene179"	"Gene179"	3.53675668097608	1	3.53675668097608	0.453538621053611	1.27129008643592	1	1
"Gene180"	"Gene180"	0.175561535973787	1	0.175561535973787	2.88783404730535	2.01934886375219	1	1
"Gene181"	"Gene181"	6.24376871634306	1	6.24376871634306	0.594501609982141	1.61117308380963	1	1.11897002233278
"Gene182"	"Gene182"	1.3642420016517	1	1.3642420016517	0.867490783157064	0.547136011915136	1	1
"Gene183"	"Gene183"	0.572034966892734	1	0.572034966892734	0.731920884354071	0.737873402874955	1	1
"Gene184"	"Gene184"	5.24727534880752	1	5.24727534880752	1.36507975453748	1.51378737193082	1	1
"Gene185"	"Gene185"	2.29956522593887	1	2.29956522593887	1.25270365685645	1.22848061321457	1	1
"Gene186"	"Gene186"	0.3171480937507	86.2452663436369	97.1532255094693	3.50077237634393	0.473765971304866	1	1
"Gene188"	"Gene188"	0.586927199021474	1	0.586927199021474	0.667465453922869	0.2892577191933	1	1
"Gene189"	"Gene189"	0.942174802942413	1	0.942174802942413	0.657875315167462	0.377922423016066	1	1
"Gene190"	"Gene190"	6.54500932380297	1	6.54500932380297	0.414730169934787	1.29807543808298	0.971470371644663	1
"Gene192"	"Gene192"	4.22678197976395	1	4.22678197976395	0.827499489739337	1.15879114459625	1	1
"Gene194"	"Gene194"	1.0726308710364	1	1.0726308710364	0.658749986693562	1.01914583040464	1	1
"Gene195"	"Gene195"	5.64804957383444	1	5.64804957383444	0.904803298443946	0.478588405726767	1	1
"Gene196"	"Gene196"	2.13199116902156	1	2.13199116902156	0.70213768129827	0.674963557349355	1	1
"Gene197"	"Gene197"	0.99337898428766	1	0.99337898428766	3.53091078887052	1.2634820361517	1	1
"Gene198"	"Gene198"	1.83947719657474	1	1.83947719657474	0.688834577322354	2.49880042475698	1	1
"Gene199"	"Gene199"	7.75931375030666	1	7.75931375030666	2.38680885459368	1.28662979062128	1	1
"Gene200"	"Gene200"	0.467116313883142	1	0.467116313883142	1.21430584023133	0.395325139274289	1	1
"Gene201"	"Gene201"	3.83772389775792	1	3.83772389775792	1.23347540548281	1.02506322159566	1	0.9643646129155
"Gene202"	"Gene202"	2.36818150323116	50.7312210150005	57.1475046062595	1.56214694162337	0.32748615572414	1	1
"Gene203"	"Gene203"	2.07428869624214	1	2.07428869624214	1.30521826995926	2.5447841314781	1	1
"Gene204"	"Gene204"	4.05523872331699	1	4.05523872331699	1.57789718239061	0.678613422731775	1	1
"Gene206"	"Gene206"	0.375044953616688	1	0.375044953616688	1.19343545388147	0.787866191263513	1	1
"Gene207"	"Gene207"	2.93144227581111	1	2.93144227581111	1.4620558552893	0.990768390138928	1	1
"Gene208"	"Gene208"	2.05974241378042	1	2.05974241378042	0.719993762460397	0.492936449737302	1	1
"Gene209"	"Gene209"	1.50888024279466	1	1.50888024279466	2.61579890279324	1.3485278482245	1	1
"Gene210"	"Gene210"	2.36358817490971	1	2.36358817490971	0.391639398876518	1.85986175983662	1	1
"Gene211"	"Gene211"	4.51249845921692	1	4.51249845921692	0.998172533040839	1.81044388028149	1	1
"Gene212"	"Gene212"	6.00083052455343	1	6.00083052455343	3.16992399978762	0.325838025121972	1	1
"Gene213"	"Gene213"	1.46347761067235	1	1.46347761067235	1.00812015556906	0.820096682378211	1	1
"Gene214"	"Gene214"	0.400411186880805	1	0.400411186880805	2.01709317305902	0.527754407554356	1	1
"Gene215"	"Gene215"	0.262730683170531	1	0.262730683170531	2.85436271812304	1.56383237112141	1	1
"Gene216"	"Gene216"	2.12119921414329	1	2.12119921414329	0.391826413172053	0.532360824559722	1	1
"Gene217"	"Gene217"	3.22271542083624	1	3.22271542083624	0.958580969778123	1.30178085435609	1	1
"Gene218"	"Gene218"	0.516152709445672	1	0.516152709445672	1.41755902012017	0.451212879989675	1	1
"Gene219"	"Gene219"	1.41527379896346	1	1.41527379896346	0.476672043994711	1.21646345113971	1	1
"Gene220"	"Gene220"	1.33231492967761	1	1.33231492967761	0.834028013415374	0.914275319008771	1	1
"Gene221"	"Gene221"	1.52667532711816	1	1.52667532711816	2.14737526121441	2.42543119055344	1	1
"Gene222"	"Gene222"	0.0524079859639631	1	0.0524079859639631	1.76049739885427	0.930757966583584	1	1
"Gene224"	"Gene224"	5.17119971585091	1	5.17119971585091	0.72762554663132	1.47912566860406	1	1.11451070427893
"Gene225"	"Gene225"	1.85820393336946	1	1.85820393336946	0.588378919413478	0.724525221907816	1	1
"Gene226"	"Gene226"	2.24916607627925	1	2.24916607627925	0.684127500054765	1.2936050687085	1	1
"Gene228"	"Gene228"	2.04636553583558	1	2.04636553583558	0.673610262341032	0.917240075552637	1	1
"Gene229"	"Gene229"	0.644899862506488	1	0.644899862506488	1.38099549109952	1.21513787997195	1	1
"Gene230"	"Gene230"	0.421215506781266	1	0.421215506781266	0.416418982711911	0.659881417535714	1	1
"Gene231"	"Gene231"	3.59469823958567	1	3.59469823958567	1.31617670566158	0.979587362974209	1	1
"Gene232"	"Gene232"	1.29720330037438	1	1.29720330037438	2.06632411478394	0.524550243800122	1	1
"Gene233"	"Gene233"	4.48756204544172	1	4.48756204544172	1.13516603460538	2.33447238846085	1	1
"Gene234"	"Gene234"	3.83043927462958	1	3.83043927462958	0.644265396255575	0.791313225899577	1	1
"Gene235"	"Gene235"	3.60461797961003	1	3.60461797961003	0.520187757937118	1.05137557853809	1	1
"Gene236"	"Gene236"	7.94330505907998	1	7.94330505907998	1.13478315117247	2.95612023949079	1	1
"Gene237"	"Gene237"	0.38068546842243	1	0.38068546842243	2.13463350498893	2.22740983570206	1.05482625459566	1
"Gene238"	"Gene238"	2.10545818017246	1	2.10545818017246	1.66305764581517	0.742338587379255	1	1
"Gene239"	"Gene239"	1.0124932445118	1	1.0124932445118	1.1191108930207	1.32941529347131	1	1
"Gene240"	"Gene240"	1.22282392129176	1	1.22282392129176	0.709336701882938	1.04060173556776	1	1
"Gene241"	"Gene241"	4.8508952324552	1	4.8508952324552	0.56141881073449	2.38620600737256	1	1
"Gene242"	"Gene242"	1.3459047458544	1	1.3459047458544	0.665140812164379	1.54025576674585	1	1
"Gene243"	"Gene243"	2.23979015944609	1	2.23979015944609	1.01168931361542	2.05366288845655	1	1
"Gene244"	"Gene244"	0.639526796544966	1	0.639526796544966	0.438018928816432	0.551435803621821	1	1
"Gene245"	"Gene245"	0.522722637859958	1	0.522722637859958	1.29410782374836	1.39479115494069	1.04154126395799	1
"Gene246"	"Gene246"	0.459802152446379	1	0.459802152446379	0.745130468243028	0.956346175299371	1	1
"Gene247"	"Gene247"	1.28378604629611	1	1.28378604629611	0.839844586767803	1.88598499100243	1	1
"Gene248"	"Gene248"	2.11378209426294	1	2.11378209426294	1.35806252878345	1.27065689878064	1	1
"Gene249"	"Gene249"	2.84288077579155	1	2.84288077579155	0.798736572514698	0.712947695212882	1	1
"Gene251"	"Gene251"	0.621411542322179	1	0.621411542322179	0.943612364891649	0.800076748415655	1	1
"Gene252"	"Gene252"	0.0683350269132682	1	0.0683350269132682	2.80856039335408	0.763963652541007	1	1
"Gene253"	"Gene253"	0.584990062379415	1	0.584990062379415	3.42331473282403	1.16558473474631	1	1
"Gene254"	"Gene254"	0.454267053605892	1	0.454267053605892	0.803194266420424	0.825257715406233	1	1
"Gene255"	"Gene255"	0.859279525415249	1	0.859279525415249	0.688634550827138	1.55295510378342	1	0.812562773579613
"Gene256"	"Gene256"	1.4497162682327	1	1.4497162682327	0.546464426756552	1.39858595922177	1	1
"Gene257"	"Gene257"	2.15692996554583	1	2.15692996554583	0.602974574466244	2.59407282470311	1	1
"Gene258"	"Gene258"	6.94781031761714	1	6.94781031761714	1.52131948383073	0.521452565871928	1	1
"Gene259"	"Gene259"	0.464438937126269	1	0.464438937126269	0.598436097712239	1.05582906472358	1	1
"Gene260"	"Gene260"	1.93684864136713	1	1.93684864136713	2.57342818346232	1.07141721651882	1	1
"Gene261"	"Gene261"	0.219430371682835	1	0.219430371682835	0.775477587829333	2.05204038252369	1	1
"Gene262"	"Gene262"	3.49985414304614	1	3.49985414304614	0.900523225139473	0.773328150397854	1	1
"Gene263"	"Gene263"	1.31523430502622	1	1.31523430502622	0.409414480074633	1.19894714644203	1	1
"Gene264"	"Gene264"	0.628742989073144	1	0.628742989073144	0.502172834049471	0.508964878302113	1	1
"Gene265"	"Gene265"	0.123785548955798	1	0.123785548955798	1.33042111409562	0.442411205130885	1	1
"Gene266"	"Gene266"	0.168605479752659	1	0.168605479752659	1.17207218949368	0.869820495510397	1	1
"Gene267"	"Gene267"	4.71456210724011	1	4.71456210724011	1.26025458327659	0.536724438773798	1	1
"Gene268"	"Gene268"	2.65623732915862	1	2.65623732915862	1.34656982147266	1.30349849158303	1	1
"Gene269"	"Gene269"	3.14140173739146	1	3.14140173739146	0.396317024968447	2.11428258369229	1	1
"Gene270"	"Gene270"	0.694065440701107	1	0.694065440701107	2.66965826951813	1.44133797900223	1	1
"Gene271"	"Gene271"	0.096171281290956	1	0.096171281290956	2.01341827137238	1.07568873957657	1	1
"Gene272"	"Gene272"	0.426300948085553	1	0.426300948085553	0.842119552198542	1.01682066181532	1	1
"Gene273"	"Gene273"	0.260483684960737	1	0.260483684960737	1.54219352995817	0.649399996501583	1	1
"Gene274"	"Gene274"	0.242892092712592	1	0.242892092712592	2.64204341480636	0.717044875375483	1	1
"Gene275"	"Gene275"	0.656808109977819	1	0.656808109977819	1.18303140919526	0.502927003045115	1	1
"Gene276"	"Gene276"	1.22906083183952	1	1.22906083183952	1.0575839940507	0.407898171127857	1	1
"Gene277"	"Gene277"	4.30264887487725	1	4.30264887487725	0.868498226271605	1.99407936235628	1	1.08666365258447
"Gene278"	"Gene278"	0.989955454603316	56.378410244291	63.5089279277655	0.940736549118318	1.07690805830039	1	1
"Gene279"	"Gene279"	0.0896961155923791	1	0.0896961155923791	1.20563832788394	0.956691192938228	1	1
"Gene280"	"Gene280"	1.63866223920569	1	1.63866223920569	1.07356490263759	0.831509601521814	1	1
"Gene281"	"Gene281"	0.435549382441844	54.4627446083581	61.350976501342	1.8699439948244	2.30121108989012	1	1
"Gene282"	"Gene282"	0.276083734162004	1	0.276083734162004	0.799620813539592	1.00166924302885	1	1
"Gene283"	"Gene283"	0.0744273248050606	1	0.0744273248050606	0.730840517448518	1.10028617945682	0.847651446578812	1
"Gene284"	"Gene284"	13.5119844525766	1	13.5119844525766	0.718612837456174	0.702072695734215	1	1
"Gene285"	"Gene285"	0.126997544052041	1	0.126997544052041	3.51354791589403	1.22938668294067	1	1
"Gene286"	"Gene286"	0.354488498334196	1	0.354488498334196	0.878187650895205	1.03173736443064	1	1
"Gene287"	"Gene287"	0.833876414001904	1	0.833876414001904	3.13865084928938	0.805815049994025	1	1
"Gene288"	"Gene288"	5.19785041025893	1	5.19785041025893	0.31626315181723	0.392581173486947	1	0.916973684474592
"Gene289"	"Gene289"	1.19620796271518	1	1.19620796271518	1.00496407337494	1.05032454984799	1	1
"Gene291"	"Gene291"	1.56870334470777	1	1.56870334470777	1.85634420083176	1.2297644684982	1	1
"Gene292"	"Gene292"	3.28176917231868	1	3.28176917231868	1.87945325543924	0.807596250082998	1.10826912625095	1
"Gene293"	"Gene293"	1.45426434572527	1	1.45426434572527	0.633988117327533	0.73897793263827	1	1
"Gene294"	"Gene294"	0.182711637501938	1	0.182711637501938	0.504466293282871	0.691871337823651	1	0.961761185100932
"Gene295"	"Gene295"	0.918426861114291	1	0.918426861114291	0.616510226554357	1.05717087262839	1	1
"Gene297"	"Gene297"	6.18347656510821	1	6.18347656510821	1.40526852897048	2.28270707911089	1.17118237920844	1
"Gene298"	"Gene298"	0.834909783014789	1	0.834909783014789	0.34451203431291	0.688966658069714	1	1
"Gene299"	"Gene299"	2.74799929933666	1	2.74799929933666	0.434192421897401	0.538344604555543	0.900434598775785	1.12461509880684
"Gene300"	"Gene300"	0.461789788342104	1	0.461789788342104	0.472334620669208	0.862538381010872	1	1
"Gene301"	"Gene301"	20.078839735351	1	20.078839735351	0.806494273910221	0.601302703956184	1	1
"Gene302"	"Gene302"	3.13713172915076	1	3.13713172915076	2.63220936539361	0.767066899864241	1	1
"Gene303"	"Gene303"	0.461541032570797	1	0.461541032570797	2.50710451798144	1.24203247126432	0.774146895433324	1
"Gene304"	"Gene304"	0.42291175649601	1	0.42291175649601	0.276086483405777	0.393167785463632	1	1
"Gene305"	"Gene305"	1.1966205485915	1	1.1966205485915	1.80076301577651	1.67987539452461	1	1
"Gene306"	"Gene306"	1.0971608009626	1	1.0971608009626	0.806379980789306	0.785359255108896	1	1
"Gene307"	"Gene307"	1.60289876079241	68.4742546733308	77.1346067778913	1.58320160706782	0.62095038099516	1	1
"Gene308"	"Gene308"	3.64339092665638	1	3.64339092665638	1.92024899590205	1.53031342054931	1	0.965129326865772
"Gene309"	"Gene309"	0.922467324932138	1	0.922467324932138	1.51401618613149	0.690112819457301	1.27482965651078	1
"Gene310"	"Gene310"	0.623304267878565	1	0.623304267878565	0.682565109899588	0.249637208362438	1.03590679817668	1
"Gene312"	"Gene312"	4.13620363531189	1	4.13620363531189	1.01369468220298	1.96396922752978	1	1
"Gene313"	"Gene313"	7.59010057101859	1	7.59010057101859	0.823159030858626	0.745808738273365	1	1
"Gene314"	"Gene314"	0.261959291412915	1	0.261959291412915	0.491380599312919	1.94196600574744	1	1
"Gene316"	"Gene316"	0.26151829885242	1	0.26151829885242	0.878824307196534	1.04990372273087	1	1
"Gene317"	"Gene317"	0.33714814128322	1	0.33714814128322	0.916441070775969	1.55811740520683	1	1
"Gene318"	"Gene318"	2.09837725491499	1	2.09837725491499	0.654600342941425	2.77283609082034	1	1
"Gene319"	"Gene319"	3.27009253354243	1	3.27009253354243	1.16604165827122	2.27359860798671	1	1
"Gene320"	"Gene320"	0.734085682286831	1	0.734085682286831	0.96343112427741	1.09431143105354	1	1
"Gene321"	"Gene321"	0.16602427244259	1	0.16602427244259	0.803422529610366	1.21330359689362	1	1
"Gene322"	"Gene322"	0.738729206087699	1	0.738729206087699	0.48013641998799	0.564066631833715	1	0.897425367903269
"Gene324"	"Gene324"	0.646652435620494	1	0.646652435620494	0.934870612472339	0.893267617038916	1	1
"Gene325"	"Gene325"	0.437310567044323	1	0.437310567044323	0.285592061163293	0.501123774727867	1	1
"Gene326"	"Gene326"	1.6452362688122	38.3532773330428	43.2040477087498	1.69967520390837	1.47267829463638	1	0.834697988150997
"Gene327"	"Gene327"	0.573270820455757	1	0.573270820455757	2.3550394522941	0.716803542762694	1	1
"Gene328"	"Gene328"	0.644416973299954	62.6909961702666	70.61990468063	1.04404689944627	1.28048698453555	1	1
"Gene330"	"Gene330"	0.890683656937978	1	0.890683656937978	2.13098604621492	2.65744598816286	1	1
"Gene331"	"Gene331"	0.727997323811444	1	0.727997323811444	1.27795572158863	1.0027842995313	1	1
"Gene332"	"Gene332"	3.72924004654448	1	3.72924004654448	1.56908007092551	1.08587322890348	1	1
"Gene333"	"Gene333"	2.82923153537308	1	2.82923153537308	0.558814002129985	0.639488710353985	1	1
"Gene334"	"Gene334"	0.262263225866644	1	0.262263225866644	0.9806852799291	1.47260221807965	1.00835232297943	1.02334900226781
"Gene335"	"Gene335"	7.02099176840373	1	7.02099176840373	1.43388828791344	0.767557751231438	1	1
"Gene336"	"Gene336"	0.596357879782344	1	0.596357879782344	0.407658188327967	0.466256984240884	1.19122424620519	1
"Gene338"	"Gene338"	2.52693363643338	1	2.52693363643338	0.484271028904682	0.932294906719938	1	1
"Gene339"	"Gene339"	6.82345376184259	1	6.82345376184259	1.37411750954674	0.967670587813197	1	1
"Gene340"	"Gene340"	1.78807237438974	1	1.78807237438974	1.17519451991664	0.803981693587782	1	1
"Gene341"	"Gene341"	4.79417865153972	1	4.79417865153972	1.48644190831431	1.09467173905295	1	1
"Gene342"	"Gene342"	4.2171966976195	1	4.2171966976195	0.646556150461455	0.936463272182667	1	1
"Gene343"	"Gene343"	0.33453151456485	1	0.33453151456485	0.301377796862374	0.41855200334548	1	1
"Gene344"	"Gene344"	7.96491760486199	1	7.96491760486199	0.457254239688879	0.908002276828819	1	1
"Gene345"	"Gene345"	5.7497771016023	1	5.7497771016023	1.40467403797279	0.967309663336515	1	1
"Gene346"	"Gene346"	0.285202294674351	1	0.285202294674351	0.801175813742774	1.39335695166608	1	1
"Gene347"	"Gene347"	3.41154069556167	1	3.41154069556167	0.810940547320127	0.674142287853102	1	1
"Gene349"	"Gene349"	0.594759747499528	1	0.594759747499528	0.796561698255301	0.751664117122818	1	1
"Gene350"	"Gene350"	1.62999516060619	1	1.62999516060619	1.53374227904971	1.21313698793156	1	1
"Gene351"	"Gene351"	0.108880857319586	128.656924783197	144.928942268133	0.783275804189632	1.13594105195165	1	1
"Gene353"	"Gene353"	1.40625769349682	1	1.40625769349682	1.31887371277512	1.70193624768213	1.1335398388085	1
"Gene354"	"Gene354"	0.410427683651718	1	0.410427683651718	1.01600410034824	2.27496183627534	1	1
"Gene355"	"Gene355"	0.233922140715151	1	0.233922140715151	1.3632603997797	0.552056325408932	1.0427980308547	1
"Gene356"	"Gene356"	0.533456195128461	47.2362345734958	53.210486143691	0.535909229504769	2.08666609796811	1	0.974130321013778
"Gene357"	"Gene357"	0.464775303231923	1	0.464775303231923	2.58493086349212	0.838354842323327	1	1
"Gene358"	"Gene358"	0.370050211730553	1	0.370050211730553	0.890021840513193	0.595410289476307	1	1
"Gene359"	"Gene359"	4.00895064569806	1	4.00895064569806	2.38262179306887	1.06530282405658	1	1
"Gene360"	"Gene360"	1.10653504709671	1	1.10653504709671	1.92657106799005	1.86061846816818	1.17509157675284	1
"Gene361"	"Gene361"	0.957728395771948	47.2238323174059	53.1965152994486	0.993167966265978	1.94770667994246	1	1
"Gene362"	"Gene362"	1.13560125948487	1	1.13560125948487	1.6470788569483	0.500616188220412	1	1
"Gene364"	"Gene364"	0.760052585388614	1	0.760052585388614	2.45696143398342	1.87741144155919	1	1
"Gene365"	"Gene365"	0.267577839437693	1	0.267577839437693	0.587085112604854	1.39825904216702	1	1
"Gene366"	"Gene366"	0.118888285484929	1	0.118888285484929	0.845842827036611	0.712761747583734	1	1
"Gene367"	"Gene367"	1.36362362142003	1	1.36362362142003	1.32094048799201	0.36281827202825	1	1
"Gene368"	"Gene368"	0.162708646615918	1	0.162708646615918	0.466948612814558	1.22244457482773	1	1
"Gene369"	"Gene369"	0.880330014991885	1	0.880330014991885	0.934806635219517	0.553338613244038	1	1
"Gene370"	"Gene370"	2.46832370229007	1	2.46832370229007	0.388344731700119	1.27701807395416	1	1
"Gene371"	"Gene371"	0.816228824198045	1	0.816228824198045	0.525433310442948	0.793127882005625	0.858992815306802	1
"Gene373"	"Gene373"	1.33026811495892	1	1.33026811495892	1.09759631551164	0.60533548386934	1	1.12508187835486
"Gene374"	"Gene374"	1.14060521960534	65.1714027291508	73.4140232217019	0.719936403827256	1.2758991886789	1	1
"Gene375"	"Gene375"	1.59534607029847	1	1.59534607029847	0.922078557973176	0.923999421268409	1.22413291160938	1
"Gene376"	"Gene376"	4.35230629766704	1	4.35230629766704	1.72023903091133	1.00558023281502	1	1
"Gene378"	"Gene378"	6.16237224478658	1	6.16237224478658	0.609715426771208	0.542208815459829	1	1
"Gene379"	"Gene379"	1.28270249043172	1	1.28270249043172	0.806247899197129	2.67221412649836	1	1
"Gene380"	"Gene380"	3.22069949860076	1	3.22069949860076	0.913008671179697	1.93217816434142	1	1
"Gene381"	"Gene381"	2.85290550717882	1	2.85290550717882	0.415049359424024	1.92979634887458	1	1
"Gene382"	"Gene382"	4.03604803130236	1	4.03604803130236	0.455363287067594	0.787896928976947	1	1
"Gene383"	"Gene383"	2.05895833001087	1	2.05895833001087	0.874384632993414	0.592651640899529	1	1
"Gene384"	"Gene384"	7.0683044704708	1	7.0683044704708	1.60963431482138	0.888912757354106	1	1
"Gene385"	"Gene385"	1.28231802928385	1	1.28231802928385	0.990668936849859	3.60700867774944	1	1
"Gene386"	"Gene386"	0.808560806503487	1	0.808560806503487	2.04844857526977	1.1502667036306	1	0.826402025507088
"Gene387"	"Gene387"	2.50890284951874	1	2.50890284951874	0.471785396675805	1.5148019211193	1	1.06604510091359
"Gene388"	"Gene388"	6.46276425269658	1	6.46276425269658	1.275227327696	0.492151113305676	1	1
"Gene389"	"Gene389"	8.37620656420827	1	8.37620656420827	0.241148991631685	0.640409997757326	1	0.957432331804179
"Gene391"	"Gene391"	3.00864477889554	1	3.00864477889554	0.402327761277178	1.01721971794516	1	1
"Gene392"	"Gene392"	0.590610146144841	1	0.590610146144841	2.05627988553543	1.2518735729797	1.30367613147458	1
"Gene393"	"Gene393"	1.33747184667998	1	1.33747184667998	0.463788560206699	0.794402956188473	1	1
"Gene394"	"Gene394"	0.291303838811238	1	0.291303838811238	1.26322940582407	0.553655305887907	1	1.04686649699305
"Gene395"	"Gene395"	0.313323407231192	1	0.313323407231192	0.753220997073577	0.624350228853683	1	1
"Gene396"	"Gene396"	0.585508019080895	1	0.585508019080895	0.964282794385715	1.69084536694113	1	1
"Gene397"	"Gene397"	1.78668149658998	1	1.78668149658998	1.94808969049127	0.363781416971067	1	1
"Gene398"	"Gene398"	1.25358162258945	1	1.25358162258945	1.49100369315899	1.26469032400904	1	0.734108019815479
"Gene399"	"Gene399"	0.904049346880195	1	0.904049346880195	0.486016489254526	0.652474254532917	1	1
"Gene401"	"Gene401"	1.82413211751406	1	1.82413211751406	0.496626509745724	0.527345049598753	1	1
"Gene402"	"Gene402"	2.53184297438906	1	2.53184297438906	1.39422514151489	0.749061054278245	1	1
"Gene403"	"Gene403"	0.69643991849292	1	0.69643991849292	1.25775078739838	0.904785562250018	1	1
"Gene404"	"Gene404"	0.155816923387435	31.979483339828	36.0241215351044	4.29075358464819	1.17644036853479	1	1
"Gene406"	"Gene406"	2.63259868939159	1	2.63259868939159	0.780143538249961	0.837701175075242	1	1
"Gene407"	"Gene407"	2.62632939538852	1	2.62632939538852	0.312181982160887	0.524857073299465	1	1
"Gene408"	"Gene408"	0.803469298683626	1	0.803469298683626	0.837791262336201	0.634481798062701	0.888294652914357	1
"Gene409"	"Gene409"	2.96870549002927	1	2.96870549002927	2.0182778647676	1.23070714615548	1	1
"Gene412"	"Gene412"	0.377353468094852	1	0.377353468094852	2.10793686435778	2.95600073648477	1	1
"Gene413"	"Gene413"	0.559066260443233	1	0.559066260443233	2.59489040496787	0.858375525177144	1	1
"Gene414"	"Gene414"	2.09478358590857	1	2.09478358590857	0.51083016914706	1.25965009895193	1	1
"Gene415"	"Gene415"	2.31098280525062	1	2.31098280525062	0.534934558534541	1.25075391850872	1	1
"Gene416"	"Gene416"	5.4826280807958	1	5.4826280807958	0.840383632345528	0.447179322312682	1	1
"Gene417"	"Gene417"	4.3498639588277	1	4.3498639588277	0.763108350877861	1.87911024554615	1	1
"Gene418"	"Gene418"	0.16154354720831	1	0.16154354720831	1.21987115716881	0.613104721735648	1	1
"Gene419"	"Gene419"	2.47318619710591	1	2.47318619710591	0.388167656455567	1.65696603352676	1.12739137363765	1
"Gene420"	"Gene420"	0.352240034713801	1	0.352240034713801	0.613787864595132	0.830363869908513	1	1
"Gene421"	"Gene421"	5.09280114374132	1	5.09280114374132	0.761696425213407	1.17618742156676	1	1
"Gene422"	"Gene422"	1.62844043609609	1	1.62844043609609	1.47896093942753	0.578794923749203	0.988239501212953	1
"Gene423"	"Gene423"	0.184916600127499	1	0.184916600127499	2.81113414602296	0.864942248498374	1	1
"Gene424"	"Gene424"	2.70401220888719	114.616224983902	129.112430455456	1.14740205330332	1.59271706611308	1	1
"Gene425"	"Gene425"	3.84708895156869	1	3.84708895156869	0.331072033358515	0.539190386723982	1	1
"Gene426"	"Gene426"	4.20599251550756	1	4.20599251550756	1.32021284927648	0.559301462230302	1	1
"Gene427"	"Gene427"	0.364388141121841	1	0.364388141121841	0.735881080726857	1.22128625093865	1	1
"Gene428"	"Gene428"	0.346290416774447	1	0.346290416774447	1.64513286996907	0.823613476123815	1	1
"Gene429"	"Gene429"	1.17720856380414	1	1.17720856380414	0.757144145284961	1.56054226087474	1	1
"Gene430"	"Gene430"	1.4684480017648	1	1.4684480017648	1.60910909160927	0.713160558308334	1	1
"Gene432"	"Gene432"	4.59860414286313	1	4.59860414286313	1.58522269040897	0.805534671622068	1	1
"Gene433"	"Gene433"	0.0314609645419157	42.6661835841885	48.0624332339245	0.906049431757143	2.75421342337978	1	1
"Gene434"	"Gene434"	4.19985490810075	44.9722906180306	50.6602075374456	0.705944785870086	0.820696614017765	1	1
"Gene435"	"Gene435"	0.0971253462930175	1	0.0971253462930175	0.762102922170076	1.02963068280058	1	1
"Gene437"	"Gene437"	2.37437059932237	1	2.37437059932237	0.720893412172136	0.619637930213136	1	1
"Gene438"	"Gene438"	3.74001172896442	1	3.74001172896442	3.26533211878039	0.713799833424395	1	1
"Gene439"	"Gene439"	1.59453721158482	1	1.59453721158482	1.81485639787194	0.432086587880168	1	1
"Gene440"	"Gene440"	2.15337215985384	1	2.15337215985384	2.15225824876771	0.50145621864864	1	1
"Gene442"	"Gene442"	1.03187385539229	1	1.03187385539229	2.26513325201378	0.839889628209793	1	1
"Gene444"	"Gene444"	1.90453143407692	1	1.90453143407692	0.887919185591042	1.90337805548806	1	1
"Gene445"	"Gene445"	4.4742754154577	1	4.4742754154577	1.3313097348492	3.59482527505515	1	1
"Gene446"	"Gene446"	2.81828287159675	1	2.81828287159675	0.46661774656491	0.95141432207208	1	1.1138582151787
"Gene447"	"Gene447"	3.19063415717271	1	3.19063415717271	1.49250982308818	1.17262624134268	1	1
"Gene449"	"Gene449"	0.41781083624302	1	0.41781083624302	1.14329400538939	0.449534517739953	1	1
"Gene450"	"Gene450"	3.45546022463029	1	3.45546022463029	1.53990002938396	1.4134225557631	1	1
"Gene451"	"Gene451"	0.587709431478342	1	0.587709431478342	1.61085937407568	0.966484570017362	1	1
"Gene452"	"Gene452"	0.209858295710414	1	0.209858295710414	1.96065660397439	1.67657571543693	1	1
"Gene453"	"Gene453"	0.141708284715158	1	0.141708284715158	0.525614911148789	1.55635253753891	1	1.03748778163541
"Gene454"	"Gene454"	2.55953215796932	1	2.55953215796932	0.384094317378201	0.995337631935693	1	1
"Gene455"	"Gene455"	7.68633063822709	1	7.68633063822709	0.541956110953497	0.776801792317988	1	1
"Gene456"	"Gene456"	1.47543372690735	1	1.47543372690735	0.393726009483867	1.0830682562232	1	1
"Gene457"	"Gene457"	1.40253631929375	1	1.40253631929375	3.93337641753979	0.514976553534764	1	1
"Gene458"	"Gene458"	0.246135243705423	1	0.246135243705423	0.832131620933983	1.67105728550368	1	1
"Gene459"	"Gene459"	1.05669944873366	1	1.05669944873366	0.542822917538441	1.1510572732108	1	1
"Gene460"	"Gene460"	3.93649716027289	1	3.93649716027289	0.960930404390221	1.9200976260073	1.13786180615807	1
"Gene461"	"Gene461"	0.0184077893121843	28.9044265896371	32.5601438054125	0.795630226517839	0.82824935802461	1	1
"Gene462"	"Gene462"	0.10428621454807	1	0.10428621454807	4.08852920727284	1.01120206318836	1	1
"Gene463"	"Gene463"	1.20952633017719	1	1.20952633017719	0.555931018668149	0.643696622102748	1	1
"Gene464"	"Gene464"	0.174514728582015	1	0.174514728582015	0.677545078069623	2.37757185536942	1	1
"Gene465"	"Gene465"	0.632091713815344	1	0.632091713815344	0.459458259715067	1.73600191706144	1	1
"Gene466"	"Gene466"	5.04938544652163	1	5.04938544652163	1.06152487714965	0.331151004056255	1	1
"Gene467"	"Gene467"	0.724375200383252	1	0.724375200383252	3.21405808399216	0.788210671541839	1	1
"Gene468"	"Gene468"	0.469555733936782	1	0.469555733936782	1.42153694418443	1.02539632358484	1	1
"Gene469"	"Gene469"	1.20140937894852	1	1.20140937894852	0.507927663601198	1.4135576029806	1	1
"Gene470"	"Gene470"	8.29035250019667	1	8.29035250019667	0.57007093395194	1.10924474929478	0.904529615920247	1
"Gene472"	"Gene472"	4.79027264571949	1	4.79027264571949	2.24241274919356	0.946390265290079	1	1
"Gene473"	"Gene473"	3.66140304673997	1	3.66140304673997	1.04810086361354	0.699174366894844	1	1
"Gene474"	"Gene474"	0.198130849674257	1	0.198130849674257	0.737884018654958	0.907379545525906	1	1
"Gene475"	"Gene475"	1.42809607007402	1	1.42809607007402	0.883976928454669	2.64820844312057	1	1
"Gene476"	"Gene476"	0.0992938648096201	1	0.0992938648096201	2.06906361693348	0.532717442219671	1	1
"Gene477"	"Gene477"	3.09958650632663	1	3.09958650632663	0.517754364017212	0.836151762076732	1	1
"Gene478"	"Gene478"	0.36302993191269	70.080893100227	78.9444464597412	0.523211903663633	0.621868275388405	1	1
"Gene480"	"Gene480"	3.69363561604937	1	3.69363561604937	0.751184161450406	1.41266296420798	1	1
"Gene481"	"Gene481"	4.80663998692311	1	4.80663998692311	0.462308301116197	0.339836644135397	1	1
"Gene482"	"Gene482"	0.837925111646114	1	0.837925111646114	2.10387599443015	0.827248720808649	1	0.91497486474486
"Gene483"	"Gene483"	0.456498403805001	1	0.456498403805001	1.67989826632114	0.683469208805299	1	1
"Gene484"	"Gene484"	0.875022067343292	1	0.875022067343292	2.44192299637335	1.52920216557417	1	0.966014857087257
"Gene485"	"Gene485"	2.25460223421159	1	2.25460223421159	0.673370209982703	0.841933499450487	1	1
"Gene487"	"Gene487"	0.645300508126142	1	0.645300508126142	0.498300947537821	1.35858713794569	1	1
"Gene488"	"Gene488"	3.37036336046907	1	3.37036336046907	0.640934930278952	0.841529451029469	1	1
"Gene489"	"Gene489"	4.31495547078926	1	4.31495547078926	1.07371417160855	1.16317592697796	1	1
"Gene491"	"Gene491"	0.77491055837437	1	0.77491055837437	0.85967743756168	0.787988435527589	1	1
"Gene493"	"Gene493"	19.7911855575255	1	19.7911855575255	1.92687727279274	0.687930900039642	1.05690862575465	1
"Gene494"	"Gene494"	6.04268376833433	1	6.04268376833433	1.34831133973171	0.552635787470382	1	1
"Gene495"	"Gene495"	0.465950457185778	1	0.465950457185778	0.939142827978482	0.927157985238321	1	1
"Gene496"	"Gene496"	0.334253730745475	1	0.334253730745475	1.52438115063554	0.479820349161588	1	1
"Gene497"	"Gene497"	0.434266346564287	1	0.434266346564287	1.59082798582153	1.19879502125231	1	1
"Gene498"	"Gene498"	0.613749995886633	1	0.613749995886633	0.776524401420611	1.80278354515165	1	1
"Gene499"	"Gene499"	1.1820717104712	1	1.1820717104712	0.257108900385929	0.727864570139763	1	1
"Gene500"	"Gene500"	8.4959176291807	1	8.4959176291807	1.0574829468105	1.16270025127952	1	1
"Gene501"	"Gene501"	3.38403795038849	1	3.38403795038849	1.22075758254386	0.478471558908681	1	1.01550525836341
"Gene502"	"Gene502"	0.851956045367006	1	0.851956045367006	0.882995063185249	0.49440190170086	1	1
"Gene503"	"Gene503"	3.17776635376755	1	3.17776635376755	1.40382202935683	1.61347070589639	1	1
"Gene504"	"Gene504"	1.45742043007558	1	1.45742043007558	0.696131592137577	2.81259275840627	1	1
"Gene505"	"Gene505"	0.229043949034968	1	0.229043949034968	0.614040387756771	0.737549867616649	1.3065686228698	1
"Gene506"	"Gene506"	4.35731951683598	1	4.35731951683598	1.69613085641799	0.366426789335972	1	1
"Gene507"	"Gene507"	3.0065583208016	1	3.0065583208016	0.461900249854186	1.60419113303471	1	1
"Gene508"	"Gene508"	0.913396933246476	1	0.913396933246476	1.15792570148155	1.50916884184297	1.18652221404659	1
"Gene509"	"Gene509"	6.34048646814114	1	6.34048646814114	1.22376330468229	1.2622867927721	1	1
"Gene510"	"Gene510"	6.97125023671307	48.4362499599487	54.5622747159515	2.08057824417185	0.961813030649741	1.01490526179942	1
"Gene512"	"Gene512"	2.12730578131653	1	2.12730578131653	0.471851593302326	1.02447522550844	1	1
"Gene513"	"Gene513"	1.49426216869579	1	1.49426216869579	0.418013116064706	0.532430723182079	1	1
"Gene514"	"Gene514"	1.15409464533504	1	1.15409464533504	0.964318699167115	2.23228819689371	1	1
"Gene515"	"Gene515"	0.157710489630085	1	0.157710489630085	1.52592880784732	0.568909432445053	1	1
"Gene516"	"Gene516"	1.41053744537427	1	1.41053744537427	1.12820299101773	1.38691366400382	1	1
"Gene517"	"Gene517"	4.94566512251768	1	4.94566512251768	0.469310380444873	1.08914373632001	1	1
"Gene519"	"Gene519"	0.4936644777934	1	0.4936644777934	1.52431728593452	0.676383822982453	1	1
"Gene520"	"Gene520"	0.995376996332632	1	0.995376996332632	1.27822245533785	0.498064332704268	1	1
"Gene521"	"Gene521"	9.19124443101277	1	9.19124443101277	2.42751776199192	0.943440242255953	0.987874124213232	1
"Gene522"	"Gene522"	3.98913245886529	1	3.98913245886529	0.888119006468199	1.94244714282835	1	1
"Gene523"	"Gene523"	0.254805503513918	1	0.254805503513918	1.43574178301539	0.611544372683596	1	1
"Gene524"	"Gene524"	2.83284790483122	1	2.83284790483122	0.500266970917997	0.359843860120296	1	1
"Gene525"	"Gene525"	0.66221556293526	1	0.66221556293526	0.72812119856667	0.658300333595402	1	1
"Gene526"	"Gene526"	0.192712163023739	1	0.192712163023739	1.4974195906477	0.600048457992002	1	1
"Gene527"	"Gene527"	1.68401739094921	1	1.68401739094921	0.482104679088913	1.69140732673129	1	1
"Gene528"	"Gene528"	0.298468464016684	1	0.298468464016684	1.62795613540776	0.546192112197904	1	1
"Gene529"	"Gene529"	1.19282048564618	105.905771119606	119.300312939395	0.7621974586958	3.51064851239783	0.8742093130014	1
"Gene530"	"Gene530"	0.673678351914166	1	0.673678351914166	0.617928624217466	0.846307031919263	1	1
"Gene531"	"Gene531"	6.94306760072917	1	6.94306760072917	3.05277286246621	2.09613979052042	1.1732038596701	1
"Gene532"	"Gene532"	0.977359100972258	1	0.977359100972258	0.487113671418164	2.30390565407146	1	1.11494330900541
"Gene534"	"Gene534"	3.78634017561131	1	3.78634017561131	2.45975227618277	0.685061726115202	1	1
"Gene535"	"Gene535"	2.96993829832583	1	2.96993829832583	0.584696879310426	2.66413809495823	1	1
"Gene536"	"Gene536"	1.21697873878251	1	1.21697873878251	1.2608470004469	1.45992774939309	1	0.851634879632389
"Gene538"	"Gene538"	0.250573978989523	1	0.250573978989523	1.58948540430179	1.45488212751516	1	1
"Gene539"	"Gene539"	0.475679516337118	1	0.475679516337118	0.567222813812498	0.993827475294888	1	1
"Gene540"	"Gene540"	18.4796715893396	1	18.4796715893396	0.301900828105024	0.499985233078144	1.06229084878357	1
"Gene541"	"Gene541"	2.49338444332307	1	2.49338444332307	1.45693792759949	1.43639581643891	1	1
"Gene542"	"Gene542"	6.64061970706524	1	6.64061970706524	0.902520897903566	0.605916405501417	1	1
"Gene544"	"Gene544"	0.766052605741346	1	0.766052605741346	1.05639969990617	1.28482630225787	1	1
"Gene546"	"Gene546"	4.77072889500744	1	4.77072889500744	1.70813651219293	0.62217321287956	1	1
"Gene547"	"Gene547"	1.60527587167685	1	1.60527587167685	1.55688518742863	1.02801043013055	1	1.12816627729676
"Gene548"	"Gene548"	3.58616621222677	1	3.58616621222677	1.41241469286914	2.48969207410257	1	1
"Gene549"	"Gene549"	3.36087411846991	1	3.36087411846991	1.64138767885961	0.735763058716477	1	1
"Gene550"	"Gene550"	1.78269570338894	1	1.78269570338894	0.994023810579452	0.501108991624136	1	1
"Gene551"	"Gene551"	0.291079452956643	1	0.291079452956643	0.48406458467002	2.09436389724298	1	1
"Gene552"	"Gene552"	1.57576129312478	1	1.57576129312478	2.5021850078008	0.95939787536471	1	1
"Gene553"	"Gene553"	2.29237406709946	1	2.29237406709946	3.46016271646617	1.31744036387198	1	1
"Gene554"	"Gene554"	0.165683987240866	1	0.165683987240866	0.72613498620364	1.71533647625426	1	1
"Gene555"	"Gene555"	4.86626255887535	1	4.86626255887535	0.952723661592093	1.19613922150916	1	1.10660617219821
"Gene556"	"Gene556"	0.77486725908887	1	0.77486725908887	1.3176575202128	0.604499964158411	1	1
"Gene557"	"Gene557"	3.95009450329484	1	3.95009450329484	0.771910723803472	0.498021339991623	1	1
"Gene558"	"Gene558"	0.500654223068275	1	0.500654223068275	0.966675256181344	0.464463191118223	1	1
"Gene559"	"Gene559"	0.645787545568592	1	0.645787545568592	1.22411149015476	2.35422210688918	1	1
"Gene560"	"Gene560"	1.85283538144666	1	1.85283538144666	0.60512748829299	2.61039709273081	1	1.0938690422712
"Gene561"	"Gene561"	1.86096571130555	1	1.86096571130555	2.1755962842501	2.76236233640272	1	1
"Gene563"	"Gene563"	8.19230601003894	1	8.19230601003894	0.684283432797434	0.959485895224787	1	1
"Gene564"	"Gene564"	5.13807084569573	1	5.13807084569573	1.10971632777771	0.850600052675385	1	1
"Gene565"	"Gene565"	1.54823210839177	1	1.54823210839177	0.595238246213899	0.929982504809183	1	1
"Gene566"	"Gene566"	0.180609204369526	46.0786878627691	51.906537516796	0.858996179681186	1.96134044981625	1	1
"Gene567"	"Gene567"	3.25082335871876	1	3.25082335871876	0.669240790157428	0.836449185258544	1	1
"Gene568"	"Gene568"	2.09723533799531	1	2.09723533799531	0.781111406679637	1.4666768117537	1	1
"Gene569"	"Gene569"	1.09829010496648	1	1.09829010496648	0.642307534354458	1.09497298449408	1.11259689780957	1
"Gene570"	"Gene570"	2.69963812339581	1	2.69963812339581	1.68915655308153	0.918740404394695	1	1
"Gene571"	"Gene571"	0.259019673473752	1	0.259019673473752	0.512716213566957	0.401339226486187	1	1
"Gene572"	"Gene572"	8.72344823354496	1	8.72344823354496	3.0644648094279	0.52203427644982	1.04823722154898	1
"Gene573"	"Gene573"	0.590656328096536	1	0.590656328096536	0.957522277552196	2.24084457584433	1	1
"Gene574"	"Gene574"	0.793205956476785	1	0.793205956476785	0.716260108713768	1.62567472366942	1	1
"Gene575"	"Gene575"	2.60238021072898	1	2.60238021072898	1.47085118302253	0.463189245864924	1	1
"Gene576"	"Gene576"	6.23139083280054	1	6.23139083280054	2.99214491046509	0.897704543624943	1.19665685255266	1
"Gene577"	"Gene577"	1.68865135133072	1	1.68865135133072	0.945750995185576	1.42309692764284	1	1
"Gene578"	"Gene578"	1.60026276102243	1	1.60026276102243	1.36041350838629	2.14917223209009	1	1
"Gene579"	"Gene579"	0.610877860841186	1	0.610877860841186	2.33033415565814	0.79768160571678	1	1
"Gene580"	"Gene580"	0.0855793282021704	1	0.0855793282021704	2.52567988470501	0.524686942008802	1	1
"Gene581"	"Gene581"	7.45843787610875	1	7.45843787610875	2.85906096151523	0.86716436889753	1	1
"Gene582"	"Gene582"	0.349482091034604	1	0.349482091034604	1.30540498125798	1.11354060277658	1	1
"Gene583"	"Gene583"	1.66771681315088	1	1.66771681315088	4.59076744757611	0.579953104943067	1	1
"Gene584"	"Gene584"	2.20862056502948	1	2.20862056502948	1.47069362764317	0.587015776079303	1	1
"Gene585"	"Gene585"	1.19394765528302	1	1.19394765528302	0.589675753933669	1.84532110700548	1	1
"Gene586"	"Gene586"	0.738608980137324	1	0.738608980137324	2.20767946220898	1.05223151238935	0.882415145888604	1
"Gene587"	"Gene587"	2.93231527696474	1	2.93231527696474	0.871130558342863	0.676965362733809	1	1
"Gene588"	"Gene588"	4.26015627619949	1	4.26015627619949	1.3382263176603	1.24621161316324	1	1
"Gene589"	"Gene589"	1.49999342319534	1	1.49999342319534	0.50895119902364	0.334103213984645	1	1
"Gene590"	"Gene590"	3.35088019721425	1	3.35088019721425	1.69771066120791	0.864280150950208	1	1
"Gene591"	"Gene591"	0.232321324358087	1	0.232321324358087	1.22330536509824	2.17210754044498	1	1
"Gene592"	"Gene592"	1.8290191358194	1	1.8290191358194	1.68857410468382	1.08429628339827	0.944724667412684	1
"Gene593"	"Gene593"	1.04842639154763	1	1.04842639154763	0.698742102708295	1.57436869810709	1.04147394803839	1
"Gene594"	"Gene594"	0.428192814559198	1	0.428192814559198	0.705844509681248	1.67621156342579	1	1
"Gene595"	"Gene595"	4.04991402318682	1	4.04991402318682	1.85992633051664	0.739255803885039	1	1
"Gene596"	"Gene596"	0.741758932520318	1	0.741758932520318	0.389238944465223	0.328206553517409	1	1
"Gene597"	"Gene597"	1.01391619430534	1	1.01391619430534	0.837584405594568	0.369634414370733	1	1
"Gene598"	"Gene598"	4.24976076474643	1	4.24976076474643	0.676118232161349	0.926943700354157	1.15015014173749	1
"Gene599"	"Gene599"	0.343414291662288	1	0.343414291662288	2.2181821753176	0.491328393467412	1	1
"Gene600"	"Gene600"	16.3332152170481	1	16.3332152170481	2.14421104656253	3.71285799271093	1	1
"Gene601"	"Gene601"	1.42616588607976	1	1.42616588607976	0.354215323125986	0.400765110459386	1	1
"Gene602"	"Gene602"	0.0969764782265099	1	0.0969764782265099	1.06028033295589	1.64625615195524	1	1
"Gene603"	"Gene603"	2.43026467612314	1	2.43026467612314	1.22928355551036	1.20048297724925	1.11304631999818	1
"Gene604"	"Gene604"	5.51997418073059	1	5.51997418073059	1.29667178322932	0.876993941154542	1	1
"Gene605"	"Gene605"	0.370962193583354	1	0.370962193583354	0.797268056690251	1.22986597240508	1	1
"Gene606"	"Gene606"	3.02973170302807	1	3.02973170302807	1.93692784641831	1.09938128678886	1	1
"Gene607"	"Gene607"	0.814594491957741	1	0.814594491957741	1.00436107108883	1.63322122196957	1	1
"Gene608"	"Gene608"	0.0583282290923558	79.9917708082284	90.1088126653686	0.328589338014151	1.02576815282522	1.04730230818546	1
"Gene610"	"Gene610"	0.235438541431308	1	0.235438541431308	2.073057053549	2.55747209311634	1	0.877509201239358
"Gene611"	"Gene611"	3.88186117501032	1	3.88186117501032	1.76795624218444	1.71125622104688	1	1
"Gene612"	"Gene612"	5.42235899103581	1	5.42235899103581	1.7981331961592	0.684759413821365	1	1
"Gene613"	"Gene613"	0.598560364451049	1	0.598560364451049	1.12036090678538	3.09232817768872	1	1
"Gene614"	"Gene614"	0.708285193168157	1	0.708285193168157	1.78826629406736	0.815616908790845	1	1
"Gene615"	"Gene615"	3.04197689539228	1	3.04197689539228	1.99120966365488	1.0381800055553	1	1
"Gene616"	"Gene616"	2.26348097514397	1	2.26348097514397	2.24003634293666	0.986551618964213	1.1466980893136	1
"Gene617"	"Gene617"	12.9391764971024	1	12.9391764971024	0.531020769745825	0.917041935391122	1	1
"Gene618"	"Gene618"	7.80718058295867	1	7.80718058295867	0.666820257480907	0.932071299086272	1	1
"Gene619"	"Gene619"	1.15729448128468	1	1.15729448128468	1.12918523592802	1.59979979504654	1	1
"Gene620"	"Gene620"	0.243105135343243	1	0.243105135343243	0.921888562283638	2.46846866751586	1	1
"Gene621"	"Gene621"	6.19246993426103	1	6.19246993426103	0.83065160280819	0.432639684844102	1	1.27333013846142
"Gene622"	"Gene622"	5.00465438507772	1	5.00465438507772	0.610707783869536	0.900243101984008	1	1
"Gene623"	"Gene623"	3.34943770534337	1	3.34943770534337	2.13367774509146	0.861103724811203	1	1
"Gene624"	"Gene624"	0.560780578927316	1	0.560780578927316	0.229848734330762	0.423274053736814	1	1
"Gene626"	"Gene626"	0.262135656187123	1	0.262135656187123	0.675073700620203	1.1992257660568	1	1
"Gene627"	"Gene627"	1.58945745974829	1	1.58945745974829	0.429461015249228	1.18819366222212	1	1
"Gene628"	"Gene628"	0.836617211416351	1	0.836617211416351	0.480113040743346	1.4393668647345	1	1
"Gene629"	"Gene629"	7.16921716597795	1	7.16921716597795	0.86794642117528	0.823146711446516	1	1
"Gene631"	"Gene631"	4.90127559498168	1	4.90127559498168	1.53521563524458	0.68961310449716	1	1
"Gene633"	"Gene633"	0.725429734859095	1	0.725429734859095	1.04213034073277	0.691751236536409	1.30635582274624	1
"Gene634"	"Gene634"	14.2163695696219	1	14.2163695696219	0.643824900694483	0.403460515772031	1	1
"Gene635"	"Gene635"	0.719207917708146	1	0.719207917708146	1.78248551606332	0.924502920621311	1	1
"Gene636"	"Gene636"	1.2495797475389	1	1.2495797475389	1.13929829742219	0.840687867355442	1	1
"Gene637"	"Gene637"	1.81947115373341	1	1.81947115373341	0.654162271623614	0.453372628271421	1	1
"Gene638"	"Gene638"	0.0567321861170235	37.9122297645958	42.7072181934115	1.68979395651743	1.27285320988178	0.880610742171573	1
"Gene639"	"Gene639"	5.25779550404171	1	5.25779550404171	0.950477433843456	0.810792967919957	1	1
"Gene640"	"Gene640"	0.113177899705818	1	0.113177899705818	0.776436739955103	1.03724914125163	1	1
"Gene641"	"Gene641"	10.7098229102866	1	10.7098229102866	3.45270367262701	0.565430676967772	0.859452288213445	1
"Gene642"	"Gene642"	1.04717154320699	1	1.04717154320699	1.27487777997224	3.18560168778267	1	1
"Gene643"	"Gene643"	4.98984858618316	1	4.98984858618316	1.47882476637702	1.0524104607133	1	1
"Gene645"	"Gene645"	0.45137136555509	1	0.45137136555509	0.909952092465986	0.766142099576513	1	1
"Gene646"	"Gene646"	5.00503208389658	1	5.00503208389658	2.37932477558954	1.66758730322202	1	1
"Gene647"	"Gene647"	11.4468300365187	1	11.4468300365187	1.67783342454021	1.25257800776046	1	1
"Gene648"	"Gene648"	1.73908926741793	1	1.73908926741793	1.48059527957845	0.864788669930415	1	1
"Gene649"	"Gene649"	1.24383725508296	1	1.24383725508296	0.375600468231778	1.16735240369478	1	1
"Gene650"	"Gene650"	0.140200911266707	1	0.140200911266707	0.960640179824833	0.781260358869297	1	1
"Gene652"	"Gene652"	1.7346661235052	1	1.7346661235052	0.989259195706764	1.30247286322053	1	1
"Gene653"	"Gene653"	7.55874859388848	1	7.55874859388848	0.536529343748525	3.20003022144632	1	1
"Gene655"	"Gene655"	0.696176407855353	1	0.696176407855353	0.572548980498241	0.866598998133447	1	1.03612718273534
"Gene656"	"Gene656"	6.32884010971001	1	6.32884010971001	0.397748037436141	0.828574605123796	1	1
"Gene657"	"Gene657"	0.334547344632048	1	0.334547344632048	1.02675910834028	3.37191835803927	1.09971395576975	1
"Gene658"	"Gene658"	2.33193962658646	1	2.33193962658646	0.893036198306907	0.993455496918174	1	1
"Gene659"	"Gene659"	0.969094765109297	1	0.969094765109297	0.560983866421507	0.440317240924875	1	1
"Gene660"	"Gene660"	3.70240628733106	1	3.70240628733106	1.04592641460525	0.643773925584237	1	1
"Gene661"	"Gene661"	0.331857484312022	1	0.331857484312022	0.618918933946709	0.917139465051768	1	1
"Gene662"	"Gene662"	2.09015027527573	1	2.09015027527573	1.62470162950204	1.37558583882555	1	1
"Gene663"	"Gene663"	1.43410648993035	1	1.43410648993035	0.982411393659595	0.72137678161211	1	1
"Gene664"	"Gene664"	1.23633348343147	1	1.23633348343147	0.452198195394665	0.504751366982379	1	1
"Gene665"	"Gene665"	3.10852788190849	1	3.10852788190849	2.53019324446043	0.718267771382443	1	1
"Gene666"	"Gene666"	5.23712632753113	1	5.23712632753113	1.74829416423591	0.923853264442168	1.08347665751333	1.04482136518652
"Gene667"	"Gene667"	3.55467330748903	1	3.55467330748903	1.45089619055046	0.612988529034566	1	1
"Gene668"	"Gene668"	1.00752789245359	1	1.00752789245359	0.838096878896933	0.567233054702773	1	1
"Gene669"	"Gene669"	1.17055950301136	1	1.17055950301136	0.601967524598145	2.3832414097594	1	1
"Gene670"	"Gene670"	1.52649741764577	1	1.52649741764577	1.87800147241517	0.643504858665541	1.05284082257538	1
"Gene672"	"Gene672"	2.14953257186662	1	2.14953257186662	1.46114092583672	2.19594010753734	1	1
"Gene674"	"Gene674"	2.03420388582234	1	2.03420388582234	0.797289374309969	0.793420450181523	1	1
"Gene675"	"Gene675"	1.31745125881016	1	1.31745125881016	0.352874711933788	1.45054645152768	1	1
"Gene676"	"Gene676"	1.21947836079127	1	1.21947836079127	0.288786942633192	0.599074988752835	1	1
"Gene677"	"Gene677"	0.791690950174389	1	0.791690950174389	1.80891136745997	1.18934776176407	1.12833996957762	1
"Gene678"	"Gene678"	3.11852257327605	1	3.11852257327605	0.622758451014551	1.82255717123634	1	0.803272899709334
"Gene679"	"Gene679"	1.83670588599626	1	1.83670588599626	0.457937293159255	1.54430485676214	1	1
"Gene680"	"Gene680"	1.6853921699144	1	1.6853921699144	1.16675977024555	0.888795545113787	1	1
"Gene681"	"Gene681"	0.208713222062489	1	0.208713222062489	0.754468567149959	1.46330821821138	1	1
"Gene682"	"Gene682"	0.264982226264586	1	0.264982226264586	1.00787670509974	0.432299332723218	1	1
"Gene683"	"Gene683"	0.998164266752334	1	0.998164266752334	0.716103437122894	1.56557912458333	1	1
"Gene684"	"Gene684"	2.16744709495545	1	2.16744709495545	0.920080949375746	0.867178486042005	1	1
"Gene685"	"Gene685"	2.79761177609248	1	2.79761177609248	0.322193299064466	1.08410908333723	1	1
"Gene686"	"Gene686"	0.267250429462368	1	0.267250429462368	1.81319481557092	3.02282555428632	1	0.872167496437003
"Gene687"	"Gene687"	0.151572220450853	1	0.151572220450853	1.28299653264305	1.98799811354716	1	1
"Gene688"	"Gene688"	3.3362245854331	1	3.3362245854331	0.652405610125411	0.455104214348234	1	1
"Gene689"	"Gene689"	4.31764310198724	49.281892418774	55.5148706784393	0.648782093449269	0.470606874371663	1	1
"Gene691"	"Gene691"	0.0664864622582222	1	0.0664864622582222	1.15982896696092	2.62537459891263	1	1
"Gene692"	"Gene692"	1.88350688551714	1	1.88350688551714	1.07280550784271	0.636731534404378	1	1
"Gene693"	"Gene693"	4.58809169423221	1	4.58809169423221	0.561655618726157	0.78477993751463	1	1
"Gene694"	"Gene694"	0.137100118112888	1	0.137100118112888	4.19537798376656	0.468728844671431	1	1
"Gene695"	"Gene695"	3.27855379596684	1	3.27855379596684	0.553313452416724	1.76269313169457	1	1
"Gene696"	"Gene696"	0.597364239971531	1	0.597364239971531	1.37305921580991	0.583482509750894	1	1
"Gene697"	"Gene697"	2.21813077330508	1	2.21813077330508	1.04209352503893	3.02312464206285	1	1
"Gene698"	"Gene698"	3.83562228042398	1	3.83562228042398	1.35387259864909	0.936324048261837	1	1
"Gene699"	"Gene699"	0.232913603266011	1	0.232913603266011	0.681904927439068	3.0922337369878	1	1
"Gene700"	"Gene700"	0.459771560297857	1	0.459771560297857	0.836408197206773	2.50623343861174	1	1
"Gene701"	"Gene701"	1.4645484142858	1	1.4645484142858	0.969063611013756	1.36825533472863	1	1
"Gene702"	"Gene702"	6.70766076285768	1	6.70766076285768	1.41669971366781	0.5904647883607	1	1.01302634272823
"Gene703"	"Gene703"	0.166479832091645	1	0.166479832091645	2.17238709827736	1.00600501067467	1	1
"Gene704"	"Gene704"	0.215616770540369	1	0.215616770540369	1.11398476660355	1.68064320774127	1	1
"Gene705"	"Gene705"	0.711595281326815	75.9261770782252	85.5290187679609	0.568197260920625	0.823731891400773	1	1
"Gene706"	"Gene706"	1.40106199048648	1	1.40106199048648	0.523468834316511	0.53021754914962	1	1
"Gene707"	"Gene707"	0.189711268946873	1	0.189711268946873	1.03090684960372	0.558921115522175	1	0.932967498655539
"Gene709"	"Gene709"	0.82683192093982	1	0.82683192093982	0.478867832885415	1.90238093235077	1	1
"Gene710"	"Gene710"	2.45686225861996	1	2.45686225861996	0.468126900053663	0.992095002472733	1	1
"Gene711"	"Gene711"	0.742687117525624	1	0.742687117525624	2.54609813073243	0.340122792961752	1.0680975343049	1
"Gene712"	"Gene712"	0.494081734672901	1	0.494081734672901	1.60984591891356	2.15422750567224	1	1
"Gene714"	"Gene714"	2.60732438575806	1	2.60732438575806	1.50094650986208	1.73336678208854	1	1
"Gene716"	"Gene716"	2.74102122805355	1	2.74102122805355	1.97156873568111	0.659276688902135	1	1
"Gene717"	"Gene717"	0.58729796220696	1	0.58729796220696	1.56784953585155	0.520261050774545	1	1
"Gene719"	"Gene719"	0.740266530723725	1	0.740266530723725	0.513423103579234	0.498747504132485	1	1
"Gene720"	"Gene720"	0.182055148570182	1	0.182055148570182	0.904978852064165	2.24056579444454	1	1
"Gene721"	"Gene721"	0.137307759534698	1	0.137307759534698	0.592132609725784	1.25573498078307	1	1
"Gene722"	"Gene722"	1.38409547593063	1	1.38409547593063	2.31111819543001	1.09877819823299	1	1
"Gene723"	"Gene723"	10.9266279461063	1	10.9266279461063	0.527791362716526	0.995103307608698	1	1
"Gene724"	"Gene724"	0.904062168003426	1	0.904062168003426	0.732268615611371	0.319830623545835	1	1
"Gene726"	"Gene726"	3.85393625666436	1	3.85393625666436	0.864913893719687	1.27018839760344	1	1
"Gene727"	"Gene727"	1.73299791356532	21.2672315251707	23.9570266047355	1.70744125901017	0.581901622591958	1	1
"Gene728"	"Gene728"	4.85940146638652	1	4.85940146638652	0.881221271639381	2.72858995898906	1	1
"Gene729"	"Gene729"	1.21464773144052	1	1.21464773144052	0.777653019532574	0.478563626533773	1	1
"Gene730"	"Gene730"	1.36925925898127	1	1.36925925898127	0.83802204523804	0.383322416624273	1.01444624391941	1
"Gene731"	"Gene731"	1.60482386040099	1	1.60482386040099	1.24975447475499	0.712008905951856	1	1
"Gene732"	"Gene732"	6.89550309296127	1	6.89550309296127	1.722529678364	0.384891767126771	1	1
"Gene734"	"Gene734"	2.8844952735715	1	2.8844952735715	1.1322350840914	0.578341904557159	1	1
"Gene735"	"Gene735"	1.78522093768185	1	1.78522093768185	0.38918325122624	1.35437888213778	1	1
"Gene736"	"Gene736"	8.3618536675746	1	8.3618536675746	0.919949230093407	2.31188459400477	1	1
"Gene737"	"Gene737"	0.574465531644173	1	0.574465531644173	1.78149072246048	1.76482409244978	1	1
"Gene738"	"Gene738"	0.0879300082324503	1	0.0879300082324503	0.750527085610352	1.20986137061015	1	1
"Gene739"	"Gene739"	0.649730607461356	1	0.649730607461356	1.07477400164508	2.05344365574839	1	1
"Gene740"	"Gene740"	0.604493737794273	1	0.604493737794273	1.07581025629322	1.48540505661386	1	1.0834847292508
"Gene741"	"Gene741"	0.340852040974062	1	0.340852040974062	0.888735241469682	1.67227330811065	1	1
"Gene743"	"Gene743"	5.2586788036873	1	5.2586788036873	0.715275404841294	0.724774284346025	1	1
"Gene744"	"Gene744"	0.262737765611878	1	0.262737765611878	0.900731979936266	0.686673695756666	1	1
"Gene745"	"Gene745"	10.5621826011107	1	10.5621826011107	1.42061609170757	3.3013102701076	1	1
"Gene746"	"Gene746"	1.14012074471654	1	1.14012074471654	0.281850156835681	1.08185123238157	1	1
"Gene747"	"Gene747"	1.52773775271854	1	1.52773775271854	2.11466904752976	0.814554094097118	1	1
"Gene748"	"Gene748"	0.745017772561111	1	0.745017772561111	0.80822969534263	0.591524167133477	1	1
"Gene749"	"Gene749"	2.86984685648469	1	2.86984685648469	1.85008196372415	0.420572431640902	1	1
"Gene750"	"Gene750"	1.31485879272117	1	1.31485879272117	0.668913344770354	0.438908204036629	1	1
"Gene751"	"Gene751"	5.07830659726605	1	5.07830659726605	0.59471901350949	2.00553890161931	1	1
"Gene752"	"Gene752"	0.176074670301947	34.3883541944841	38.7376568198483	0.802540574940173	1.29276484977375	1	1
"Gene753"	"Gene753"	2.31061212971719	1	2.31061212971719	1.269493576131	0.661015457824302	1	1
"Gene754"	"Gene754"	2.04577967519261	1	2.04577967519261	0.625758759175097	0.420486786767736	1	1
"Gene755"	"Gene755"	0.90027373587137	1	0.90027373587137	0.664794849687983	0.611948782552496	1	1
"Gene756"	"Gene756"	0.355716916256953	1	0.355716916256953	2.08341251114063	0.361240239015204	1	1
"Gene757"	"Gene757"	8.73567417950839	45.518087324052	51.2750344457556	0.507803422604936	1.88752649497366	1	1
"Gene758"	"Gene758"	2.62057506795751	1	2.62057506795751	1.17535294791178	0.512729767622173	1	1
"Gene759"	"Gene759"	1.88138993781185	1	1.88138993781185	0.721264789169053	0.582319482204698	1	1
"Gene760"	"Gene760"	0.684719094182465	1	0.684719094182465	0.977811755839015	0.734853677098258	1	1
"Gene761"	"Gene761"	0.83175837873076	1	0.83175837873076	1.06766959667393	0.456653653424989	1.13847032600469	1
"Gene762"	"Gene762"	7.13979825806981	1	7.13979825806981	1.79415529153634	0.86845382759302	1.0892370182275	1
"Gene765"	"Gene765"	1.78398797494697	1	1.78398797494697	0.633369148957792	0.287404624505303	1	1
"Gene766"	"Gene766"	0.693183417697571	1	0.693183417697571	1.82674468635194	1.39851035239441	1	1
"Gene767"	"Gene767"	2.60254591779129	1	2.60254591779129	0.553955228063339	0.821954720497299	1	1
"Gene768"	"Gene768"	0.850095454592524	1	0.850095454592524	0.884885546298013	0.89213171442704	1	1
"Gene769"	"Gene769"	2.05325715614984	1	2.05325715614984	0.99334810190374	0.93979152574581	1	1
"Gene771"	"Gene771"	0.86103198846929	1	0.86103198846929	1.16917096445038	1.09211362005516	1	1
"Gene772"	"Gene772"	0.82803126368823	1	0.82803126368823	2.14070720757527	1.10775782208968	1	1
"Gene773"	"Gene773"	0.244625381272799	1	0.244625381272799	1.69736508001228	0.397547005557329	1	1
"Gene774"	"Gene774"	0.388077575581244	1	0.388077575581244	1.4193037582212	0.529824897663008	1	1.16492719933871
"Gene775"	"Gene775"	6.47328317714722	1	6.47328317714722	3.82791610355709	1.64269471706316	1	1
"Gene776"	"Gene776"	10.1118831100355	1	10.1118831100355	0.790546596457393	0.709132148368055	1	1
"Gene777"	"Gene777"	1.59974429564478	1	1.59974429564478	2.02965165226717	0.991445960422362	1	1
"Gene778"	"Gene778"	1.76103422843843	1	1.76103422843843	2.12514296270925	1.1602283706183	1	1
"Gene779"	"Gene779"	2.83097703731382	1	2.83097703731382	0.992097393703488	1.37528380927201	1	1
"Gene781"	"Gene781"	7.07185287214075	1	7.07185287214075	0.794957258861571	0.72846128597916	1	1
"Gene782"	"Gene782"	1.33718982884386	1	1.33718982884386	0.842059082062085	0.571292884398198	1	1
"Gene783"	"Gene783"	1.48473869455811	1	1.48473869455811	0.856652725344011	3.67854380996115	1	1
"Gene784"	"Gene784"	2.5810404110621	1	2.5810404110621	1.0803097260749	1.11306501146364	1	1
"Gene785"	"Gene785"	1.60713825158376	1	1.60713825158376	1.78540540665731	2.77587440249608	1	1
"Gene786"	"Gene786"	0.73762580093223	1	0.73762580093223	0.662565248225664	0.624056461375036	1	1
"Gene787"	"Gene787"	0.867612737986057	1	0.867612737986057	1.38394635940294	0.778808593147776	1.02583439896783	1
"Gene788"	"Gene788"	0.304528408972502	1	0.304528408972502	0.717087532374164	1.84801784665003	0.839000699951174	1
"Gene790"	"Gene790"	3.50800573228444	1	3.50800573228444	0.641092745755771	0.995172621663823	1	1
"Gene791"	"Gene791"	0.291417095711599	1	0.291417095711599	0.400546503649136	0.586589102806658	1	1
"Gene792"	"Gene792"	4.49042285655979	1	4.49042285655979	1.82210500115253	1.00135087049556	1	1
"Gene793"	"Gene793"	0.351422009317682	1	0.351422009317682	1.20216083265466	0.65790620762106	1	1
"Gene794"	"Gene794"	1.65036195877116	1	1.65036195877116	2.45451544936587	1.27279728924937	1	1
"Gene795"	"Gene795"	2.3035470010738	1	2.3035470010738	0.478248431665994	1.32132929286788	1	1
"Gene796"	"Gene796"	3.34984644721133	1	3.34984644721133	1.67254071680564	0.917323346932148	1	1
"Gene797"	"Gene797"	0.485614921861827	1	0.485614921861827	1.11700659487277	0.582947058206358	1	1
"Gene798"	"Gene798"	0.677445709409053	1	0.677445709409053	1.28273052498116	0.746206493584461	1	1
"Gene800"	"Gene800"	5.80870399312612	1	5.80870399312612	0.771167978397031	2.08808216058905	1.02609586749288	1
"Gene801"	"Gene801"	0.469598085918638	1	0.469598085918638	1.2959026653343	0.922660888002736	1	1
"Gene802"	"Gene802"	2.8012065087456	1	2.8012065087456	1.78585955570758	0.806020925855276	1	1
"Gene803"	"Gene803"	1.44877928853699	1	1.44877928853699	0.844920436555486	0.582893373847915	1	1
"Gene804"	"Gene804"	3.66816481574876	1	3.66816481574876	3.51601640297871	0.63560342485576	1	1
"Gene805"	"Gene805"	3.31377581467747	1	3.31377581467747	0.61096567918669	0.312757689551785	1	1
"Gene806"	"Gene806"	3.22686523842617	1	3.22686523842617	0.500187194254137	0.906122456351501	1	1
"Gene807"	"Gene807"	4.56101196654078	1	4.56101196654078	0.900783893071722	0.550614016112	1	1
"Gene808"	"Gene808"	2.22891019126086	1	2.22891019126086	0.444900349283728	1.33169128944953	0.778823227979308	1
"Gene809"	"Gene809"	0.169414934367898	1	0.169414934367898	1.61108817361002	0.65110970272206	1	1
"Gene811"	"Gene811"	0.227614548497271	1	0.227614548497271	1.87040407919584	1.09476266636953	1	1
"Gene812"	"Gene812"	9.13312409625375	40.3808775282648	45.4880907334947	1.32376982485544	1.04940621847627	1	1
"Gene814"	"Gene814"	0.33288513085497	1	0.33288513085497	2.32263613195389	2.52153426972351	0.787696599569147	1
"Gene815"	"Gene815"	1.39303733023172	1	1.39303733023172	1.48511254010559	0.426560472172105	1	1
"Gene816"	"Gene816"	8.72190860792771	1	8.72190860792771	1.11239783040653	0.236119739100042	1	1
"Gene817"	"Gene817"	0.973738452742301	1	0.973738452742301	0.400756448244282	1.28110189401333	1	1.05159603204131
"Gene818"	"Gene818"	0.4114502680424	1	0.4114502680424	2.15695324866674	1.19539579132419	1	1
"Gene819"	"Gene819"	2.97454938535835	1	2.97454938535835	2.3754114285631	0.870524408069592	1	1
"Gene820"	"Gene820"	1.44437890508189	1	1.44437890508189	0.313314014177214	0.557040453204568	1	1
"Gene822"	"Gene822"	0.675179072553321	1	0.675179072553321	2.23993535943846	0.392065524258022	1	0.979269789544452
"Gene823"	"Gene823"	0.992098457217284	1	0.992098457217284	1.23600200356002	0.875251608146892	1.15563357577044	1
"Gene824"	"Gene824"	3.09740380281791	1	3.09740380281791	0.53040317360497	1.03169584166385	1	1
"Gene825"	"Gene825"	5.96642771992616	1	5.96642771992616	1.27080080000091	0.677110941217352	1	1
"Gene826"	"Gene826"	5.47955978742214	1	5.47955978742214	1.28020995269897	1.48420411976039	1	1
"Gene827"	"Gene827"	0.458459688947511	1	0.458459688947511	1.70301682517207	0.742368439071786	1	1
"Gene828"	"Gene828"	1.71565880638131	1	1.71565880638131	0.93917388145065	0.948213941501808	1	1
"Gene829"	"Gene829"	1.56362495913824	1	1.56362495913824	0.660559582295119	0.624912138921837	1	1
"Gene830"	"Gene830"	6.24690603668195	1	6.24690603668195	1.01034237440814	1.10097778433836	1	1
"Gene831"	"Gene831"	5.53168912906324	1	5.53168912906324	0.926838573031602	0.622012905764877	1	1.23873555780906
"Gene832"	"Gene832"	0.470012855285637	1	0.470012855285637	1.66414487045053	0.992465563483261	1	1
"Gene833"	"Gene833"	2.21318080224629	1	2.21318080224629	0.810850462477601	0.498420099950868	1	1
"Gene834"	"Gene834"	11.4105724730892	1	11.4105724730892	1.42203263520731	1.31208852796652	1	1
"Gene835"	"Gene835"	0.702081599314581	1	0.702081599314581	0.270793558296303	1.37069457739275	1	1
"Gene837"	"Gene837"	6.15338863874433	1	6.15338863874433	0.45410897307061	1.59029311809894	1	1
"Gene838"	"Gene838"	0.602119473277362	1	0.602119473277362	1.0818068131188	0.634634059690448	0.95450491626554	1
"Gene839"	"Gene839"	0.491064530859064	1	0.491064530859064	0.789368877197808	1.34661436237487	1	1
"Gene840"	"Gene840"	1.92354876143415	1	1.92354876143415	0.824086623195415	2.43727135008206	1.07543581065227	1
"Gene841"	"Gene841"	1.84879514998909	1	1.84879514998909	1.43987601147496	0.807195201471039	1	0.967813263300375
"Gene842"	"Gene842"	13.6865240767355	1	13.6865240767355	1.09403080273398	0.402284974419826	1.10514896105819	1.16517163472019
"Gene843"	"Gene843"	0.228320780469543	1	0.228320780469543	1.78068779690847	2.21691113584879	1	1
"Gene844"	"Gene844"	2.36236896761329	1	2.36236896761329	0.761166765417104	1.04057043196054	1	1
"Gene845"	"Gene845"	0.494144200489233	1	0.494144200489233	0.819912373308502	0.929045961983265	1	1
"Gene846"	"Gene846"	2.05112109072523	86.8662219292638	97.8527170943338	1.06716812380802	0.336932858229766	1	1
"Gene847"	"Gene847"	0.480727331119646	1	0.480727331119646	0.64359269285645	2.05926063929502	1	1
"Gene848"	"Gene848"	5.04854089553572	1	5.04854089553572	0.976263942415151	0.805307820180352	1	1
"Gene849"	"Gene849"	1.9105055411042	1	1.9105055411042	1.03310340915166	1.0005043504202	1	1.05223295597275
"Gene851"	"Gene851"	0.660198927335293	1	0.660198927335293	1.21387603793466	0.676977953254545	0.95438008102668	1
"Gene852"	"Gene852"	5.26846498376547	1	5.26846498376547	0.923853330295767	0.966402871253177	1	1
"Gene853"	"Gene853"	0.967441429797237	1	0.967441429797237	1.13986030072963	0.650398259897969	0.756776502854716	1
"Gene854"	"Gene854"	15.9321488676658	1	15.9321488676658	1.58189181270549	1.29422275451022	1	1
"Gene856"	"Gene856"	3.90283476892165	1	3.90283476892165	0.904031990820294	0.636216949010508	1	1
"Gene857"	"Gene857"	5.16504872489949	1	5.16504872489949	0.94670041289073	0.844038057020897	1	1
"Gene858"	"Gene858"	1.82375432953197	1	1.82375432953197	0.450019983849767	0.369766226167945	1	1
"Gene859"	"Gene859"	0.0927421292583301	1	0.0927421292583301	2.78329568960455	1.57167571072818	1	1
"Gene860"	"Gene860"	1.698790422496	1	1.698790422496	2.01803057453761	1.14656650970779	1	1
"Gene862"	"Gene862"	1.22376063252573	1	1.22376063252573	1.14536385987762	0.921691372377941	1	1
"Gene863"	"Gene863"	1.06346798494715	1	1.06346798494715	0.480402693487216	1.53617884766273	1	1
"Gene864"	"Gene864"	5.13793831012884	1	5.13793831012884	0.328825752623704	0.672774566059187	1	1
"Gene865"	"Gene865"	2.62387442983388	1	2.62387442983388	0.76183199444249	1.02659348117766	1.26897471753874	1
"Gene866"	"Gene866"	0.096610413499072	1	0.096610413499072	0.840766360781598	2.87594508279592	1	1
"Gene867"	"Gene867"	1.46446330181751	1	1.46446330181751	2.36556918257187	1.82762850640863	1	1
"Gene868"	"Gene868"	0.224618947263711	1	0.224618947263711	0.911365245336792	1.39051857184685	1	1
"Gene869"	"Gene869"	4.93046376364028	1	4.93046376364028	0.444609327848982	0.894980990993943	0.960404182167166	1.15902306360914
"Gene870"	"Gene870"	2.77152168076408	1	2.77152168076408	0.3918545576922	0.549740487982528	1	1
"Gene872"	"Gene872"	1.54521061572766	1	1.54521061572766	1.12713557742265	2.42106623186475	1	1
"Gene873"	"Gene873"	3.09648067234829	1	3.09648067234829	0.789140503615603	2.21877532921595	1	1
"Gene874"	"Gene874"	3.62334713696108	1	3.62334713696108	1.16591225318225	1.10460834898725	1.10655790336789	1
"Gene876"	"Gene876"	7.80993373388875	1	7.80993373388875	0.64162380978985	0.79918402603899	1	1
"Gene877"	"Gene877"	0.350972034590665	1	0.350972034590665	0.658306266678694	1.13450921698449	1	1
"Gene879"	"Gene879"	1.81468670206058	1	1.81468670206058	0.490116252876313	1.8758671397108	0.939930906923558	1
"Gene880"	"Gene880"	5.2039563575658	1	5.2039563575658	1.26772319200946	0.563194672427643	1	1
"Gene881"	"Gene881"	2.70429199741803	49.3412559538568	55.5817422779537	1.5428552397284	1.96548964752806	1	1
"Gene882"	"Gene882"	0.238013468162964	1	0.238013468162964	1.66316787511507	0.662249485264995	1	1
"Gene884"	"Gene884"	3.56072093902338	78.2472550528227	88.1436574774369	0.935635116668497	0.667352501013384	1	1
"Gene885"	"Gene885"	0.2723077941571	1	0.2723077941571	0.321057447002174	2.15668782163292	0.783288576823251	1
"Gene886"	"Gene886"	0.932576289767351	1	0.932576289767351	1.73422264388522	3.16819589215806	1	1
"Gene887"	"Gene887"	2.06086167476806	1	2.06086167476806	1.3075985759338	2.57449011946844	1	1
"Gene888"	"Gene888"	3.98234623128789	1	3.98234623128789	1.83800641552216	0.614999237429296	1	1
"Gene889"	"Gene889"	0.711801070596384	1	0.711801070596384	0.757270917963703	0.528818183667838	0.997488476499412	1
"Gene890"	"Gene890"	2.26224097037172	1	2.26224097037172	1.60152271711685	0.569655335179582	1	1
"Gene891"	"Gene891"	0.842375373456083	1	0.842375373456083	0.669281490923979	0.784738928818802	1	1
"Gene892"	"Gene892"	0.708935387882973	48.4606704681232	54.5897838331276	0.716886501977921	0.937832282699732	1	1
"Gene893"	"Gene893"	1.69184854219441	1	1.69184854219441	0.842825640058334	1.91988849379762	1	1
"Gene894"	"Gene894"	0.359401399135078	1	0.359401399135078	1.37476361710669	0.513971027581481	1	1
"Gene896"	"Gene896"	0.844422569995786	1	0.844422569995786	0.756949523778157	0.596961417080093	1	1
"Gene897"	"Gene897"	0.433961828876748	1	0.433961828876748	0.347367655670352	0.534441067106613	1	1
"Gene898"	"Gene898"	6.56498701771948	1	6.56498701771948	3.24750178991512	1.34896059330901	1	0.954879725390729
"Gene899"	"Gene899"	5.90720108959584	1	5.90720108959584	0.451916152131828	0.429276376919471	1	0.91995570132036
"Gene900"	"Gene900"	1.26730480684313	1	1.26730480684313	2.1344250472963	0.613579665230315	1	1
"Gene902"	"Gene902"	3.29794647657619	1	3.29794647657619	1.21009476884613	1.46312471791691	1	1
"Gene903"	"Gene903"	4.08787295465677	1	4.08787295465677	1.01063888745882	0.319656225409166	1	1
"Gene904"	"Gene904"	1.03608977626745	1	1.03608977626745	0.511287015638481	1.14493525799757	0.974179593227889	1
"Gene906"	"Gene906"	6.07940670846676	1	6.07940670846676	1.3655862499859	1.35629769401978	1	1
"Gene907"	"Gene907"	0.421445889276235	1	0.421445889276235	3.9932121512931	0.27133796608111	1	1
"Gene908"	"Gene908"	0.328478511780877	1	0.328478511780877	3.07294928999226	0.679716147041046	1	1
"Gene909"	"Gene909"	0.395419067444412	1	0.395419067444412	0.955114982383435	2.12848061676075	1	1
"Gene910"	"Gene910"	2.97155523202844	1	2.97155523202844	0.906160435244752	0.617175462297487	1	1
"Gene911"	"Gene911"	1.76997759307795	1	1.76997759307795	0.651215496215585	0.68624589036349	1.18644552531781	1
"Gene912"	"Gene912"	1.73864866524381	1	1.73864866524381	0.653427624619152	1.4040486437531	1	1
"Gene913"	"Gene913"	0.365563593632834	1	0.365563593632834	0.843549142308743	0.962878861221361	1	1.28707304621273
"Gene915"	"Gene915"	0.729789203282188	1	0.729789203282188	0.874938179708128	0.50811711088169	1	1.05133457938547
"Gene916"	"Gene916"	1.21563126495698	1	1.21563126495698	1.31126973770533	1.36194708332964	1	1
"Gene917"	"Gene917"	3.34733366601326	1	3.34733366601326	0.415438102142694	1.4827119928907	1	1
"Gene918"	"Gene918"	3.31896607872242	1	3.31896607872242	1.41239313233784	0.684963349373377	1	0.916629577786527
"Gene919"	"Gene919"	3.59502417785251	1	3.59502417785251	1.42353801147196	1.70562822504178	1	1
"Gene920"	"Gene920"	2.71046759126947	1	2.71046759126947	1.28863640004692	0.774891201422232	0.995013600493718	1
"Gene922"	"Gene922"	1.34618789184529	1	1.34618789184529	0.540936363870075	1.74684051524194	1	1
"Gene923"	"Gene923"	1.92705006215489	1	1.92705006215489	2.43307292677529	2.79579101114601	1	1
"Gene924"	"Gene924"	1.94639649490132	33.5639188783387	37.8089501953211	0.762637755742854	0.925323859110869	1	1
"Gene925"	"Gene925"	0.152567099117059	1	0.152567099117059	0.546077252869712	0.876309875060129	1	1
"Gene926"	"Gene926"	1.66821697977516	1	1.66821697977516	1.55072571008405	1.23271225140298	1	1
"Gene927"	"Gene927"	2.33399032685248	1	2.33399032685248	2.04949992576222	1.71150314152807	1	1
"Gene928"	"Gene928"	0.362824364522509	1	0.362824364522509	1.68499152730117	0.939811748805614	1	1
"Gene929"	"Gene929"	0.260906032121731	1	0.260906032121731	0.636634729833387	0.571185532039697	1	1
"Gene930"	"Gene930"	0.276452716527327	1	0.276452716527327	1.50080703275093	0.588055941325299	1	1.10141435054743
"Gene931"	"Gene931"	0.208939234333434	1	0.208939234333434	1.29207300082077	0.460320766724095	1	1
"Gene932"	"Gene932"	2.02435435662887	49.5633821447528	55.8319621083348	1.16405766271209	0.837842746493947	0.800385083932896	1
"Gene933"	"Gene933"	0.285024514433749	1	0.285024514433749	1.08701052967999	0.54283815691553	1	1
"Gene934"	"Gene934"	2.7538036682751	1	2.7538036682751	0.585421584962828	1.20576071058549	1	1
"Gene935"	"Gene935"	0.925772279347428	1	0.925772279347428	1.95101228345316	1.01229989286381	1	1
"Gene936"	"Gene936"	3.42119363755662	1	3.42119363755662	1.03670412253313	0.528892145247786	1	1
"Gene937"	"Gene937"	4.56074849171989	1	4.56074849171989	0.727346511537951	1.73805066433492	1	1
"Gene938"	"Gene938"	1.28078669430195	1	1.28078669430195	0.884335213928718	0.69745596379213	1	1
"Gene939"	"Gene939"	3.63861589856217	1	3.63861589856217	2.50327788971938	1.41030011377723	1.08377287926632	1
"Gene940"	"Gene940"	4.91132089864242	1	4.91132089864242	1.69597045283943	1.89557587528344	1	1
"Gene941"	"Gene941"	6.76178958559383	1	6.76178958559383	1.99101066246913	0.17998457070246	1	1
"Gene942"	"Gene942"	0.579546819941546	1	0.579546819941546	0.3914814022386	1.33326143546581	1	1
"Gene944"	"Gene944"	0.636555822893329	1	0.636555822893329	0.387998909936445	0.368379915336279	1	1
"Gene946"	"Gene946"	3.57976849696956	1	3.57976849696956	0.650253619144523	0.978104801799679	1	1.09604513009506
"Gene948"	"Gene948"	0.367858920685664	1	0.367858920685664	2.08817216492068	1.72909588300547	1.08585952755205	1
"Gene949"	"Gene949"	0.952326491100113	1	0.952326491100113	0.672895050036245	0.502928481347295	1	1
"Gene950"	"Gene950"	0.73827115046616	1	0.73827115046616	0.973744648341998	0.785501984757854	1	1
"Gene951"	"Gene951"	1.11657694174991	1	1.11657694174991	2.09282766420872	0.466950407631608	1	1
"Gene952"	"Gene952"	2.0570644861411	1	2.0570644861411	2.26153616947601	2.18451643172728	1	1
"Gene953"	"Gene953"	1.89238571107656	1	1.89238571107656	0.887600344688336	1.02595084979627	1	1
"Gene954"	"Gene954"	0.352071360696446	1	0.352071360696446	1.61091651418767	0.712951650664153	1	1.1101574146403
"Gene955"	"Gene955"	3.45524280400119	1	3.45524280400119	0.271531187661466	0.771208646515393	1	1
"Gene956"	"Gene956"	0.561913792119932	1	0.561913792119932	0.387821342754333	1.41783103386305	1	1
"Gene957"	"Gene957"	0.633837353872503	1	0.633837353872503	0.795395951947885	1.54334289789834	1	1
"Gene959"	"Gene959"	2.25665187467633	38.8036175180466	43.7113451339248	2.64689728862958	0.385277458562558	1	1
"Gene960"	"Gene960"	9.11970954886624	1	9.11970954886624	2.44687114024583	1.93858722621579	1	1
"Gene961"	"Gene961"	0.981794314202394	30.7562753526628	34.6462070539948	0.45313912374596	1.46832676800467	1	1
"Gene962"	"Gene962"	2.15582092860204	1	2.15582092860204	1.28498925816636	0.679667319250422	1	1
"Gene963"	"Gene963"	1.13201383350093	1	1.13201383350093	0.725579336214969	1.98990160684324	1	1
"Gene965"	"Gene965"	0.0413530475934416	1	0.0413530475934416	1.23854855733672	1.46800072580982	1	1.04045366722909
"Gene967"	"Gene967"	1.03639563531461	1	1.03639563531461	1.70304287591127	0.673334196878532	1	1
"Gene968"	"Gene968"	0.413282424822148	1	0.413282424822148	0.402734666527919	2.45330243118716	1	1
"Gene970"	"Gene970"	0.109369266884143	1	0.109369266884143	1.07783842515642	0.596271012103237	0.812363324381272	1
"Gene971"	"Gene971"	5.54173261037505	1	5.54173261037505	0.66909252368562	1.21353152111166	1	1
"Gene972"	"Gene972"	0.778897232180625	1	0.778897232180625	0.659111866688578	1.99710233120314	1	1
"Gene973"	"Gene973"	1.95457548426588	1	1.95457548426588	0.976128638691898	0.438630967534093	1	1
"Gene974"	"Gene974"	1.67632745162481	1	1.67632745162481	0.426391927505979	2.79525281178955	1	1
"Gene976"	"Gene976"	0.59099307089218	1	0.59099307089218	1.27592279725098	1.6504407203168	1	1
"Gene977"	"Gene977"	2.32308651046671	1	2.32308651046671	1.21561912732904	1.28377286947868	1	1
"Gene978"	"Gene978"	2.15697175245154	1	2.15697175245154	0.74050459567336	0.595733308108498	1	1
"Gene979"	"Gene979"	0.776076640380284	1	0.776076640380284	0.801003737077688	1.61107751635726	1	1.01858609841388
"Gene980"	"Gene980"	0.342244678855831	1	0.342244678855831	0.859069233778358	0.82091084459506	1	1
"Gene981"	"Gene981"	0.690258880808859	1	0.690258880808859	1.3934030773946	0.509529237178799	1	1
"Gene982"	"Gene982"	18.1109119853778	1	18.1109119853778	1.15232550723798	1.0439527293656	1	1
"Gene983"	"Gene983"	2.52949938889228	1	2.52949938889228	0.35958756709584	1.47728729738125	0.903124935240068	1
"Gene984"	"Gene984"	0.730174133366297	1	0.730174133366297	0.393486770309533	1.23373304854034	1	1
"Gene985"	"Gene985"	0.74938113956067	1	0.74938113956067	0.358510850288486	0.952875448660594	1.16370180574682	1
"Gene986"	"Gene986"	0.26948454185351	1	0.26948454185351	1.68409684427336	0.811537783677148	1	1
"Gene987"	"Gene987"	0.364157074230267	1	0.364157074230267	0.75176652848927	1.91097338010396	1	1
"Gene988"	"Gene988"	19.9292956169923	1	19.9292956169923	0.87406596178568	0.463390829948376	1	1
"Gene989"	"Gene989"	0.29200783835868	1	0.29200783835868	1.13624552525433	0.512715506690867	1	1
"Gene990"	"Gene990"	1.29024259420459	1	1.29024259420459	0.73114907485989	0.235165226750419	0.926668421446362	0.908819200526448
"Gene991"	"Gene991"	2.59665797228687	1	2.59665797228687	1.85774782877533	1.88832119935315	1	1
"Gene992"	"Gene992"	2.71356393537682	1	2.71356393537682	1.87716455229396	1.54924708377871	1	1
"Gene993"	"Gene993"	0.305672209729069	1	0.305672209729069	0.806890692436754	1.83986190760748	1	1
"Gene994"	"Gene994"	0.926122912847929	1	0.926122912847929	0.563252007598108	0.484205871319951	1	1
"Gene995"	"Gene995"	1.20817886768139	1	1.20817886768139	1.28358024110369	2.78552664791476	1	0.847382268151944
"Gene996"	"Gene996"	1.2958009440344	1	1.2958009440344	3.65297386886966	1.2299774852759	0.93196087677412	1
"Gene997"	"Gene997"	0.710020374439736	1	0.710020374439736	1.62601276879281	1.29927919721677	1	1
"Gene998"	"Gene998"	5.24302985889008	1	5.24302985889008	1.74746543264798	1.3222683840259	1	0.850686266042245
"Gene999"	"Gene999"	1.40442506393345	1	1.40442506393345	2.52837198014919	2.50879348141998	0.880648341053695	1
"Gene1000"	"Gene1000"	1.69579320367937	1	1.69579320367937	0.553524870448676	2.02095210171733	1	1
"Gene1001"	"Gene1001"	3.12622784558813	1	3.12622784558813	0.730815848467374	0.888908456481006	1	1
"Gene1002"	"Gene1002"	1.61625801079533	1	1.61625801079533	2.10191922442477	1.07961318272658	1	1
"Gene1003"	"Gene1003"	3.43446355965271	65.0552852085506	73.2832196177161	2.80312540650084	0.948470965336284	1	1
"Gene1004"	"Gene1004"	0.714741894833446	1	0.714741894833446	0.293694548932139	1.4502871878627	0.788265977165399	1
"Gene1005"	"Gene1005"	4.3563021211474	1	4.3563021211474	0.442785466430676	0.3839336983359	1	1
"Gene1007"	"Gene1007"	8.8312908812483	1	8.8312908812483	1.50122933755818	1.52312022325905	1	1
"Gene1008"	"Gene1008"	0.295940305605318	1	0.295940305605318	0.790961115904497	0.289831549811836	1	1
"Gene1009"	"Gene1009"	3.02744469595955	1	3.02744469595955	1.35779646408906	1.77361200304182	1	1
"Gene1010"	"Gene1010"	4.41629231922508	1	4.41629231922508	0.891232744215913	0.65067764633951	1	1
"Gene1011"	"Gene1011"	0.658934611112469	1	0.658934611112469	1.45645185258878	0.880047284798481	1	1
"Gene1012"	"Gene1012"	0.13914586137757	1	0.13914586137757	1.51214618304331	1.33486507658415	1	1
"Gene1013"	"Gene1013"	15.565875315109	1	15.565875315109	0.849012247984968	0.487060081799099	1	1
"Gene1014"	"Gene1014"	1.02933525188974	1	1.02933525188974	0.701169348155943	0.69313978940148	1	1
"Gene1016"	"Gene1016"	0.174693702122924	1	0.174693702122924	0.981281474576805	0.690545818806855	1	1
"Gene1018"	"Gene1018"	1.36880136512143	1	1.36880136512143	1.51698417411391	0.947474421313949	1	1
"Gene1019"	"Gene1019"	0.245297789793416	1	0.245297789793416	1.55077961503476	2.49794419184295	1	1
"Gene1020"	"Gene1020"	0.800454810568663	1	0.800454810568663	0.719544944698656	1.36507858133254	1	1
"Gene1021"	"Gene1021"	5.5807100183529	1	5.5807100183529	2.20152741944402	1.03359010253227	1	1.02401982910905
"Gene1022"	"Gene1022"	1.1837996956121	1	1.1837996956121	1.013477963698	0.809101131936438	1	1
"Gene1023"	"Gene1023"	0.783498465599097	1	0.783498465599097	1.42976491301333	1.18186961612284	1	1
"Gene1024"	"Gene1024"	1.14304550337513	1	1.14304550337513	0.679365341760254	2.11084955125248	1	1.29941330217745
"Gene1025"	"Gene1025"	0.951985712874682	1	0.951985712874682	1.93202202176229	0.435254421300281	1.0708552228486	1.131345562514
"Gene1027"	"Gene1027"	0.743136175510813	1	0.743136175510813	1.3364801993202	0.707756327215087	1	1
"Gene1028"	"Gene1028"	3.55888174785896	1	3.55888174785896	0.610754120727218	1.46356478903277	1	1
"Gene1029"	"Gene1029"	1.61311700280355	1	1.61311700280355	1.74924967279384	1.40446102358287	1	1
"Gene1030"	"Gene1030"	0.277029667670621	1	0.277029667670621	1.69111805676591	1.10931157960105	1	1
"Gene1031"	"Gene1031"	3.99845272320125	1	3.99845272320125	1.41966491995433	0.563351548106291	1	1
"Gene1032"	"Gene1032"	0.307492157801737	1	0.307492157801737	5.62673264876258	2.90753244943509	1	1
"Gene1033"	"Gene1033"	2.25484888368076	1	2.25484888368076	0.797226039888068	1.63517095312795	1	1
"Gene1034"	"Gene1034"	3.11056732480578	1	3.11056732480578	2.03253649628886	1.20665402048091	1	1
"Gene1035"	"Gene1035"	0.476020099187726	1	0.476020099187726	0.843608083899618	0.407734393162181	1	1
"Gene1036"	"Gene1036"	0.663173737952982	1	0.663173737952982	0.622425005330636	1.01457341274745	1	1
"Gene1038"	"Gene1038"	5.99353242805623	1	5.99353242805623	0.384577044506219	2.24588314850023	1	1
"Gene1039"	"Gene1039"	0.389165021521807	1	0.389165021521807	0.766997624730502	1.56187161782821	1	1
"Gene1040"	"Gene1040"	0.74824146993791	21.2197779106948	23.9035712453416	1.67359296751729	0.325373136199865	1	1
"Gene1041"	"Gene1041"	11.1020756269445	54.7288424654572	61.6507293598389	0.864427952581924	1.17976846409779	1.0068221569096	1
"Gene1042"	"Gene1042"	6.01403541699782	1	6.01403541699782	1.90980777811403	1.15212784726343	1	1
"Gene1043"	"Gene1043"	3.8796673286934	22.1630946557665	24.9661949503419	2.30256113675154	1.71964481445695	1	1
"Gene1044"	"Gene1044"	2.83955448204886	1	2.83955448204886	1.3582029541578	2.51637091111968	1	1
"Gene1045"	"Gene1045"	1.78412203900575	1	1.78412203900575	1.48291621560364	0.380074365601913	1	1
"Gene1046"	"Gene1046"	0.125876362730277	1	0.125876362730277	1.63184828810445	1.59327554398316	1	1
"Gene1048"	"Gene1048"	0.676216592452724	1	0.676216592452724	1.51948447641258	0.463487143858803	1	1
"Gene1049"	"Gene1049"	0.662551587954886	1	0.662551587954886	0.764793596063871	1.60590363734879	1	1.24581539579714
"Gene1050"	"Gene1050"	12.5682898466503	1	12.5682898466503	0.999788164875941	1.05054159414274	1	1
"Gene1051"	"Gene1051"	0.482079659034708	1	0.482079659034708	0.809433320573478	0.707980506472287	1	1
"Gene1052"	"Gene1052"	0.174059650903813	1	0.174059650903813	1.29347485316475	0.780552376675929	1	0.860598139667768
"Gene1053"	"Gene1053"	16.1585114070387	1	16.1585114070387	0.85061091075854	0.576534274476799	1	1
"Gene1054"	"Gene1054"	0.529409501356856	1	0.529409501356856	1.09800776993463	1.7046969217366	1	1
"Gene1055"	"Gene1055"	0.0364889897866484	80.4287013768198	90.6010044790411	1.08693091737866	1.80674050729378	1	1
"Gene1056"	"Gene1056"	0.121940975640479	1	0.121940975640479	0.854565027682641	1.34550819445287	1	1
"Gene1057"	"Gene1057"	0.634019468804296	1	0.634019468804296	0.765635773489211	0.740701169168307	1	1
"Gene1058"	"Gene1058"	2.90781051929824	1	2.90781051929824	1.08919690720357	2.07185358736379	1	1
"Gene1059"	"Gene1059"	11.0180940133871	1	11.0180940133871	0.683241620961385	2.17745060964736	1	1
"Gene1061"	"Gene1061"	0.355523739300975	1	0.355523739300975	0.935472590129592	1.00776948429137	1	1
"Gene1063"	"Gene1063"	2.32697491317766	1	2.32697491317766	0.99602968403592	1.27445937120428	1	1
"Gene1064"	"Gene1064"	0.124994438400297	1	0.124994438400297	2.51324495297381	1.48369611400941	1	1
"Gene1065"	"Gene1065"	0.205915903934513	1	0.205915903934513	0.529787667610381	1.16179188857884	1	1
"Gene1066"	"Gene1066"	0.221572021960444	1	0.221572021960444	0.605326350739113	0.95366977918204	1	1
"Gene1067"	"Gene1067"	7.22516576304116	1	7.22516576304116	1.06709549892222	1.27672504157222	1	1
"Gene1068"	"Gene1068"	0.638417010013376	1	0.638417010013376	1.2083554871094	0.811081728733553	1	1
"Gene1069"	"Gene1069"	0.531114618635451	1	0.531114618635451	0.94610827535299	0.409141321928438	1	1
"Gene1070"	"Gene1070"	1.69456285191224	148.01852644915	166.739322508389	1.02829459006864	0.605176806722604	1	1
"Gene1071"	"Gene1071"	0.652305210219622	1	0.652305210219622	2.07559982455053	0.509874987226665	1	1
"Gene1072"	"Gene1072"	0.134855341763108	1	0.134855341763108	1.15689527848154	1.63715247407466	1	1
"Gene1073"	"Gene1073"	3.35419817869536	1	3.35419817869536	1.82051321431516	1.33268328412087	1	1
"Gene1074"	"Gene1074"	1.32955652739355	1	1.32955652739355	2.53788772295536	0.690578132317425	1	1
"Gene1075"	"Gene1075"	1.45854919894914	1	1.45854919894914	0.866072033537493	1.49661420559821	1	1
"Gene1076"	"Gene1076"	3.79777535413945	1	3.79777535413945	0.887705196992365	0.89237645482764	1	1.23464973040201
"Gene1077"	"Gene1077"	0.375521209545625	1	0.375521209545625	0.445091674516433	0.744107765571974	1	0.901322584931894
"Gene1078"	"Gene1078"	1.41749676100273	1	1.41749676100273	1.78957340062854	2.32981779564716	1	1
"Gene1079"	"Gene1079"	0.122180048617037	1	0.122180048617037	0.648739046946561	0.606315494587388	1	1
"Gene1080"	"Gene1080"	1.53226026186785	1	1.53226026186785	0.39871121803137	0.418107406576201	1	1
"Gene1081"	"Gene1081"	4.51345603258213	1	4.51345603258213	0.549518138037369	0.368175587082885	0.92410488800786	1
"Gene1082"	"Gene1082"	6.42469753760191	1	6.42469753760191	0.479529647321046	3.18394039671148	1	1
"Gene1084"	"Gene1084"	4.10673542781995	91.9797718803121	103.613008558548	0.461082435786825	1.4998642644054	1	1
"Gene1085"	"Gene1085"	12.8711203081231	1	12.8711203081231	2.38565888352227	0.676511042543933	1	1
"Gene1086"	"Gene1086"	1.59702693990065	1	1.59702693990065	1.66729435115992	1.63280084703412	1	1
"Gene1087"	"Gene1087"	2.55713735654542	1	2.55713735654542	1.12308152956543	1.63568350902089	1.06892299240271	1
"Gene1088"	"Gene1088"	4.02113325501503	1	4.02113325501503	1.19565549018305	1.255875766206	1	1
"Gene1089"	"Gene1089"	1.98717936318299	1	1.98717936318299	0.787579817903553	1.97430471525907	0.760166761130719	1
"Gene1090"	"Gene1090"	2.25249735559308	1	2.25249735559308	0.904035129388394	1.1577850788294	1	1
"Gene1091"	"Gene1091"	0.674911806479791	1	0.674911806479791	1.66993483277314	2.62845008606274	1	1.08718226463969
"Gene1092"	"Gene1092"	2.32316535645813	1	2.32316535645813	0.734300449346688	0.326083020905903	1	1
"Gene1093"	"Gene1093"	1.49025338151904	1	1.49025338151904	1.18395020515561	2.68737530362793	1	1
"Gene1094"	"Gene1094"	1.08542525946302	1	1.08542525946302	0.583837918128067	0.667517008152748	1	1
"Gene1095"	"Gene1095"	0.640297306573686	1	0.640297306573686	1.17883516776344	1.17693864425255	1.08637501646147	1
"Gene1096"	"Gene1096"	0.697360480687889	61.8754745014216	69.7012390661548	0.483713206901859	0.528633989509114	1	1
"Gene1097"	"Gene1097"	0.634683725318911	1	0.634683725318911	1.57855401759818	0.923189011757981	1	1
"Gene1098"	"Gene1098"	5.54306052342458	1	5.54306052342458	1.69649302543421	1.72991302706583	1	1
"Gene1099"	"Gene1099"	0.100318527031711	1	0.100318527031711	2.04884790049343	2.65321320254435	1	1
"Gene1100"	"Gene1100"	3.15059354513002	1	3.15059354513002	0.810987199670079	1.11574947407573	1	1
"Gene1101"	"Gene1101"	0.13345331478665	1	0.13345331478665	1.23787327709668	0.684624363459039	1	1
"Gene1102"	"Gene1102"	14.3326741356475	1	14.3326741356475	1.70528408470392	1.06995219436334	1	1
"Gene1103"	"Gene1103"	2.50187757801652	1	2.50187757801652	0.538731841982595	1.77904961749015	1.15057112004518	1
"Gene1104"	"Gene1104"	0.712294708994817	1	0.712294708994817	1.09812373404504	1.67501254966465	1	1
"Gene1105"	"Gene1105"	4.9756955891932	1	4.9756955891932	0.878299483834008	1.04831576929543	1	1
"Gene1107"	"Gene1107"	3.88135444265119	1	3.88135444265119	0.79421312105787	2.27905218106845	1	1
"Gene1108"	"Gene1108"	1.47402886664065	1	1.47402886664065	0.864898879445733	1.5064189185961	1	1
"Gene1109"	"Gene1109"	0.449754424850569	1	0.449754424850569	1.21553115627529	1.50230204684318	1	1
"Gene1110"	"Gene1110"	0.817797735165054	1	0.817797735165054	1.40345748841993	0.682625361060943	1	1
"Gene1111"	"Gene1111"	0.956686263627238	1	0.956686263627238	0.651261311885943	1.13978439695455	1	1
"Gene1112"	"Gene1112"	2.10028132692148	1	2.10028132692148	1.19563265623563	1.29801317901683	1	1
"Gene1113"	"Gene1113"	2.94448724913269	47.55607414056	53.5707777504446	0.990298479943649	0.420698549781804	1	1
"Gene1114"	"Gene1114"	0.320047581373706	1	0.320047581373706	0.450668305979344	1.33838269845639	1	1
"Gene1115"	"Gene1115"	1.20035654486738	1	1.20035654486738	1.24575685231621	0.844270271762899	1	1
"Gene1116"	"Gene1116"	0.925338423507401	1	0.925338423507401	0.448497507053918	0.864573976594438	1	1
"Gene1117"	"Gene1117"	0.669029522958792	1	0.669029522958792	1.00682483714118	2.57256653128701	1	1
"Gene1118"	"Gene1118"	0.145838828641482	1	0.145838828641482	0.455618121075287	1.00856512919164	1	0.770381628711268
"Gene1119"	"Gene1119"	0.475466681104178	1	0.475466681104178	2.06137250972704	1.03824866807596	1	0.817962494666326
"Gene1120"	"Gene1120"	1.35957897277996	1	1.35957897277996	0.894358860819931	1.69316896503225	1	1
"Gene1121"	"Gene1121"	0.393854347571217	1	0.393854347571217	0.374780246858046	0.435730831777467	1	1.25689292144174
"Gene1122"	"Gene1122"	1.59884949354357	1	1.59884949354357	1.23127236938225	0.719379891995351	1	1
"Gene1123"	"Gene1123"	0.263906014087952	1	0.263906014087952	0.834864884802739	0.830119712139714	1	1
"Gene1124"	"Gene1124"	1.37344464957585	1	1.37344464957585	1.92310034137445	1.83863827598914	1	1
"Gene1125"	"Gene1125"	8.56862017248893	1	8.56862017248893	1.05396358731518	0.845288073976478	0.96336994604814	1
"Gene1126"	"Gene1126"	1.34495029661562	1	1.34495029661562	0.427195087169065	0.549265479086072	1	1
"Gene1127"	"Gene1127"	0.828353166712582	1	0.828353166712582	0.982379603705544	0.499513112280155	1	1
"Gene1128"	"Gene1128"	1.09046435002167	1	1.09046435002167	2.26071923123547	0.980826998672475	1	1.12494673152075
"Gene1129"	"Gene1129"	1.47261266227716	1	1.47261266227716	0.525285499615278	0.541373518281798	1	1
"Gene1130"	"Gene1130"	0.305470114609841	1	0.305470114609841	0.663816969760905	0.784150897287722	1	1
"Gene1131"	"Gene1131"	3.86354627543449	1	3.86354627543449	2.9571823339991	1.64928771575012	1	1
"Gene1132"	"Gene1132"	2.81316450123917	1	2.81316450123917	0.41736766420944	0.58371650434331	1	1.13865298194196
"Gene1133"	"Gene1133"	3.72283433234697	1	3.72283433234697	2.54912882822796	0.81375774953424	1	1
"Gene1134"	"Gene1134"	0.147973910667422	1	0.147973910667422	0.815713812405192	1.46072342445651	1	1
"Gene1135"	"Gene1135"	0.644711689729254	1	0.644711689729254	0.455774240904389	1.84320063937023	1	1
"Gene1136"	"Gene1136"	0.293814464483511	1	0.293814464483511	1.25456426086874	1.35876243197842	1	1
"Gene1137"	"Gene1137"	2.05789446499295	1	2.05789446499295	0.851344373542882	0.90159331888761	1	1
"Gene1138"	"Gene1138"	1.04849290174242	1	1.04849290174242	0.437940477256797	0.87779824063935	1	1
"Gene1139"	"Gene1139"	1.89197322041761	1	1.89197322041761	0.588300546192465	0.636144155928829	1	1
"Gene1140"	"Gene1140"	3.23231263164476	1	3.23231263164476	0.417123390120451	4.61678024092246	1	1
"Gene1141"	"Gene1141"	0.964037350307095	1	0.964037350307095	2.36017188353097	1.39507978362496	1	1
"Gene1142"	"Gene1142"	7.18162758659723	1	7.18162758659723	0.80123182256059	1.47132279356629	1.37567920237544	1
"Gene1143"	"Gene1143"	2.69962726332794	1	2.69962726332794	1.59122577953337	0.986582144405129	1	1
"Gene1144"	"Gene1144"	0.222926039228129	1	0.222926039228129	0.670583730806946	0.591069160342835	1	1
"Gene1145"	"Gene1145"	1.13014089949953	1	1.13014089949953	2.43086573722778	1.33246761041805	1	1
"Gene1146"	"Gene1146"	1.48876049947391	28.8820228101884	32.5349064848113	1.09477846293318	0.454198785881522	1	1
"Gene1147"	"Gene1147"	0.752229171860321	1	0.752229171860321	1.0825446907227	1.8669087381223	1	1
"Gene1148"	"Gene1148"	0.510890683727	1	0.510890683727	1.36273136786254	1.15859679646739	1	1
"Gene1149"	"Gene1149"	5.95175066499387	1	5.95175066499387	1.559358006366	0.665347626895526	1	1
"Gene1150"	"Gene1150"	1.84631546178483	1	1.84631546178483	2.43043829903512	1.3653317239936	1	1
"Gene1151"	"Gene1151"	2.02081234307499	1	2.02081234307499	0.600803722364127	0.453233110764817	1	1
"Gene1153"	"Gene1153"	0.231424346312854	1	0.231424346312854	0.590164239035705	1.58812628388655	1	1
"Gene1154"	"Gene1154"	2.67058520503916	1	2.67058520503916	1.19235613645295	0.742538001226562	1	1
"Gene1155"	"Gene1155"	0.112931560182807	1	0.112931560182807	0.685548360814362	1.44444881611226	1	1
"Gene1156"	"Gene1156"	3.6641529750242	1	3.6641529750242	0.614510083103145	0.914191793061246	1	1
"Gene1157"	"Gene1157"	1.49372422632887	1	1.49372422632887	1.76385716706106	0.270078024813729	1	1
"Gene1158"	"Gene1158"	1.27408187309949	1	1.27408187309949	0.675775609410272	0.716725074567203	1	1
"Gene1159"	"Gene1159"	4.48847353014791	1	4.48847353014791	0.863398357281922	1.60244423763355	1	1
"Gene1160"	"Gene1160"	0.376762146291135	104.020529675184	117.176633635536	0.396072803837704	0.594493267297632	1	1
"Gene1161"	"Gene1161"	4.06852310644543	1	4.06852310644543	0.314647814056189	0.874199041965618	1	1.09358907446008
"Gene1163"	"Gene1163"	2.47797765385256	1	2.47797765385256	0.560352399249352	1.91989487487716	1	1
"Gene1164"	"Gene1164"	2.29929258029948	1	2.29929258029948	0.470087835775605	1.27786169075519	1	1
"Gene1165"	"Gene1165"	2.22711497106503	1	2.22711497106503	1.17059472699786	1.08559018029808	1	1
"Gene1166"	"Gene1166"	0.632510530066965	1	0.632510530066965	1.21228373108904	1.49994348667845	1	1.25858219049444
"Gene1167"	"Gene1167"	1.23327860897881	1	1.23327860897881	1.29839440207846	0.935053573292867	1	1
"Gene1168"	"Gene1168"	0.566081486258573	1	0.566081486258573	0.434325387472402	1.61949045523029	1	1
"Gene1169"	"Gene1169"	1.88434168854514	1	1.88434168854514	0.95197946069459	1.50238116086472	1	1
"Gene1170"	"Gene1170"	0.199165314186291	1	0.199165314186291	1.64491072210314	1.7968337009469	0.970677774257755	1
"Gene1171"	"Gene1171"	4.40208927933044	1	4.40208927933044	0.194428018451333	0.971241540926618	1	1
"Gene1172"	"Gene1172"	3.45745402399221	1	3.45745402399221	0.68916664526349	1.48541745017893	1	1.25936666526302
"Gene1173"	"Gene1173"	6.45173481071143	1	6.45173481071143	0.995676459290279	2.18220993729557	1	1
"Gene1174"	"Gene1174"	4.49009565888406	1	4.49009565888406	0.55205338871638	2.0827748204281	1	1
"Gene1176"	"Gene1176"	1.71089811492479	1	1.71089811492479	1.12419369331046	1.47066060263895	1	0.778884923724854
"Gene1177"	"Gene1177"	5.89178068777754	1	5.89178068777754	0.761583726720071	1.27470203839726	1	1
"Gene1179"	"Gene1179"	1.29009484915095	1	1.29009484915095	1.57606604358762	1.40793211387293	1	1
"Gene1180"	"Gene1180"	0.565704927209183	1	0.565704927209183	2.56168563426111	0.96646505053984	1	1.07434550830184
"Gene1181"	"Gene1181"	1.54497068750378	1	1.54497068750378	0.690692375570567	1.27341997125158	1.18249216766051	1
"Gene1182"	"Gene1182"	3.69296401501139	1	3.69296401501139	3.73647730921	1.93174379803732	1	1
"Gene1183"	"Gene1183"	2.80634906622615	1	2.80634906622615	1.85720309214035	0.475669321536268	1.06458818979825	1
"Gene1184"	"Gene1184"	0.966242841716778	1	0.966242841716778	1.52856048902598	1.94401837343247	1	1
"Gene1185"	"Gene1185"	4.18064070080979	1	4.18064070080979	1.70249556234022	3.17213226110272	1	1
"Gene1186"	"Gene1186"	2.90312353399921	1	2.90312353399921	0.899796778333809	2.15247075626483	1	1
"Gene1187"	"Gene1187"	9.14365670613484	1	9.14365670613484	0.786047942852594	0.316008242832397	1	1
"Gene1188"	"Gene1188"	1.54930639014386	1	1.54930639014386	0.477036742694117	0.560635138138601	1.04081961402209	1
"Gene1190"	"Gene1190"	0.0659333498428407	1	0.0659333498428407	1.57716369988115	1.32415862147197	1	1
"Gene1191"	"Gene1191"	6.63994326120093	1	6.63994326120093	2.00340530631621	0.792110820754965	1	1
"Gene1192"	"Gene1192"	0.533871237837962	1	0.533871237837962	1.56735547326528	0.740280186915488	0.869409931172553	1
"Gene1193"	"Gene1193"	0.800410224833267	1	0.800410224833267	1.02331264310448	2.01892813642259	1	1
"Gene1194"	"Gene1194"	0.127028437787713	1	0.127028437787713	1.37001567025465	2.58377463700925	1	1
"Gene1196"	"Gene1196"	0.206830319321315	1	0.206830319321315	0.957871716080702	0.939934510386489	1	1
"Gene1197"	"Gene1197"	2.9422703293845	1	2.9422703293845	0.891124448413731	1.70518868245107	1	1
"Gene1198"	"Gene1198"	0.229750599669436	1	0.229750599669436	0.796039434425611	0.312060596492573	1	1
"Gene1199"	"Gene1199"	1.14730184458025	1	1.14730184458025	0.709090545950434	1.1640323129033	1	1
"Gene1200"	"Gene1200"	0.148841460498205	1	0.148841460498205	1.45716559969889	1.91511639763023	1	1
"Gene1201"	"Gene1201"	4.70268787791489	1	4.70268787791489	0.980379095253463	0.991057769538482	1	1
"Gene1202"	"Gene1202"	0.679665645566815	1	0.679665645566815	2.16214592508824	1.32186321648585	1	1
"Gene1203"	"Gene1203"	2.94888531702012	1	2.94888531702012	0.412673728793152	1.59056340888033	1	1
"Gene1204"	"Gene1204"	0.887368710830212	1	0.887368710830212	1.45706341930703	0.695096311588261	1	0.949361779522009
"Gene1205"	"Gene1205"	1.23442063917143	1	1.23442063917143	1.47295918148152	2.36191726864615	1	1
"Gene1206"	"Gene1206"	4.55958606173749	1	4.55958606173749	0.436260585231582	0.679847378682429	1	1
"Gene1207"	"Gene1207"	0.772858495038266	1	0.772858495038266	1.81597453022503	0.628426482410224	1	0.986238155457702
"Gene1208"	"Gene1208"	3.92985506298736	1	3.92985506298736	0.745436922850595	0.558755678379034	1.07734906431722	1
"Gene1209"	"Gene1209"	0.760354048749426	1	0.760354048749426	1.29343025002243	0.386995920581668	1	1
"Gene1210"	"Gene1210"	0.109063570390535	96.6968949176398	108.926734605557	0.570295039026181	0.593420267917337	1	1
"Gene1211"	"Gene1211"	0.161864534519711	1	0.161864534519711	1.15330937307075	0.647151172610855	1	1
"Gene1213"	"Gene1213"	1.42985011863016	1	1.42985011863016	1.22990011069749	1.86149284880208	1	1
"Gene1214"	"Gene1214"	0.819748264591329	1	0.819748264591329	0.855717875974423	1.57024417434003	1	1
"Gene1215"	"Gene1215"	4.80718798827324	1	4.80718798827324	0.736703815683246	0.433663271042207	1	1
"Gene1216"	"Gene1216"	0.37329794592099	1	0.37329794592099	1.81997968791903	0.972503219881417	1	1.15550826341876
"Gene1218"	"Gene1218"	0.887157811115382	1	0.887157811115382	1.67950557089752	1.75634189413925	1	1
"Gene1219"	"Gene1219"	14.0410571821125	1	14.0410571821125	0.659471324966357	0.994447159505226	1	1
"Gene1220"	"Gene1220"	4.2076523630322	1	4.2076523630322	0.659110696990545	1.85165829364239	1	1.23059191235057
"Gene1222"	"Gene1222"	0.565514903299867	42.1476362609508	47.4783021022388	0.887462813751359	1.26112325904153	1.32862654028442	1
"Gene1223"	"Gene1223"	1.41095916984588	1	1.41095916984588	1.00514079430306	1.9319942917905	1	1
"Gene1224"	"Gene1224"	12.1046306961072	1	12.1046306961072	0.724736898415983	2.43554536964837	1	0.839461448625558
"Gene1225"	"Gene1225"	0.102674385721629	1	0.102674385721629	1.41899508264417	1.0251912157467	1	1
"Gene1226"	"Gene1226"	0.774079349145504	1	0.774079349145504	0.495376303175183	0.53883848549279	1	1
"Gene1227"	"Gene1227"	1.84251233709881	1	1.84251233709881	0.399709815137789	1.03504944995792	1	1
"Gene1228"	"Gene1228"	2.28132586975409	76.1371670893976	85.7666939587825	1.72786720579863	0.573041803486232	1	1
"Gene1229"	"Gene1229"	5.57725675277239	1	5.57725675277239	2.49062443882083	1.133116732088	1	1
"Gene1230"	"Gene1230"	0.995990385043616	1	0.995990385043616	0.467028246480906	0.631221111997217	1	1
"Gene1231"	"Gene1231"	0.845434802854533	1	0.845434802854533	0.478077793059643	3.997064628892	1	1
"Gene1232"	"Gene1232"	0.0872708036938601	1	0.0872708036938601	0.965335083943445	0.903714963829174	1	1.06780275078573
"Gene1233"	"Gene1233"	5.88685969790607	1	5.88685969790607	1.43151752557045	0.986491114734915	1	1
"Gene1234"	"Gene1234"	0.207379800086525	1	0.207379800086525	0.812715288221588	1.26869203196167	1	1
"Gene1235"	"Gene1235"	1.17322299023324	1	1.17322299023324	0.489299723597269	0.676641850157074	1	1
"Gene1238"	"Gene1238"	0.601830827790098	1	0.601830827790098	2.25884598164356	0.32301198952751	1	1
"Gene1239"	"Gene1239"	3.57300900877056	1	3.57300900877056	0.706828815600785	0.984093567129407	1.13351547251643	1
"Gene1240"	"Gene1240"	0.676282408635512	1	0.676282408635512	0.603864518853794	0.637748960734008	1	1
"Gene1241"	"Gene1241"	0.309223003825071	1	0.309223003825071	0.859138879497879	0.440961994903115	1	1
"Gene1242"	"Gene1242"	2.13486509846261	1	2.13486509846261	1.79358051365758	1.15421104863421	1	1
"Gene1243"	"Gene1243"	0.848209466073251	1	0.848209466073251	2.26081783108045	1.09580937428117	1	1
"Gene1244"	"Gene1244"	2.51992826281077	1	2.51992826281077	1.46122897913707	1.88575477807882	1	1
"Gene1245"	"Gene1245"	1.76802160484475	1	1.76802160484475	1.77465882253059	0.345217476487206	1	1
"Gene1246"	"Gene1246"	0.0770711836205469	1	0.0770711836205469	2.05169827417713	1.14654739872974	1	1
"Gene1247"	"Gene1247"	4.14425709432719	1	4.14425709432719	0.782905361162161	1.15838497302361	1	1
"Gene1248"	"Gene1248"	0.480150728861413	1	0.480150728861413	1.29023556553159	1.299600584689	1	1
"Gene1249"	"Gene1249"	2.21060356006929	1	2.21060356006929	0.880474057827903	0.643962416960875	1	1.15124600983608
"Gene1250"	"Gene1250"	0.230339128988165	1	0.230339128988165	0.306095799794867	0.716167132595937	1	1
"Gene1251"	"Gene1251"	6.51461353599098	57.1987769930196	64.4330514086083	2.22945303032514	0.632896446248638	1	1
"Gene1252"	"Gene1252"	2.46766139394657	1	2.46766139394657	1.37052465148985	1.78304113798955	1	1
"Gene1253"	"Gene1253"	0.447141014646468	1	0.447141014646468	1.95408290368751	1.1761686986341	1	1
"Gene1254"	"Gene1254"	0.174070546189587	1	0.174070546189587	0.655263720509232	1.88957439774952	1	1
"Gene1255"	"Gene1255"	1.42142182248056	1	1.42142182248056	0.358256810607374	0.769349941015235	1	1
"Gene1256"	"Gene1256"	0.629635197764012	1	0.629635197764012	0.426397081843966	1.95624337360372	1	1
"Gene1258"	"Gene1258"	1.13883657517295	1	1.13883657517295	0.927872835865611	0.620308164464073	1	1
"Gene1259"	"Gene1259"	2.66459663876654	1	2.66459663876654	0.603456137506552	0.998379871129436	1	1
"Gene1260"	"Gene1260"	0.492734511589683	1	0.492734511589683	0.963123328002346	1.68773893564447	1	1
"Gene1262"	"Gene1262"	1.03777973890975	1	1.03777973890975	0.927759827852235	0.647375668326469	1	1
"Gene1263"	"Gene1263"	7.77078240695491	54.8663434419061	61.8056209143445	1.39758817380346	2.66670521663105	1.11765106752532	1
"Gene1264"	"Gene1264"	8.33780097795512	1	8.33780097795512	2.45102851829892	1.00391787373611	1	1.17039090606026
"Gene1265"	"Gene1265"	0.177881530468472	1	0.177881530468472	0.658207168417497	1.40937280060038	1	1
"Gene1267"	"Gene1267"	0.218387033223993	107.715293119225	121.338696103438	0.533671095779011	1.51283371063104	1	1
"Gene1268"	"Gene1268"	4.39679685193623	1	4.39679685193623	1.20614148525554	1.23319884540947	1.09547635416709	1
"Gene1269"	"Gene1269"	7.12861857290791	1	7.12861857290791	0.732000205161077	1.92703728061712	1	1
"Gene1270"	"Gene1270"	1.23990950975385	1	1.23990950975385	0.652321794437501	1.19816189932405	1	1
"Gene1272"	"Gene1272"	1.10664560512142	1	1.10664560512142	0.256460527768494	1.73187206034219	1	1
"Gene1273"	"Gene1273"	0.975106369998538	1	0.975106369998538	0.535673322508024	0.720490059024429	1	1
"Gene1274"	"Gene1274"	0.203382993402537	1	0.203382993402537	1.10693830015549	0.901646458188745	1	1
"Gene1275"	"Gene1275"	1.26691983621923	1	1.26691983621923	0.4295803894872	1.6948695890308	1	1
"Gene1276"	"Gene1276"	0.636909943592419	1	0.636909943592419	0.504162268862808	2.33834164013328	1	1
"Gene1277"	"Gene1277"	4.80707304584491	1	4.80707304584491	0.529869227854914	1.32512621668542	1	1
"Gene1278"	"Gene1278"	0.505885638379299	1	0.505885638379299	1.58134387984348	2.21945954184482	1	1
"Gene1279"	"Gene1279"	0.447648713417109	1	0.447648713417109	0.463361423879885	1.42920605159112	1	1
"Gene1280"	"Gene1280"	1.76562827942548	1	1.76562827942548	0.462330313706252	0.608550810304768	1	1
"Gene1281"	"Gene1281"	0.578361365630799	1	0.578361365630799	0.633549932785733	0.392650608512478	1	1
"Gene1282"	"Gene1282"	0.308128993273035	1	0.308128993273035	0.947322767360679	0.511874556382035	1	1
"Gene1283"	"Gene1283"	1.04987868796606	1	1.04987868796606	1.42724379931394	1.153729455216	1.22934880449563	1
"Gene1284"	"Gene1284"	0.473031983393608	1	0.473031983393608	1.01863362249971	0.940826849497759	1	1
"Gene1285"	"Gene1285"	7.72970975194237	1	7.72970975194237	0.419973693573909	1.51128864435686	1	1
"Gene1286"	"Gene1286"	0.16776699912865	1	0.16776699912865	2.65766611881484	0.812983269065122	1	1
"Gene1287"	"Gene1287"	9.27027251529058	1	9.27027251529058	1.30826322111847	1.45354440536349	1	1
"Gene1288"	"Gene1288"	1.61416896849852	1	1.61416896849852	1.07838392549228	1.96156307890204	1	1
"Gene1289"	"Gene1289"	0.10285024528521	1	0.10285024528521	2.00263788532096	1.24979649999888	1	1
"Gene1290"	"Gene1290"	3.28125686040128	1	3.28125686040128	0.519888582284147	0.837247148076281	1	1
"Gene1291"	"Gene1291"	0.185548725876181	1	0.185548725876181	0.497777940190889	0.864734226904614	1	1
"Gene1292"	"Gene1292"	1.47921446013711	1	1.47921446013711	0.88547252918553	0.620429671072947	1	1
"Gene1293"	"Gene1293"	1.24456799838446	1	1.24456799838446	2.09387748655142	2.15339933453704	1	1
"Gene1294"	"Gene1294"	1.01009528982273	1	1.01009528982273	2.42378583792431	1.03212478925779	1	1
"Gene1295"	"Gene1295"	12.0306022551098	1	12.0306022551098	0.918285480683908	1.76267991620579	1	1
"Gene1296"	"Gene1296"	1.09833098270878	1	1.09833098270878	0.67017483751616	0.626957010851923	1	1
"Gene1298"	"Gene1298"	2.34537462239679	1	2.34537462239679	0.418452227934366	1.87044769323349	1	1
"Gene1299"	"Gene1299"	0.335017314734268	1	0.335017314734268	2.03918487920897	1.28875944668784	1	1
"Gene1300"	"Gene1300"	0.708016693671124	1	0.708016693671124	0.284919185450294	0.755237761233739	1	1
"Gene1302"	"Gene1302"	0.955083864052924	1	0.955083864052924	0.469732712124425	0.865470855564117	1.22636667281947	1
"Gene1303"	"Gene1303"	0.52855391434997	1	0.52855391434997	0.769965355425759	1.20193524628567	1	1
"Gene1305"	"Gene1305"	0.156331374410759	1	0.156331374410759	2.04404655519202	1.03774723079044	1	1
"Gene1306"	"Gene1306"	7.64071196581903	100.590883731905	113.313219678214	0.584197068853176	1.85529024476489	1	1
"Gene1307"	"Gene1307"	0.241638110465343	1	0.241638110465343	0.756749250267417	1.40798068602813	1	1
"Gene1308"	"Gene1308"	2.89737094014929	1	2.89737094014929	0.76739841633157	1.02118301675832	1.10791056626377	1
"Gene1309"	"Gene1309"	5.14991731217916	53.1866652235616	59.9135036579612	1.29586114374687	2.00834363786641	1	1
"Gene1310"	"Gene1310"	0.265675419611149	1	0.265675419611149	0.676559145059133	0.452162591164175	1	1
"Gene1312"	"Gene1312"	2.74513584175857	1	2.74513584175857	0.571910475004689	1.45873094048102	1	1
"Gene1313"	"Gene1313"	3.45947592797321	1	3.45947592797321	0.554967742632366	4.60306700038857	1	1
"Gene1314"	"Gene1314"	1.13882053352484	1	1.13882053352484	0.410823141338194	0.765752664496827	1	1
"Gene1315"	"Gene1315"	3.05763713709927	1	3.05763713709927	0.958716468242191	2.11263435365558	1	1
"Gene1316"	"Gene1316"	1.19345154326623	1	1.19345154326623	0.384078561436063	1.04089538263811	1	1
"Gene1317"	"Gene1317"	0.265086601767463	1	0.265086601767463	0.865825294879758	1.45176196432294	1	1
"Gene1318"	"Gene1318"	0.0683521134992717	1	0.0683521134992717	1.27274578313053	1.08089240941366	1	1
"Gene1320"	"Gene1320"	2.60948390296297	1	2.60948390296297	1.18665469272965	1.09186595528948	1	1
"Gene1321"	"Gene1321"	1.99195349306853	1	1.99195349306853	1.8221490506248	0.407755042829931	1	1
"Gene1322"	"Gene1322"	0.2643019382996	67.2493365581887	75.7547658786022	0.436862042217612	0.568476107809389	1	1
"Gene1323"	"Gene1323"	3.84376176006655	1	3.84376176006655	0.718206340025658	1.62692701496697	1	1
"Gene1324"	"Gene1324"	0.670348200469763	1	0.670348200469763	1.19353068227229	0.686718109413876	1	0.9978554962989
"Gene1325"	"Gene1325"	0.367756391224817	1	0.367756391224817	0.813462341862917	1.28364342585482	1	1
"Gene1326"	"Gene1326"	2.50539682745247	1	2.50539682745247	0.857612539965782	1.41930382619569	1	1
"Gene1327"	"Gene1327"	1.95657730189445	1	1.95657730189445	1.51986192899336	0.828459218537838	1	1
"Gene1328"	"Gene1328"	0.703236737941195	1	0.703236737941195	1.40699210107239	2.29682455949344	1	0.931256792214964
"Gene1329"	"Gene1329"	0.368491203050224	1	0.368491203050224	0.61335068995426	1.46133472696022	1	1
"Gene1330"	"Gene1330"	1.73703692029641	1	1.73703692029641	0.49129661400989	0.727576520064089	1	1
"Gene1331"	"Gene1331"	7.06095727783762	1	7.06095727783762	0.681643660419682	1.28265510457693	0.838840076022524	1
"Gene1332"	"Gene1332"	0.324293562400432	1	0.324293562400432	0.603107574618109	1.01409937467077	1	1
"Gene1333"	"Gene1333"	0.0993453030605886	1	0.0993453030605886	1.9183115920755	1.55417814563675	1	1
"Gene1334"	"Gene1334"	1.07201389581406	1	1.07201389581406	0.933469549782411	0.696835948759867	1	1
"Gene1336"	"Gene1336"	0.203969775990668	1	0.203969775990668	2.99340421855296	1.62015290492966	1	1
"Gene1337"	"Gene1337"	1.10798714744356	1	1.10798714744356	1.65544810245101	0.987879518289059	1	0.815542659748588
"Gene1338"	"Gene1338"	2.75997213050583	1	2.75997213050583	0.471694677706394	2.06127122849315	1	1
"Gene1339"	"Gene1339"	2.11509247042731	1	2.11509247042731	1.40245633309816	0.764488213967639	1	1
"Gene1340"	"Gene1340"	6.78926054508074	40.315527445962	45.4144754320157	0.564502565318126	0.845866397951372	1.02331828534404	1
"Gene1341"	"Gene1341"	0.870853855577081	1	0.870853855577081	0.798189120768315	2.09189714153232	1	1
"Gene1342"	"Gene1342"	4.16944581013623	1	4.16944581013623	0.838498643023375	0.82648508862871	1	1
"Gene1343"	"Gene1343"	2.15036917835873	1	2.15036917835873	1.297737172556	1.66595887558265	1	1
"Gene1344"	"Gene1344"	0.694685280295494	1	0.694685280295494	0.84762893873537	0.602003525781375	1	1
"Gene1346"	"Gene1346"	0.0719812216761925	1	0.0719812216761925	1.35143761456529	1.69453124322458	1	1
"Gene1347"	"Gene1347"	0.30014140775754	1	0.30014140775754	1.03248502924749	1.40989536018877	0.900204318780776	1
"Gene1348"	"Gene1348"	1.53944545694507	1	1.53944545694507	0.860284226230137	0.392653517106171	1	1
"Gene1349"	"Gene1349"	2.86860496553478	1	2.86860496553478	1.27853785349755	0.889832435858414	1	1
"Gene1350"	"Gene1350"	13.3329497106127	1	13.3329497106127	1.41795440089001	0.775485223247034	1	1
"Gene1351"	"Gene1351"	3.48637323883115	1	3.48637323883115	1.11796310486179	0.425333999142368	1	1
"Gene1352"	"Gene1352"	1.28095388089553	1	1.28095388089553	0.952338116576308	3.00115739993678	1.07524509436676	1
"Gene1353"	"Gene1353"	1.58654151882251	1	1.58654151882251	1.89335246463551	0.404195860737262	1	1
"Gene1355"	"Gene1355"	3.77678816169802	1	3.77678816169802	1.15744512270556	1.96042283503891	1	0.99179130986488
"Gene1356"	"Gene1356"	4.50957701166854	1	4.50957701166854	0.819788263151311	0.711821300831521	1	1
"Gene1357"	"Gene1357"	5.75120726470311	1	5.75120726470311	1.34818765441809	0.681201386971834	1	1
"Gene1358"	"Gene1358"	0.636787214297699	73.7118164536422	83.0345945955986	0.42108596893312	1.52577052761514	1	1
"Gene1361"	"Gene1361"	0.117375064078856	1	0.117375064078856	1.68339902954733	0.99930621879824	1	1
"Gene1365"	"Gene1365"	1.86890509928359	1	1.86890509928359	1.98327864622955	0.725009522199152	1	1
"Gene1366"	"Gene1366"	3.8527630311977	1	3.8527630311977	1.10076032811426	2.24631627640005	1	1
"Gene1367"	"Gene1367"	4.7281862201809	1	4.7281862201809	1.09632183790797	1.31540783635165	1	1
"Gene1368"	"Gene1368"	0.94102791086026	1	0.94102791086026	0.913178146855994	2.05987662041502	1	0.905963812989568
"Gene1369"	"Gene1369"	4.65717776328487	1	4.65717776328487	0.748299331274812	1.1253367685685	1	1
"Gene1370"	"Gene1370"	1.46951313729425	1	1.46951313729425	0.316517267706896	0.928682210328796	1	1
"Gene1371"	"Gene1371"	7.86032232714296	1	7.86032232714296	1.77342841204215	1.8573676644987	1	1
"Gene1372"	"Gene1372"	4.90505228405626	51.1458606281604	57.6145861928822	1.29462030394818	1.84005594309344	1	1
"Gene1373"	"Gene1373"	1.02749732240964	1	1.02749732240964	2.31215599840937	0.96058699888742	1	1
"Gene1374"	"Gene1374"	2.59976986587781	52.5339914501321	59.1782822947218	1.00909313993502	1.33371499028495	1	1
"Gene1375"	"Gene1375"	1.31222575476021	1	1.31222575476021	0.415198803034784	0.44433725473408	1	1
"Gene1376"	"Gene1376"	1.63386790723038	1	1.63386790723038	0.518247345248063	1.57921481357646	1	1
"Gene1377"	"Gene1377"	4.72994279385769	1	4.72994279385769	0.457424102339905	2.14471172667881	1	1
"Gene1382"	"Gene1382"	2.2993696268748	1	2.2993696268748	0.68508271605865	0.744636075830427	1	1
"Gene1383"	"Gene1383"	2.74064731804883	1	2.74064731804883	1.06468459423665	1.0179581219011	1	1
"Gene1384"	"Gene1384"	3.3776176012409	1	3.3776176012409	1.94618874785265	0.869433980569446	1	1
"Gene1385"	"Gene1385"	6.22205973663007	1	6.22205973663007	1.35947771813366	1.66038182174106	1.17704353251163	1
"Gene1386"	"Gene1386"	1.51501933878761	1	1.51501933878761	1.56645407225556	1.61239602232041	1	1
"Gene1387"	"Gene1387"	2.01351067855363	1	2.01351067855363	0.626345143137182	1.13457662359808	1	1
"Gene1388"	"Gene1388"	6.72157999982294	1	6.72157999982294	1.50834037230643	1.38885658220222	1	1
"Gene1389"	"Gene1389"	0.645530179356862	1	0.645530179356862	1.67876536803823	0.479966930495775	1	1
"Gene1390"	"Gene1390"	3.39020659738423	1	3.39020659738423	0.938988101209643	1.72195239993386	1	1
"Gene1391"	"Gene1391"	0.0407472513092602	1	0.0407472513092602	2.20709089979978	1.55466211115217	1	0.96371642517408
"Gene1392"	"Gene1392"	0.895996397426837	1	0.895996397426837	0.830580229094232	1.26126630352435	1	1
"Gene1393"	"Gene1393"	3.59954629223692	1	3.59954629223692	1.32439311664472	1.09849014235474	1	1.21615993129182
"Gene1394"	"Gene1394"	0.573189764515488	1	0.573189764515488	1.01415665384171	0.477733708112741	1	1.22592650985231
"Gene1395"	"Gene1395"	0.791030773682171	1	0.791030773682171	1.72746581886271	0.296463380706386	1	1
"Gene1396"	"Gene1396"	10.9509234300889	1	10.9509234300889	1.54237377600156	1.4645074425266	1	1
"Gene1397"	"Gene1397"	0.926745120098188	1	0.926745120098188	0.441518281713037	0.71295635665186	1	0.971442138175929
"Gene1398"	"Gene1398"	2.01624377392553	1	2.01624377392553	1.61878154547561	0.870223403544056	1	1
"Gene1399"	"Gene1399"	2.7973766037825	1	2.7973766037825	2.7814424633658	0.964584603027771	1	1
"Gene1400"	"Gene1400"	1.92956618712972	1	1.92956618712972	0.75560308616055	1.06332093451078	1	1
"Gene1401"	"Gene1401"	2.36816767741227	1	2.36816767741227	1.17363956032065	0.607422463260784	1	1
"Gene1402"	"Gene1402"	1.18728169866816	1	1.18728169866816	1.95891466429299	1.02507496103744	1	1
"Gene1403"	"Gene1403"	1.080167628063	1	1.080167628063	1.59601055029813	0.731171309681918	1	1
"Gene1405"	"Gene1405"	0.284669713742593	1	0.284669713742593	0.241726981178534	1.10770067506973	1	1
"Gene1406"	"Gene1406"	0.933059491180035	1	0.933059491180035	0.908484205784219	0.996074924864778	1	1
"Gene1407"	"Gene1407"	0.62412652887615	1	0.62412652887615	0.684680957505254	0.425431011989479	1	1
"Gene1408"	"Gene1408"	1.75584326188187	1	1.75584326188187	1.083049400548	0.912072054926502	1	1
"Gene1409"	"Gene1409"	1.8865624339259	1	1.8865624339259	0.532019946837145	1.8931629155568	1	1
"Gene1410"	"Gene1410"	6.03301882169267	1	6.03301882169267	2.64980226685992	1.44737102169795	0.820040716863326	0.799310237769255
"Gene1411"	"Gene1411"	3.79843048054352	1	3.79843048054352	0.502818544343972	1.12005960190325	1	1
"Gene1412"	"Gene1412"	1.94337685674555	1	1.94337685674555	1.54644455003554	1.02362856407264	1	1
"Gene1413"	"Gene1413"	3.46749715736697	1	3.46749715736697	0.744250452211771	0.894630861670957	1	1
"Gene1415"	"Gene1415"	1.39783607916307	1	1.39783607916307	2.75718225090459	1.20852164161001	1.05706842255425	1
"Gene1416"	"Gene1416"	1.16460955222555	1	1.16460955222555	0.560301878154286	1.73927294303534	0.959464046137484	1
"Gene1417"	"Gene1417"	4.24685428667303	1	4.24685428667303	0.459998378840769	1.35429606948616	1	1
"Gene1418"	"Gene1418"	0.644436092515662	1	0.644436092515662	2.24763670218259	1.92262776214886	1	1
"Gene1419"	"Gene1419"	6.56233252898712	1	6.56233252898712	1.57066550616583	1.72263385573723	1	1
"Gene1420"	"Gene1420"	0.334526141626375	1	0.334526141626375	0.427683349536571	1.68961075601689	1	1
"Gene1421"	"Gene1421"	1.57072756175125	1	1.57072756175125	1.23647893978228	1.19086756380151	1	1
"Gene1422"	"Gene1422"	4.01618493946083	1	4.01618493946083	0.623211783222021	0.922027414487641	1	1
"Gene1423"	"Gene1423"	2.59787995967378	1	2.59787995967378	0.669426417637471	1.92129913909707	1	1
"Gene1424"	"Gene1424"	1.63396051297503	1	1.63396051297503	1.57626064118414	2.91671878707946	1	1.22341037326055
"Gene1425"	"Gene1425"	10.1592205812018	1	10.1592205812018	0.48930144938439	1.42981275487	1	1
"Gene1426"	"Gene1426"	1.61235292269584	1	1.61235292269584	1.25427291571688	0.774303001004989	1	1
"Gene1427"	"Gene1427"	0.922489996574337	1	0.922489996574337	1.94889812090682	0.646253109187994	1	1
"Gene1429"	"Gene1429"	1.9982834916323	1	1.9982834916323	0.356577567171831	1.2804230943944	1	1.00412032616682
"Gene1430"	"Gene1430"	1.52546069594506	1	1.52546069594506	1.4454608794536	1.78472354363106	1.14505480441536	1
"Gene1431"	"Gene1431"	2.67692988142196	1	2.67692988142196	0.502516214175671	0.896288059012664	1	1
"Gene1433"	"Gene1433"	0.40669555028762	98.9330990881	111.445765008829	0.780724587485113	0.447883169880299	1	1
"Gene1434"	"Gene1434"	2.12085108527879	1	2.12085108527879	1.09959611105322	1.58320405168595	0.969073987409967	1
"Gene1435"	"Gene1435"	0.995842839777842	1	0.995842839777842	1.44883255888696	1.10650141987015	1	1
"Gene1436"	"Gene1436"	4.25330483981993	1	4.25330483981993	1.18474061563043	0.961399146104296	1	1
"Gene1437"	"Gene1437"	0.156108028904928	1	0.156108028904928	5.7937901096656	1.68652064364561	1	1
"Gene1438"	"Gene1438"	4.63505972864704	1	4.63505972864704	1.28755655739797	1.0198827309379	0.946631842476857	1
"Gene1439"	"Gene1439"	1.66342443729477	1	1.66342443729477	2.05628849400797	1.62538265985131	1	1
"Gene1440"	"Gene1440"	1.86071549116123	1	1.86071549116123	0.647313614200288	0.780611054771643	1	1
"Gene1441"	"Gene1441"	8.28635183061781	1	8.28635183061781	0.613134895254651	1.72096599694496	1	1
"Gene1442"	"Gene1442"	6.88505721657067	1	6.88505721657067	0.50404739850614	1.0195166102021	1	1
"Gene1443"	"Gene1443"	1.40913199422476	1	1.40913199422476	1.83677090217159	1.58626173113928	1	0.939225941573897
"Gene1444"	"Gene1444"	0.325908106386083	1	0.325908106386083	0.267441751762215	0.873724134777161	1	1
"Gene1446"	"Gene1446"	9.23094148280577	1	9.23094148280577	2.21340018693588	0.744718821596582	1	1
"Gene1447"	"Gene1447"	3.7033937895967	1	3.7033937895967	1.08600102487469	0.533679007542515	1	1
"Gene1448"	"Gene1448"	3.11765163254868	1	3.11765163254868	0.540053587579753	0.833025238675575	1	1
"Gene1449"	"Gene1449"	0.752339798096154	1	0.752339798096154	0.809937161078066	1.67379449929221	1	1
"Gene1450"	"Gene1450"	4.47072151241687	1	4.47072151241687	2.55098189847454	0.43019245018289	1	1
"Gene1452"	"Gene1452"	7.90508334412203	1	7.90508334412203	0.882973349194963	0.837903880818678	1	1
"Gene1453"	"Gene1453"	1.25792981851391	1	1.25792981851391	2.10890507354816	0.567358475953505	1	1
"Gene1454"	"Gene1454"	5.09012522977787	1	5.09012522977787	0.926891561546435	1.48580963024878	1.05595250130976	1
"Gene1455"	"Gene1455"	0.319175882489325	1	0.319175882489325	0.794900333629179	0.666830966322502	1	1
"Gene1456"	"Gene1456"	7.94140600624758	1	7.94140600624758	0.461768444014037	0.276454048733718	1	1
"Gene1457"	"Gene1457"	1.63413381529052	38.0984868357907	42.9170323201188	0.659816876400471	3.05409264108224	0.940838275063378	1
"Gene1458"	"Gene1458"	0.222006506694056	1	0.222006506694056	1.55802591558463	1.37673700297591	0.866482383955993	1
"Gene1459"	"Gene1459"	0.837091637266917	1	0.837091637266917	0.48413473987496	1.36929644269607	1	1
"Gene1460"	"Gene1460"	3.32567012022491	1	3.32567012022491	0.718581115568397	0.696779549374616	1.06789474522608	1
"Gene1462"	"Gene1462"	1.48868299032646	1	1.48868299032646	1.34708644704131	0.673804296902181	1	1
"Gene1463"	"Gene1463"	0.96625792920183	1	0.96625792920183	1.01226872524207	1.22063002098992	1	0.885822368102394
"Gene1464"	"Gene1464"	2.22317575010244	1	2.22317575010244	0.309349246369401	1.05234299782549	1.06391627262473	0.923285841263699
"Gene1465"	"Gene1465"	2.85508133746398	1	2.85508133746398	0.879082249726933	1.67114747947127	1	1
"Gene1466"	"Gene1466"	0.394768813195779	1	0.394768813195779	1.20965295413358	1.33619975130869	1	1
"Gene1467"	"Gene1467"	0.45449830711133	1	0.45449830711133	1.23236028686466	1.13751764624202	1	1
"Gene1468"	"Gene1468"	0.0295470598635722	1	0.0295470598635722	1.34913095265564	2.35469711054336	1	1
"Gene1469"	"Gene1469"	0.279713585307384	1	0.279713585307384	1.2545104749905	1.49304931020143	1	1
"Gene1470"	"Gene1470"	14.8085379763438	1	14.8085379763438	1.08459123313917	3.77364317317403	1	1
"Gene1471"	"Gene1471"	1.40989627265474	1	1.40989627265474	1.62677940648296	0.466248784021145	1	1
"Gene1473"	"Gene1473"	0.138216032676041	32.7346181183713	36.8747627649378	0.703854433608284	0.717041184901205	1	1
"Gene1474"	"Gene1474"	1.44238955131717	1	1.44238955131717	0.528946811451133	0.84684661893325	1	1
"Gene1475"	"Gene1475"	4.96336147108432	1	4.96336147108432	0.489119768006534	1.2904644444956	1	1
"Gene1476"	"Gene1476"	0.907936372990886	31.1270466850315	35.0638720736904	1.06762199193846	0.92423477154825	1	1
"Gene1477"	"Gene1477"	6.34463598659282	1	6.34463598659282	1.09103572214582	0.78671584397954	1	1
"Gene1478"	"Gene1478"	1.0343306005863	1	1.0343306005863	1.16370452095709	0.782684116323479	1	1
"Gene1479"	"Gene1479"	1.02923494397168	1	1.02923494397168	0.607395891750754	0.625885892630761	1	1
"Gene1480"	"Gene1480"	0.593222162992155	53.6416490158346	60.4260319954322	0.532444507147798	0.314287914144784	1	1
"Gene1483"	"Gene1483"	0.188317207657952	92.646263228307	104.363795088372	0.663069025656033	1.82993294466292	1	1
"Gene1484"	"Gene1484"	0.385660082969783	1	0.385660082969783	1.11225141215836	0.557306498080411	1	1
"Gene1486"	"Gene1486"	3.4614083257364	1	3.4614083257364	0.676142502163547	0.525906366059937	1	1
"Gene1487"	"Gene1487"	4.09389439841878	1	4.09389439841878	1.02906863882473	0.690018384552324	1	1
"Gene1488"	"Gene1488"	0.709656442904221	1	0.709656442904221	0.477006078804928	1.41350680826896	1	1
"Gene1489"	"Gene1489"	0.384220081246808	1	0.384220081246808	1.28202391147319	0.676698237620017	1	1
"Gene1490"	"Gene1490"	0.699272592439867	1	0.699272592439867	0.339293862984908	0.988636465951378	1	1
"Gene1491"	"Gene1491"	7.35769391627788	1	7.35769391627788	0.940957018915882	0.662996419992696	1	1
"Gene1492"	"Gene1492"	5.25848397651612	1	5.25848397651612	1.38518381991444	0.423379056790858	1	1
"Gene1493"	"Gene1493"	0.172313231878905	1	0.172313231878905	0.76049415768212	0.752450920177979	1	1
"Gene1494"	"Gene1494"	1.02220240486992	1	1.02220240486992	2.02154189808801	0.776789150506029	1	1
"Gene1495"	"Gene1495"	9.79194975878676	1	9.79194975878676	1.51975438986736	1.89817171282458	1	1
"Gene1496"	"Gene1496"	0.214964193926114	1	0.214964193926114	1.73033487957705	0.863208763095115	1	1
"Gene1497"	"Gene1497"	0.531632120800568	1	0.531632120800568	1.12371251683832	0.8442153892749	1	1
"Gene1498"	"Gene1498"	0.186516721059257	1	0.186516721059257	2.17984498309606	1.3480167094184	1	1
"Gene1499"	"Gene1499"	0.752104696180648	1	0.752104696180648	0.527635589289954	0.583574705632394	1	1
"Gene1500"	"Gene1500"	1.07028971908195	1	1.07028971908195	2.17731775595275	1.63853256293933	1	1
"Gene1501"	"Gene1501"	6.49423634021188	1	6.49423634021188	0.493253153325887	1.35375577219285	1	1
"Gene1502"	"Gene1502"	1.98971511596555	1	1.98971511596555	0.263427802704943	0.514159111770814	1	1
"Gene1503"	"Gene1503"	4.83981723463014	1	4.83981723463014	1.244496232641	0.996259852007103	1	1
"Gene1504"	"Gene1504"	2.75990244869334	1	2.75990244869334	1.55677060130281	0.442190115919141	1	1
"Gene1505"	"Gene1505"	1.37082376816404	1	1.37082376816404	1.42908666480057	0.55925075967781	1.17770587377221	1
"Gene1506"	"Gene1506"	0.282046478210713	1	0.282046478210713	0.675965067779692	1.43127271430109	1	1
"Gene1507"	"Gene1507"	6.91172432984296	1	6.91172432984296	1.87705427836925	0.920571839578523	1	1
"Gene1508"	"Gene1508"	7.59659974409035	1	7.59659974409035	1.27696400092113	2.29624198143523	1	1.1160823970912
"Gene1509"	"Gene1509"	0.683563342043885	1	0.683563342043885	2.08127272877703	0.722333347732786	1	1
"Gene1510"	"Gene1510"	3.56738827670399	1	3.56738827670399	0.919300500979136	1.03881264849318	1	1
"Gene1512"	"Gene1512"	3.76243191995547	1	3.76243191995547	0.511366974716386	0.753417195614519	1	1
"Gene1513"	"Gene1513"	1.84970603416977	1	1.84970603416977	2.20257220136021	1.87127025590086	1	1
"Gene1514"	"Gene1514"	0.639480449734826	1	0.639480449734826	0.647488834919796	1.13764204959483	1	1
"Gene1515"	"Gene1515"	0.261445919423551	1	0.261445919423551	4.00627610777355	1.70845596363737	1	1
"Gene1516"	"Gene1516"	5.62106716400652	1	5.62106716400652	1.83127657405919	2.91876791797533	1	1
"Gene1517"	"Gene1517"	0.754129540352251	1	0.754129540352251	2.12656969418461	0.970636530331354	1	1
"Gene1519"	"Gene1519"	0.578278418523962	1	0.578278418523962	1.22047062068348	1.63399849438983	1	1
"Gene1520"	"Gene1520"	0.140614647683451	1	0.140614647683451	1.339518335711	2.60890327860855	1	0.852701647102567
"Gene1522"	"Gene1522"	0.675500246454772	1	0.675500246454772	2.10923772676678	0.24418355779408	1	1
"Gene1523"	"Gene1523"	5.14663135770241	1	5.14663135770241	0.381343236499841	0.822627960637166	1	1
"Gene1524"	"Gene1524"	0.764881771007414	1	0.764881771007414	0.515625436567062	1.0921122727261	1	1
"Gene1525"	"Gene1525"	4.74865506295251	1	4.74865506295251	0.505372620384131	0.588518634327165	1	1
"Gene1526"	"Gene1526"	7.25818264455055	1	7.25818264455055	0.374240790328791	2.10159368909918	1	1
"Gene1527"	"Gene1527"	0.724192441851718	1	0.724192441851718	0.430676611107551	0.882676210655588	1.13073528298469	1
"Gene1529"	"Gene1529"	0.206284565928264	1	0.206284565928264	0.560777752167749	0.758407693193913	1	1
"Gene1530"	"Gene1530"	0.59020798012422	1	0.59020798012422	2.89497577045297	0.872923402878263	1	1
"Gene1531"	"Gene1531"	3.55323755125095	1	3.55323755125095	0.503606991245248	0.988634788396823	1	1
"Gene1532"	"Gene1532"	1.57534991614155	1	1.57534991614155	2.16205215036908	2.30276638203304	1	1.00773460795485
"Gene1533"	"Gene1533"	0.189255852582225	1	0.189255852582225	0.412339097960068	1.15722513679617	1	1
"Gene1534"	"Gene1534"	2.11633467514128	1	2.11633467514128	2.25965011009558	0.753392322855315	1	1
"Gene1535"	"Gene1535"	0.211204085016597	1	0.211204085016597	1.33555694680504	0.745844529109308	1.20618653039372	1
"Gene1536"	"Gene1536"	9.23481889469238	1	9.23481889469238	0.894964104182209	0.374499884186845	1	1
"Gene1537"	"Gene1537"	1.58235126666538	1	1.58235126666538	0.674020931664198	0.912784075521979	1	1
"Gene1538"	"Gene1538"	1.00545349446864	1	1.00545349446864	1.73215100325416	1.23618976695042	1	1
"Gene1539"	"Gene1539"	0.0692565016147602	1	0.0692565016147602	1.38454920734147	0.976752969464505	1.0900877231808	1
"Gene1540"	"Gene1540"	1.27454271121302	1	1.27454271121302	2.04908762228214	2.78906808209016	1	1.03519181677208
"Gene1543"	"Gene1543"	2.1139712305778	1	2.1139712305778	0.428179242615938	2.80114745339923	1	1
"Gene1544"	"Gene1544"	1.71002260216785	1	1.71002260216785	1.33150008098866	1.061012212864	1	1
"Gene1545"	"Gene1545"	3.20971713091341	1	3.20971713091341	1.12239481485792	1.46081233439644	1	1
"Gene1546"	"Gene1546"	0.359785007271204	1	0.359785007271204	0.857411083831233	0.545901304845505	1	1
"Gene1547"	"Gene1547"	0.867924332833689	1	0.867924332833689	1.0864826496549	1.29635267879808	1	1
"Gene1548"	"Gene1548"	6.35533908400857	1	6.35533908400857	0.565814020086316	0.528574010854521	1	1
"Gene1550"	"Gene1550"	0.230384695843745	1	0.230384695843745	1.17432841705099	1.28662918305001	1	1
"Gene1551"	"Gene1551"	1.42397191543497	1	1.42397191543497	0.383762322861526	0.383835871540429	1	1
"Gene1552"	"Gene1552"	2.37167562620583	1	2.37167562620583	0.820905578589138	2.21526049482385	0.994537945042218	1
"Gene1553"	"Gene1553"	4.65699606966425	1	4.65699606966425	0.403498924227559	0.820337647338396	1	0.924791897165509
"Gene1554"	"Gene1554"	1.51910148082267	1	1.51910148082267	0.7110073281949	2.82086745507262	1	1
"Gene1555"	"Gene1555"	0.371721603596044	1	0.371721603596044	1.95501203171711	0.873482693293203	1	1
"Gene1556"	"Gene1556"	9.06599252415429	1	9.06599252415429	1.66337757921588	1.15000824794961	1	1
"Gene1557"	"Gene1557"	0.100481054824753	1	0.100481054824753	1.21297900506264	1.09477581426294	0.956311619893158	1
"Gene1558"	"Gene1558"	3.14716702352264	1	3.14716702352264	0.400749309307081	2.23454742558932	1.31687111942242	1
"Gene1559"	"Gene1559"	2.9121618896914	1	2.9121618896914	3.1208899128584	1.7673390596235	1	1
"Gene1563"	"Gene1563"	2.60811767248316	1	2.60811767248316	0.917737868470335	0.406044907862967	1	1
"Gene1564"	"Gene1564"	4.79846849642633	1	4.79846849642633	1.22866839689084	1.38317524091567	0.914264927580811	1
"Gene1565"	"Gene1565"	1.56274179258596	1	1.56274179258596	1.38279746044437	0.966744867454126	1	1.12864469557627
"Gene1566"	"Gene1566"	0.403197527214343	1	0.403197527214343	2.18337340808264	0.922417663029008	1	1
"Gene1567"	"Gene1567"	0.118844181884872	1	0.118844181884872	0.9560084578531	0.908399010297076	1	1
"Gene1568"	"Gene1568"	0.565941317224914	1	0.565941317224914	1.05314171619371	0.647042737582799	1	1
"Gene1569"	"Gene1569"	0.804736858412134	1	0.804736858412134	0.477555140008394	2.07559341744865	1	1
"Gene1570"	"Gene1570"	0.90145980537909	1	0.90145980537909	0.576504204737009	1.02328082089293	1	1
"Gene1571"	"Gene1571"	3.894364569465	1	3.894364569465	0.618999710614222	1.17079820130164	1	1
"Gene1573"	"Gene1573"	4.75664322401768	1	4.75664322401768	1.27079505369447	0.652032182570733	1	1
"Gene1574"	"Gene1574"	1.42052939869325	1	1.42052939869325	2.91582525680703	1.479121579815	0.785430905419571	1
"Gene1575"	"Gene1575"	0.0794192883943591	1	0.0794192883943591	1.89760344310127	1.44404033849672	1	1
"Gene1576"	"Gene1576"	1.04657254815196	1	1.04657254815196	1.77987834482527	0.745625474803418	1	0.951853017375648
"Gene1577"	"Gene1577"	2.11576956710014	1	2.11576956710014	2.01734535260445	1.51171168414542	1	1
"Gene1580"	"Gene1580"	0.339509303345043	64.6070058553289	72.7782436701521	0.534330700595202	0.666298408852469	1	1
"Gene1581"	"Gene1581"	1.72785487893493	35.2057486409753	39.6584320734573	1.1566541460529	0.442535178272335	1	1
"Gene1584"	"Gene1584"	1.98810908951918	1	1.98810908951918	1.26880864387098	0.549663644247895	1	1
"Gene1585"	"Gene1585"	1.14565151439326	1	1.14565151439326	1.30298108337421	0.891995453712383	1	1
"Gene1586"	"Gene1586"	8.55060739911093	1	8.55060739911093	1.91025095620091	2.92907502438937	1	1
"Gene1587"	"Gene1587"	0.322824950405129	1	0.322824950405129	1.58822956348004	0.444810021988744	1	1
"Gene1588"	"Gene1588"	10.7886723896477	1	10.7886723896477	1.59072297978603	0.976103109966289	1	1
"Gene1589"	"Gene1589"	1.4428103409493	1	1.4428103409493	3.04798142249772	0.925367422147588	1	1
"Gene1591"	"Gene1591"	3.14127042332928	1	3.14127042332928	0.851166798792705	0.901681985469323	1	1
"Gene1592"	"Gene1592"	4.17736587152702	1	4.17736587152702	1.37545158083132	1.36497355542785	1	1
"Gene1593"	"Gene1593"	3.09058864943635	1	3.09058864943635	0.90260194383569	1.38496346627518	1	1
"Gene1594"	"Gene1594"	0.204764534589874	1	0.204764534589874	1.4657246964874	0.369753308190904	1	1
"Gene1595"	"Gene1595"	14.7449265740406	1	14.7449265740406	1.56571157532301	1.04182340717294	1	1
"Gene1597"	"Gene1597"	0.725358866049038	1	0.725358866049038	1.80188430590784	1.14938547923422	1	1.44325422465305
"Gene1598"	"Gene1598"	0.620388359884076	1	0.620388359884076	0.806721249775219	2.11618368141842	1	1.02674194188661
"Gene1599"	"Gene1599"	0.851065808623415	1	0.851065808623415	2.79591034061805	0.851652999709938	1	1
"Gene1600"	"Gene1600"	0.636547107763589	1	0.636547107763589	0.521439927733997	0.830502074302178	1	1
"Gene1602"	"Gene1602"	1.57355512814713	1	1.57355512814713	0.436431875176964	1.74690623544555	1	1
"Gene1603"	"Gene1603"	0.375969627935845	1	0.375969627935845	3.30569019829289	0.840824073367335	1	1
"Gene1605"	"Gene1605"	4.68261286735574	1	4.68261286735574	0.528328580766292	1.63612289264669	1	1.06449057347567
"Gene1606"	"Gene1606"	1.01871331556287	1	1.01871331556287	0.357752711543682	0.60210445674855	1	1
"Gene1607"	"Gene1607"	0.442180821361377	1	0.442180821361377	1.3865743059659	2.30587620043351	1	1
"Gene1608"	"Gene1608"	0.55545225333254	1	0.55545225333254	2.12779751222903	1.33458260237282	1.07495721778618	1
"Gene1609"	"Gene1609"	1.83896994702155	1	1.83896994702155	1.12668732243386	0.919541782354438	1	1
"Gene1610"	"Gene1610"	4.4609242649607	1	4.4609242649607	2.92853010503106	1.71575805349074	1	1
"Gene1613"	"Gene1613"	0.0108079868300205	62.4370917142462	70.3338873962109	1.74599432786731	1.33637746955419	1	1
"Gene1614"	"Gene1614"	9.03298547761879	1	9.03298547761879	1.258188075853	1.7551982553188	1	1
"Gene1615"	"Gene1615"	1.50501934317595	1	1.50501934317595	0.378006708267633	1.31410203477712	1	1
"Gene1616"	"Gene1616"	1.42800207735282	1	1.42800207735282	0.437138845546908	1.95066335790531	0.828385248417707	1.14795916871342
"Gene1617"	"Gene1617"	4.00827230157246	1	4.00827230157246	1.0370978118193	1.86003177565715	1	1
"Gene1618"	"Gene1618"	1.41964592606311	1	1.41964592606311	0.561860537053665	0.75298039563249	1	1
"Gene1619"	"Gene1619"	1.40936301611536	1	1.40936301611536	1.5453531472242	0.200563294657526	1	1
"Gene1620"	"Gene1620"	2.32948393784888	1	2.32948393784888	0.551313024843121	0.382361494000335	1	1
"Gene1621"	"Gene1621"	1.20957628480986	1	1.20957628480986	3.28184654444848	1.11207401522846	1	1
"Gene1622"	"Gene1622"	1.85414942952584	1	1.85414942952584	0.723234723015681	1.01019131680215	1	1
"Gene1624"	"Gene1624"	0.416821566267344	1	0.416821566267344	1.03440624309407	1.7333841524429	1	1
"Gene1626"	"Gene1626"	7.07730442652468	1	7.07730442652468	0.614938302405849	0.3578380898015	1	1
"Gene1627"	"Gene1627"	0.609229119768951	1	0.609229119768951	1.13176638796369	2.32662546904078	1	1.01561950160736
"Gene1628"	"Gene1628"	1.31669435966245	1	1.31669435966245	0.408278602184032	0.448167752067893	1	1
"Gene1629"	"Gene1629"	4.08838593025814	1	4.08838593025814	1.26523141538433	1.0443613883437	1.21576449473966	1
"Gene1630"	"Gene1630"	3.4169509180048	1	3.4169509180048	0.992146301056771	0.740249999724546	1	1
"Gene1632"	"Gene1632"	3.18590169738525	1	3.18590169738525	0.68153696401319	0.655646719058888	1.08577671175812	1
"Gene1633"	"Gene1633"	2.74992041638276	1	2.74992041638276	1.20484414609624	0.412989082700392	1.17819224914519	1
"Gene1634"	"Gene1634"	0.102662174326497	1	0.102662174326497	0.707835360842719	1.01972821472156	1	1
"Gene1635"	"Gene1635"	2.91316385804476	1	2.91316385804476	1.03043297429873	1.73727772274167	1	1
"Gene1636"	"Gene1636"	0.865856523210434	1	0.865856523210434	2.34039166320107	1.24370948641972	1	1
"Gene1637"	"Gene1637"	0.868934330729372	1	0.868934330729372	0.786803905358624	0.676058613377288	1.12956333548286	1
"Gene1638"	"Gene1638"	2.41857259132529	1	2.41857259132529	1.60994657611263	0.960635268887893	1	1
"Gene1639"	"Gene1639"	5.85704010298284	1	5.85704010298284	0.359834228664888	0.565464652400415	1	1
"Gene1640"	"Gene1640"	0.426758208123401	1	0.426758208123401	0.851447848030933	1.42844068269117	1	1
"Gene1641"	"Gene1641"	0.597875386909594	1	0.597875386909594	0.58579879278063	0.739019504871057	1	1
"Gene1642"	"Gene1642"	0.289899843267944	1	0.289899843267944	1.97388447522981	1.64457793101344	1	1
"Gene1643"	"Gene1643"	0.474198978220626	1	0.474198978220626	3.45956568763644	3.43037679852307	1	1
"Gene1644"	"Gene1644"	0.767868770117086	1	0.767868770117086	0.559291781089727	0.577155097903521	1	1
"Gene1645"	"Gene1645"	2.02982933342889	1	2.02982933342889	1.31562834734776	2.59681497886343	1.01184713307899	1
"Gene1646"	"Gene1646"	4.65581923723308	1	4.65581923723308	0.662286625923998	2.13447694851146	1	1
"Gene1647"	"Gene1647"	1.36875573793011	1	1.36875573793011	1.12365834598177	1.15589596211287	1	1
"Gene1648"	"Gene1648"	1.31105365061497	1	1.31105365061497	1.00517817759053	1.74419005362848	1	1
"Gene1649"	"Gene1649"	2.63645810727111	1	2.63645810727111	1.5286941142746	0.994914347689035	1	1
"Gene1650"	"Gene1650"	1.74321248004071	1	1.74321248004071	1.99482341806444	3.44802084780408	1	1
"Gene1651"	"Gene1651"	0.134914287049027	1	0.134914287049027	0.739586172282247	0.59860506456287	1	1
"Gene1652"	"Gene1652"	0.106582360045269	1	0.106582360045269	0.5944410612927	1.547762359619	0.860316169530114	1
"Gene1653"	"Gene1653"	0.130794395489882	53.2410244119752	59.9747379808911	1.03474754871347	0.673230043542827	1	1
"Gene1654"	"Gene1654"	1.21365595092055	1	1.21365595092055	1.93494708986446	0.831450993144737	1	1
"Gene1655"	"Gene1655"	8.47771895068114	1	8.47771895068114	3.58623445685575	0.423429014549062	1	1
"Gene1656"	"Gene1656"	0.217565549147234	1	0.217565549147234	0.555706885266048	0.531345372917526	1	1
"Gene1657"	"Gene1657"	3.9065628850871	1	3.9065628850871	1.85680645510413	1.1076060448668	1	0.962825661233049
"Gene1658"	"Gene1658"	1.0991675670447	1	1.0991675670447	2.46912071409033	1.09619180087397	1	1
"Gene1659"	"Gene1659"	3.95130348444244	1	3.95130348444244	0.411645458400365	1.21592477333358	1	1
"Gene1660"	"Gene1660"	0.985545260050954	1	0.985545260050954	1.35913653259348	0.984075261993103	1	1
"Gene1661"	"Gene1661"	0.122120737233985	1	0.122120737233985	1.7960879771226	0.858573303023793	1	1
"Gene1662"	"Gene1662"	1.58003472255055	73.8880101446271	83.2330725656868	1.18335424882415	0.716448137492658	1	1.12356713737405
"Gene1663"	"Gene1663"	0.122690366896943	1	0.122690366896943	1.18606640135531	1.61525355400421	1	1
"Gene1664"	"Gene1664"	0.380500585927423	1	0.380500585927423	1.68720325871462	0.634483317221192	1	1
"Gene1665"	"Gene1665"	3.18838870634447	1	3.18838870634447	1.20639998437023	0.934901949984289	1	1
"Gene1666"	"Gene1666"	1.71858920669951	1	1.71858920669951	0.929305640794825	1.61620666301375	0.942108695029031	1
"Gene1667"	"Gene1667"	13.1083721305998	1	13.1083721305998	2.89438935873022	0.530917122981611	1.03802088169004	1
"Gene1668"	"Gene1668"	1.14877822109623	1	1.14877822109623	1.46200098520675	2.97252470653021	1	1
"Gene1669"	"Gene1669"	6.80006343424265	1	6.80006343424265	1.19561213535839	0.538905492131032	1	1
"Gene1670"	"Gene1670"	0.547906025022658	1	0.547906025022658	1.49409850236111	0.866728288602726	1	1
"Gene1671"	"Gene1671"	1.54848527295343	1	1.54848527295343	0.985256379887707	0.863481648597436	1.07343628174803	1
"Gene1672"	"Gene1672"	3.91641389490373	1	3.91641389490373	0.368662715073576	2.40841944463005	1	1
"Gene1673"	"Gene1673"	2.21011556159901	1	2.21011556159901	3.08297105879295	1.67925758516028	1	1.23027172501883
"Gene1674"	"Gene1674"	3.95648841999382	1	3.95648841999382	0.593142114620917	2.80963042763518	1	1
"Gene1675"	"Gene1675"	0.742436201216254	1	0.742436201216254	0.705105212081311	0.872699754275826	1	0.867076813241287
"Gene1676"	"Gene1676"	1.43464414418493	1	1.43464414418493	3.26819496314249	1.7210657246925	1	1
"Gene1677"	"Gene1677"	1.39464156537119	1	1.39464156537119	1.33638757064337	0.753758447270519	1	1
"Gene1679"	"Gene1679"	0.35801200117438	1	0.35801200117438	1.01046104209129	1.29111146946599	1	1
"Gene1680"	"Gene1680"	0.525741331247331	1	0.525741331247331	1.45927726698084	0.521476826102678	1.20634976246633	1
"Gene1681"	"Gene1681"	0.0692490405922091	1	0.0692490405922091	0.606883748509748	1.07852433834729	1	0.87120361466077
"Gene1682"	"Gene1682"	3.57035187448472	1	3.57035187448472	1.35459314692153	2.75225674381053	1	1
"Gene1683"	"Gene1683"	0.65059209514741	1	0.65059209514741	1.20878777167127	0.692028892415681	1	1
"Gene1684"	"Gene1684"	0.0252717752754997	48.2421686501532	54.3436467719829	1.07256704226751	2.13673260603342	1	1
"Gene1685"	"Gene1685"	2.71420164813789	57.7270536738376	65.0281424284263	1.5171208183319	0.790002292089108	1	1
"Gene1686"	"Gene1686"	2.72433274656327	1	2.72433274656327	0.543917863261279	0.378031599991377	1	1
"Gene1687"	"Gene1687"	1.16781947618658	234.942303239885	264.656873774762	1.88062745952147	0.844052914624903	0.909547733122915	1
"Gene1688"	"Gene1688"	0.596664118064991	1	0.596664118064991	1.09055017901791	1.42635328064325	1	1.22987617229694
"Gene1689"	"Gene1689"	2.47690117752563	1	2.47690117752563	3.24056195517844	2.04532929190136	1	1
"Gene1690"	"Gene1690"	1.41720395535369	1	1.41720395535369	1.09468259345332	1.47261996229838	1	1
"Gene1691"	"Gene1691"	0.354040489250899	1	0.354040489250899	0.635136469050582	0.611811106566537	1	1
"Gene1692"	"Gene1692"	1.50571061682366	1	1.50571061682366	1.77259915079684	0.778023934878332	1	1
"Gene1693"	"Gene1693"	1.06847767446842	1	1.06847767446842	0.740444455669578	0.739547032224157	1	1
"Gene1694"	"Gene1694"	15.7517460424713	1	15.7517460424713	0.668172293213514	1.91040404000432	1	1
"Gene1695"	"Gene1695"	12.1438748050114	1	12.1438748050114	1.47410726000111	1.43634439487588	1	0.743850896118259
"Gene1697"	"Gene1697"	1.0751223902656	1	1.0751223902656	1.00077291498449	1.34519482516009	1	1
"Gene1698"	"Gene1698"	0.145239957247417	1	0.145239957247417	1.24373948429726	4.56049187050678	1	1
"Gene1699"	"Gene1699"	3.67155753733903	1	3.67155753733903	1.13164013307552	3.48307809884636	0.983018037621382	1
"Gene1700"	"Gene1700"	0.263853678076501	1	0.263853678076501	0.508730081459689	0.408682967254638	1	1
"Gene1701"	"Gene1701"	0.701520375919643	1	0.701520375919643	1.24954695651212	2.06085689953904	1	1
"Gene1702"	"Gene1702"	1.87650709302177	1	1.87650709302177	1.20708491874696	0.494003256418449	1	1.07640377971277
"Gene1703"	"Gene1703"	7.30070268153891	1	7.30070268153891	0.745614380925508	0.605255945547593	1	1
"Gene1704"	"Gene1704"	0.291533136576508	1	0.291533136576508	0.413745107595333	2.34699098496773	1	1
"Gene1705"	"Gene1705"	1.08484401209376	1	1.08484401209376	1.13508477491263	0.5271303093134	1	1
"Gene1706"	"Gene1706"	0.785378515516548	1	0.785378515516548	2.15876563040431	0.836827956676821	1	1
"Gene1707"	"Gene1707"	1.82232419594702	104.019496832258	117.175470162735	0.57321262131967	2.735368358791	1	1
"Gene1708"	"Gene1708"	0.262461403038996	1	0.262461403038996	0.683853087674076	0.909726875010534	1	1
"Gene1709"	"Gene1709"	0.187075404095469	1	0.187075404095469	1.121399713006	1.18106839691776	1	1.36541322533815
"Gene1710"	"Gene1710"	0.0929434446710763	1	0.0929434446710763	1.7770689290423	0.780136164406536	1	1
"Gene1711"	"Gene1711"	3.2368874786422	1	3.2368874786422	0.843455003259928	0.616503616887475	1	1
"Gene1712"	"Gene1712"	1.81406157788338	1	1.81406157788338	1.5405130738991	0.845944932498989	1	1
"Gene1713"	"Gene1713"	9.51373942942941	1	9.51373942942941	0.57052177036913	2.00783598851707	1	1.00871983830397
"Gene1714"	"Gene1714"	3.59906887239851	1	3.59906887239851	0.397393378195364	1.54950499837616	1	1.04642628285611
"Gene1715"	"Gene1715"	2.88996505176191	1	2.88996505176191	0.673186548112928	2.08029454306809	1	1
"Gene1716"	"Gene1716"	2.95145898360686	1	2.95145898360686	0.642441113181417	3.29327458598536	1	1
"Gene1717"	"Gene1717"	1.42035095879962	1	1.42035095879962	2.44192744489991	1.16680424511137	1	1
"Gene1719"	"Gene1719"	5.04990387526638	1	5.04990387526638	1.01177508062244	0.966411348195232	1	1
"Gene1721"	"Gene1721"	1.22935846220749	24.5459736392589	27.6504510151629	0.481533641768969	0.880590480315183	1	1
"Gene1722"	"Gene1722"	0.088353956878467	1	0.088353956878467	0.778958577246025	1.11094686443117	1	1
"Gene1723"	"Gene1723"	0.570899166028311	1	0.570899166028311	2.28753744192682	0.547906508796265	1	1
"Gene1724"	"Gene1724"	6.79423731997085	1	6.79423731997085	0.44456584392562	0.941228004229103	1	1
"Gene1725"	"Gene1725"	0.423934218043022	1	0.423934218043022	2.26548689913764	0.385386307030998	1	1
"Gene1726"	"Gene1726"	0.209406653796087	52.2477967481159	58.8558908220836	1.06287731006714	2.68910013076849	1	1
"Gene1727"	"Gene1727"	0.888514947097238	1	0.888514947097238	1.23252339886244	0.908339348714494	1	1
"Gene1728"	"Gene1728"	2.39173720406999	1	2.39173720406999	0.974167872741092	2.28762137125859	1	1
"Gene1729"	"Gene1729"	1.06356481091882	1	1.06356481091882	0.270312210325658	0.766621870616211	1	1
"Gene1730"	"Gene1730"	2.59720000256674	1	2.59720000256674	1.50935493290115	1.32613839393459	1	1
"Gene1731"	"Gene1731"	0.706609576510598	1	0.706609576510598	0.517481368807895	0.330943617711017	1	1
"Gene1732"	"Gene1732"	0.315092333590039	1	0.315092333590039	0.88717618298972	1.75232142518225	1	1
"Gene1733"	"Gene1733"	0.550181559873423	1	0.550181559873423	3.83214944124945	0.772275590199876	1	1
"Gene1734"	"Gene1734"	1.38894975481208	1	1.38894975481208	0.94851953233518	1.63395157561218	1	1
"Gene1735"	"Gene1735"	0.562832499181789	1	0.562832499181789	1.14388554594429	2.4956125526799	1	1.23721507310479
"Gene1736"	"Gene1736"	0.830558619321827	1	0.830558619321827	1.38902891268031	1.17330581206838	1	1
"Gene1737"	"Gene1737"	1.67145657587812	1	1.67145657587812	0.969550813752528	0.853255000747328	1	1
"Gene1738"	"Gene1738"	1.66830814348657	1	1.66830814348657	0.650797489054153	1.92764166388146	1	1
"Gene1739"	"Gene1739"	0.504704810446392	1	0.504704810446392	1.11259340329625	0.367364576511635	1	1
"Gene1740"	"Gene1740"	0.112526034010051	1	0.112526034010051	0.897919583410343	1.98193849867597	1	1
"Gene1741"	"Gene1741"	4.99308708453414	1	4.99308708453414	1.10501143720365	0.509392855116155	1.01108108354878	1
"Gene1742"	"Gene1742"	0.871990427025487	1	0.871990427025487	1.2343109440592	0.578519167780863	1	1
"Gene1743"	"Gene1743"	2.84877482035284	1	2.84877482035284	0.669199754950532	1.83160454405382	1	1.06531256408585
"Gene1744"	"Gene1744"	0.694103416269112	1	0.694103416269112	0.612114003245077	1.62730111838658	1	1
"Gene1746"	"Gene1746"	1.11440498680291	1	1.11440498680291	1.0538911970415	0.542959490372871	1	1
"Gene1747"	"Gene1747"	2.24857312631519	1	2.24857312631519	1.43178864230504	1.3588546171027	1.096457708339	1
"Gene1748"	"Gene1748"	5.42294198447461	1	5.42294198447461	1.8685781955465	1.30061585983153	1	1
"Gene1749"	"Gene1749"	0.195569015346973	1	0.195569015346973	1.72994892800566	0.521553644154343	1	1
"Gene1750"	"Gene1750"	1.41972727092013	57.5988828147227	64.883761027484	0.575552834093505	0.816321022518006	1	1
"Gene1752"	"Gene1752"	0.906501582198544	1	0.906501582198544	0.610020280108425	0.444448538327249	1	1
"Gene1754"	"Gene1754"	3.01110970146344	1	3.01110970146344	0.243462884956857	1.05447199131081	1	1
"Gene1755"	"Gene1755"	1.17407413629031	1	1.17407413629031	1.19005001992956	1.97678718259752	1	1
"Gene1756"	"Gene1756"	4.56359202952772	1	4.56359202952772	1.73992342448907	1.24576099744354	1	0.85140842827439
"Gene1757"	"Gene1757"	2.62329320608728	1	2.62329320608728	3.02123107166629	1.42443177629748	1	1
"Gene1758"	"Gene1758"	3.56288097669985	1	3.56288097669985	0.665574970139302	1.26564315102332	1	1
"Gene1759"	"Gene1759"	1.61926840670978	1	1.61926840670978	0.903492983127495	0.8725724390574	1	1
"Gene1760"	"Gene1760"	3.02338568281817	1	3.02338568281817	0.797366647089809	2.76619704160004	1	1
"Gene1761"	"Gene1761"	7.09631103847225	1	7.09631103847225	0.805552835405314	0.501361101240427	1	1
"Gene1762"	"Gene1762"	0.491744950722471	1	0.491744950722471	0.640073223207126	3.88987119532876	1.10318812440651	1
"Gene1763"	"Gene1763"	1.19493874291684	1	1.19493874291684	1.29586660810227	2.63779768603782	1	1
"Gene1764"	"Gene1764"	1.27983895598035	1	1.27983895598035	1.1232362478947	2.41921147127391	1	1
"Gene1766"	"Gene1766"	1.07878889865867	1	1.07878889865867	0.958992488578881	2.33504423939076	1	1
"Gene1767"	"Gene1767"	3.07777629655274	1	3.07777629655274	0.864158503891968	0.354462536177146	1	1
"Gene1768"	"Gene1768"	0.847431787170276	1	0.847431787170276	2.80045113101167	0.775567987906538	1	1
"Gene1769"	"Gene1769"	5.21902579984789	1	5.21902579984789	0.754381192531782	1.09640117107059	1	1
"Gene1770"	"Gene1770"	0.573224229810902	1	0.573224229810902	2.2888649152969	0.900855175436733	1	1
"Gene1771"	"Gene1771"	5.95289003459536	1	5.95289003459536	1.52901391538458	2.44453644617075	1	1
"Gene1773"	"Gene1773"	7.32093933779074	71.7014472607523	80.7699618820081	0.725229943810234	2.23989399030551	1.11857634682311	1.03993796518302
"Gene1774"	"Gene1774"	0.543842877288337	1	0.543842877288337	0.663338393413911	1.72514772578466	1.00258774665095	1
"Gene1775"	"Gene1775"	2.37479635716885	1	2.37479635716885	0.59625185756259	2.48850718974997	1	1
"Gene1776"	"Gene1776"	0.275808317456084	1	0.275808317456084	0.851027675595366	0.605331856875719	1	1
"Gene1778"	"Gene1778"	1.66124419050623	1	1.66124419050623	1.52005034059532	0.543442369025748	1	1
"Gene1780"	"Gene1780"	4.89193036918628	1	4.89193036918628	2.09846848218814	1.36142723821773	1	1
"Gene1781"	"Gene1781"	3.95077942185763	1	3.95077942185763	1.45296089776141	3.06992003390862	1	1.07666020040631
"Gene1782"	"Gene1782"	4.51287943898591	1	4.51287943898591	0.595788530738084	0.528471440930715	1.03956432674826	1
"Gene1783"	"Gene1783"	0.267877193495324	1	0.267877193495324	1.27151205844633	1.38502357628954	1	1
"Gene1785"	"Gene1785"	3.56357059018294	1	3.56357059018294	3.71603736152129	2.17487103588886	1	1
"Gene1786"	"Gene1786"	2.03301285229712	1	2.03301285229712	0.840072340543328	0.396034248586713	1	1
"Gene1787"	"Gene1787"	1.63897602967143	1	1.63897602967143	0.500849483410635	1.21917564625923	1	1
"Gene1788"	"Gene1788"	0.0782374449763481	1	0.0782374449763481	1.67574533149425	1.28416046443394	1	1
"Gene1789"	"Gene1789"	3.98551235086168	1	3.98551235086168	1.81911432702793	1.0553741239148	1	1.01926572383166
"Gene1790"	"Gene1790"	1.25897656394347	1	1.25897656394347	0.602178521289646	1.30214129952561	1	1
"Gene1791"	"Gene1791"	10.0925571196558	1	10.0925571196558	0.314577578057282	0.466651712460712	1	1
"Gene1792"	"Gene1792"	4.70687725552218	1	4.70687725552218	1.23047068429351	1.67785431158345	1	1.1096083143156
"Gene1793"	"Gene1793"	0.168763823327237	1	0.168763823327237	0.912968416667341	0.873833421502218	1	1
"Gene1794"	"Gene1794"	0.393857774776446	1	0.393857774776446	0.472097328270417	0.964587445279678	1	1
"Gene1795"	"Gene1795"	0.119156503650485	1	0.119156503650485	0.81720136754165	0.797285967858012	1	1
"Gene1796"	"Gene1796"	1.50535754552712	1	1.50535754552712	2.69902780439263	2.20219802551683	1	1
"Gene1797"	"Gene1797"	0.139658593748181	1	0.139658593748181	2.29923851888012	2.48052535834167	1	1
"Gene1800"	"Gene1800"	1.66571005160642	1	1.66571005160642	1.22224713634015	2.26222572419087	1	1
"Gene1801"	"Gene1801"	0.625816017555555	1	0.625816017555555	0.80416200961231	0.89166770647229	1	1
"Gene1802"	"Gene1802"	6.81046179128747	1	6.81046179128747	1.03069703097979	2.20827078781251	1	1
"Gene1804"	"Gene1804"	1.09053686401602	1	1.09053686401602	1.74582563590283	1.07377252093487	1	1
"Gene1805"	"Gene1805"	0.843335945750959	1	0.843335945750959	1.86858016213149	2.4133530099178	1	1
"Gene1806"	"Gene1806"	0.739142876046428	1	0.739142876046428	0.755665040297118	1.04056139050399	1	1
"Gene1807"	"Gene1807"	0.863185946330484	1	0.863185946330484	0.366001184587537	0.757648014464722	1	1
"Gene1808"	"Gene1808"	7.47292669297257	1	7.47292669297257	0.679160391190504	1.65898935868224	1	1
"Gene1809"	"Gene1809"	0.598248304914665	1	0.598248304914665	1.16528673981832	0.656378372291839	1	1
"Gene1810"	"Gene1810"	2.41152254654806	1	2.41152254654806	0.772316616255941	1.00497101660399	1	1
"Gene1811"	"Gene1811"	7.91275581257699	1	7.91275581257699	1.22345435152817	0.621784309212376	1	1
"Gene1812"	"Gene1812"	8.8191582040322	1	8.8191582040322	1.34802148404044	0.294636764325802	1	1
"Gene1813"	"Gene1813"	1.45544249881868	1	1.45544249881868	1.20163504912338	1.75193233544054	1	1
"Gene1814"	"Gene1814"	0.159021811634906	1	0.159021811634906	0.711835395300921	0.793815636273263	1	1
"Gene1815"	"Gene1815"	0.380420018393492	1	0.380420018393492	1.44653647538772	1.27322742711332	1	1
"Gene1817"	"Gene1817"	0.109103915947695	1	0.109103915947695	1.42218252034516	0.77988693393538	1	1
"Gene1818"	"Gene1818"	0.116374248081735	1	0.116374248081735	1.25816853694899	0.476349237153194	1	1
"Gene1819"	"Gene1819"	0.0241534717479653	41.5196798030055	46.7709242024964	2.35600743980627	2.33271073352402	1	0.92802108963099
"Gene1821"	"Gene1821"	1.30260762786896	81.3781072828295	91.6704874779	1.36473621751604	1.19189667612141	0.947812565192581	1
"Gene1822"	"Gene1822"	0.518287224802086	1	0.518287224802086	0.8865483044991	0.292302778333651	1	1
"Gene1823"	"Gene1823"	0.758241032615318	1	0.758241032615318	1.14899824425311	0.935085897823176	1	1
"Gene1824"	"Gene1824"	3.98112527333886	1	3.98112527333886	1.76733593532262	0.837006144514686	1	1.00798097024849
"Gene1825"	"Gene1825"	1.20991887881122	1	1.20991887881122	2.27057959422176	1.56863751309217	0.918205959148892	1.26646327885232
"Gene1826"	"Gene1826"	2.43414338692462	1	2.43414338692462	0.830840106142248	0.535452934739668	1	1
"Gene1827"	"Gene1827"	2.22351627132076	1	2.22351627132076	1.16553243902782	1.4687010861538	1	1
"Gene1828"	"Gene1828"	8.36207580437832	1	8.36207580437832	0.661904405213587	0.830238522136643	1	1
"Gene1829"	"Gene1829"	0.0817605414754442	1	0.0817605414754442	1.61115587912934	0.929025282154213	1	0.809386757066867
"Gene1830"	"Gene1830"	0.194158520880618	1	0.194158520880618	1.50145613058923	0.885571261142613	1	1
"Gene1831"	"Gene1831"	7.03705784852422	1	7.03705784852422	0.739386949498529	0.614029030486693	1	1
"Gene1832"	"Gene1832"	3.87311331441648	1	3.87311331441648	1.53426732600054	0.81231161888717	1	1
"Gene1833"	"Gene1833"	1.58719906634302	1	1.58719906634302	1.60220357705274	0.981331368575398	1	1
"Gene1834"	"Gene1834"	0.810075081535834	1	0.810075081535834	0.400407379615673	1.13278109356819	1	1.20646949795447
"Gene1835"	"Gene1835"	0.725037526255267	1	0.725037526255267	0.57169767812952	1.48622884760382	1.07743165310036	1
"Gene1836"	"Gene1836"	1.08361011977066	1	1.08361011977066	0.785304990490584	2.23691168302301	1	1
"Gene1837"	"Gene1837"	0.737608579442876	1	0.737608579442876	1.07015453720373	0.513617831027523	1	1
"Gene1838"	"Gene1838"	1.34426923629447	1	1.34426923629447	0.890216422627767	1.17339590375313	1	1
"Gene1839"	"Gene1839"	0.184949550133877	1	0.184949550133877	1.11902002588482	1.04237285545483	1	1.09340417749837
"Gene1840"	"Gene1840"	4.82418671413887	1	4.82418671413887	3.10034092423499	1.34664069678413	0.89318498315839	1
"Gene1841"	"Gene1841"	2.88105202129925	1	2.88105202129925	1.38955652239864	0.830894287757756	1	1
"Gene1843"	"Gene1843"	1.69316730776349	1	1.69316730776349	1.81365133835217	1.1749123896491	1.02776594953875	1
"Gene1844"	"Gene1844"	5.10987486377304	1	5.10987486377304	1.04370587349013	0.836734588632771	1	1
"Gene1845"	"Gene1845"	1.31466681740832	1	1.31466681740832	0.356303801838566	1.36995895425117	0.952671405057038	1
"Gene1846"	"Gene1846"	5.12030294936966	1	5.12030294936966	1.04673165706657	3.08742750639542	1	1
"Gene1848"	"Gene1848"	1.15659586493884	1	1.15659586493884	2.58829298186814	0.682842520870561	1	1
"Gene1850"	"Gene1850"	0.569526545286902	1	0.569526545286902	0.64303586856919	1.28331331959885	1	1
"Gene1852"	"Gene1852"	2.05029196659709	58.7803737716995	66.2146822739118	1.47504722576667	1.55026200713735	1	1
"Gene1853"	"Gene1853"	3.5473078363285	1	3.5473078363285	1.97135793540731	1.01392544854285	1	1
"Gene1854"	"Gene1854"	0.217066308961902	1	0.217066308961902	0.521924363028129	0.540859918163855	1	0.977446179963267
"Gene1855"	"Gene1855"	0.415823771790213	1	0.415823771790213	1.32572899591549	0.641756310444045	1	1
"Gene1856"	"Gene1856"	0.356166396566775	1	0.356166396566775	0.393086605885141	0.83153954445903	1	1
"Gene1857"	"Gene1857"	2.3661261324247	1	2.3661261324247	1.74127453092664	0.626812982415916	1	1
"Gene1858"	"Gene1858"	0.701712920041828	1	0.701712920041828	1.92135353078018	0.359802305673156	1	1
"Gene1859"	"Gene1859"	2.81514425443959	1	2.81514425443959	0.557549600995955	1.15968105751964	1	1
"Gene1860"	"Gene1860"	3.5902344267638	1	3.5902344267638	1.5913578165097	0.972200041449931	1	1
"Gene1861"	"Gene1861"	1.46685180163583	1	1.46685180163583	2.52393098605649	1.35250290798245	1	1
"Gene1862"	"Gene1862"	4.40879568455296	1	4.40879568455296	1.34408100610619	0.49800121637248	1	1
"Gene1863"	"Gene1863"	0.196397959171489	1	0.196397959171489	0.504422578941898	2.55916315205907	1	1
"Gene1864"	"Gene1864"	5.18398163143899	1	5.18398163143899	1.46088202631988	6.03786826602232	1	1
"Gene1865"	"Gene1865"	0.864993719139024	1	0.864993719139024	1.43053870756141	0.699333394213304	1	1
"Gene1866"	"Gene1866"	0.495899477274718	1	0.495899477274718	1.2801772974085	1.03899272217335	1	1
"Gene1867"	"Gene1867"	4.00485118052132	1	4.00485118052132	0.962883541243798	1.47599634926285	1	1
"Gene1868"	"Gene1868"	0.408652668033003	1	0.408652668033003	1.84022610852182	0.601422245434042	1	1
"Gene1869"	"Gene1869"	6.58904749211187	1	6.58904749211187	2.25214349798221	1.0788095097243	1	1
"Gene1870"	"Gene1870"	1.26740007841375	1	1.26740007841375	1.38125086242165	0.625607135609323	1	1
"Gene1871"	"Gene1871"	0.0108755038550001	23.7955155941632	26.8050780134717	0.948793491733217	0.957862245191744	1	1
"Gene1872"	"Gene1872"	0.0931470791515621	1	0.0931470791515621	3.24281762150028	1.45173294409945	1	1
"Gene1873"	"Gene1873"	1.1579614524887	1	1.1579614524887	1.09566025319715	1.16457683393807	1	1
"Gene1876"	"Gene1876"	0.692749966857601	1	0.692749966857601	0.999703691004072	1.85395048562207	1	1
"Gene1877"	"Gene1877"	0.40296710463281	1	0.40296710463281	0.802949362206567	1.33269528090008	1	1
"Gene1878"	"Gene1878"	2.13174396051287	1	2.13174396051287	0.335764443930928	0.427446773220214	1	1
"Gene1879"	"Gene1879"	6.0025971622135	1	6.0025971622135	0.68619806600575	0.548929249026579	1	1
"Gene1880"	"Gene1880"	0.2620794521569	1	0.2620794521569	1.44126716828316	1.3081802027346	1	1
"Gene1881"	"Gene1881"	0.883119477476914	1	0.883119477476914	2.41244832071627	1.01845519067846	1	1
"Gene1882"	"Gene1882"	1.12007942592673	1	1.12007942592673	2.55065971407385	0.397867245469024	1	1
"Gene1883"	"Gene1883"	8.17190906694793	1	8.17190906694793	1.33706501561235	2.60069961677706	1	1
"Gene1884"	"Gene1884"	2.39356346780025	27.7635207516889	31.2749407228733	1.58775712067553	0.621460659823498	1	1
"Gene1886"	"Gene1886"	4.01882604456128	1	4.01882604456128	1.90276445715561	0.956267265984153	1	1
"Gene1887"	"Gene1887"	0.742716978421718	1	0.742716978421718	1.0310759466265	0.753996561958053	1	1
"Gene1888"	"Gene1888"	2.12192560209739	1	2.12192560209739	0.782483373857598	1.68344832219613	1.05228573867826	1
"Gene1889"	"Gene1889"	0.526263583640277	1	0.526263583640277	1.02997509274262	0.563984314390188	1	0.846979370698674
"Gene1890"	"Gene1890"	0.356137368914785	1	0.356137368914785	1.02801652559303	1.07469598765603	0.829227562574043	1
"Gene1891"	"Gene1891"	0.270567620554818	1	0.270567620554818	0.493788885932404	2.16397365065904	1	1
"Gene1892"	"Gene1892"	0.930124955676557	1	0.930124955676557	0.492181717859835	1.56862097111767	1	1
"Gene1893"	"Gene1893"	0.937679001474308	1	0.937679001474308	1.59716030326618	1.44415403285001	1	1
"Gene1894"	"Gene1894"	4.70561098526864	1	4.70561098526864	2.05522845491061	0.685198414346163	1	1
"Gene1895"	"Gene1895"	0.372036391113133	1	0.372036391113133	0.744978314908632	2.48369457854289	1.02678045393699	1
"Gene1896"	"Gene1896"	0.3495589638292	1	0.3495589638292	1.59029689175837	0.572855860703325	1	1
"Gene1897"	"Gene1897"	1.13970081007269	76.0513638241625	85.6700386369284	1.50247047926744	1.50261115787784	1	1
"Gene1898"	"Gene1898"	0.515711581158218	1	0.515711581158218	0.597427870163171	1.53740280293626	1	1
"Gene1899"	"Gene1899"	0.38084325657644	1	0.38084325657644	0.504407294206095	0.648741861360547	0.911212336690995	1
"Gene1900"	"Gene1900"	7.30276377067743	1	7.30276377067743	0.78925790893607	1.65176983269327	1	1
"Gene1902"	"Gene1902"	0.339077653427425	1	0.339077653427425	2.67509140297309	1.18257345788668	1	1
"Gene1903"	"Gene1903"	2.9876846549563	1	2.9876846549563	1.00948885917212	0.461499407274105	1	1.01153108249071
"Gene1904"	"Gene1904"	0.205026390708422	1	0.205026390708422	1.61681357501095	0.481152971729442	1	1
"Gene1905"	"Gene1905"	0.492174173438549	1	0.492174173438549	0.37779983687103	0.509663656203617	0.891194581603353	1
"Gene1906"	"Gene1906"	0.218715988071632	1	0.218715988071632	0.811813125015437	0.927539696002436	1	1
"Gene1907"	"Gene1907"	0.23004616831284	1	0.23004616831284	0.82075878251475	0.977224526747757	1	1.16503323094379
"Gene1908"	"Gene1908"	3.62665327885622	1	3.62665327885622	0.458764560090801	1.47645410665819	1	1
"Gene1909"	"Gene1909"	0.176214762005213	1	0.176214762005213	0.988014617215063	0.976676603230902	1	1
"Gene1910"	"Gene1910"	1.77289524141033	1	1.77289524141033	0.846622789691487	1.31292708417617	1	1
"Gene1911"	"Gene1911"	0.394574103186685	1	0.394574103186685	0.944455220112039	2.76508577445682	1	1
"Gene1913"	"Gene1913"	0.887816761172282	1	0.887816761172282	0.380026260980065	1.3052789509343	1	1
"Gene1914"	"Gene1914"	0.819930081653999	1	0.819930081653999	1.54630401653803	1.47968798554846	1	1
"Gene1915"	"Gene1915"	0.167832925484976	1	0.167832925484976	0.737279669827416	0.478412221996858	1.01085734794666	1.0864642306747
"Gene1916"	"Gene1916"	1.23360476741478	1	1.23360476741478	1.23603269860734	3.06320063866237	1	1
"Gene1917"	"Gene1917"	1.3387441039264	1	1.3387441039264	0.710875352557694	0.592165534354469	1	1
"Gene1918"	"Gene1918"	0.0596513782393393	1	0.0596513782393393	2.23909937062377	0.933431186220148	1	1
"Gene1919"	"Gene1919"	2.56612684090577	1	2.56612684090577	0.510781303092341	0.408133263854898	1	1
"Gene1920"	"Gene1920"	2.12310386520169	1	2.12310386520169	1.02929435109788	0.29606318919666	1	1
"Gene1921"	"Gene1921"	0.454531790724625	1	0.454531790724625	1.76691766278728	1.28298695669728	1	1.04774887664035
"Gene1922"	"Gene1922"	3.09173003140251	1	3.09173003140251	0.484428907720137	1.90867976136957	1	1
"Gene1923"	"Gene1923"	1.93859699094214	41.1238114603289	46.3249880021851	1.62504606321109	1.11624101658536	1	1
"Gene1925"	"Gene1925"	1.85089173101517	37.6056289038998	42.3618396720918	1.90629247508534	1.06621880452655	1	1
"Gene1926"	"Gene1926"	0.570043392525427	1	0.570043392525427	0.628902909718162	0.433988446882246	1	1
"Gene1927"	"Gene1927"	5.2995029765427	1	5.2995029765427	0.890791719858985	0.310714516033106	1	1
"Gene1928"	"Gene1928"	0.604534690138803	1	0.604534690138803	0.978714659639728	0.623929607978742	1	1
"Gene1929"	"Gene1929"	1.28220197283175	1	1.28220197283175	0.800181873417295	1.60150107108853	1	1
"Gene1930"	"Gene1930"	0.0915588925709151	120.269034989821	135.480185447122	0.870943788834658	1.45855609027858	1	1
"Gene1931"	"Gene1931"	0.549083670422279	1	0.549083670422279	1.41105652001624	1.11483909856466	1	0.92660702328329
"Gene1935"	"Gene1935"	5.99187128059229	1	5.99187128059229	0.907366435065028	1.09333066783156	1	1
"Gene1937"	"Gene1937"	0.563093748708043	1	0.563093748708043	0.713748511551828	1.40475952650135	1	1
"Gene1938"	"Gene1938"	0.247992380825643	1	0.247992380825643	0.779649092202303	0.343125543788406	1	1
"Gene1940"	"Gene1940"	0.049072851401073	56.2386096573852	63.3514459171947	0.595630195894759	1.99258950884368	1	1
"Gene1941"	"Gene1941"	1.5642159722501	1	1.5642159722501	0.479896899405434	1.37739909313183	1	1
"Gene1942"	"Gene1942"	0.422914913472744	1	0.422914913472744	1.85207504678419	3.60089630555869	1	1
"Gene1943"	"Gene1943"	0.444657788498474	1	0.444657788498474	0.539039642691135	1.70336018991821	1	1
"Gene1944"	"Gene1944"	1.18853235997975	1	1.18853235997975	1.17530083314927	0.439080218539934	1	1
"Gene1945"	"Gene1945"	1.47689043370319	1	1.47689043370319	1.67426109289762	1.08507911097864	1	0.862337478383787
"Gene1946"	"Gene1946"	1.97812673747948	1	1.97812673747948	0.571667636645073	0.333590257531708	1	1
"Gene1947"	"Gene1947"	4.81504871425313	1	4.81504871425313	1.35863018368324	1.28668865324682	1	1
"Gene1948"	"Gene1948"	2.9425801685557	1	2.9425801685557	1.53116518777692	0.954504104590018	1	1
"Gene1949"	"Gene1949"	1.19316047523493	1	1.19316047523493	1.42036175531606	0.622244071171223	1	1
"Gene1950"	"Gene1950"	1.57196924820371	1	1.57196924820371	0.756161621940961	0.771399163716945	1.04581387107033	1
"Gene1952"	"Gene1952"	0.0908955463159465	1	0.0908955463159465	3.47327281234643	0.91117905128731	1	1
"Gene1953"	"Gene1953"	0.0605457967853728	1	0.0605457967853728	2.50195174407294	1.81327506416447	1	1
"Gene1954"	"Gene1954"	0.207310745520344	1	0.207310745520344	0.420648986734047	0.551779348936244	1	1
"Gene1955"	"Gene1955"	2.56448752332572	1	2.56448752332572	2.27066270516586	1.4334259324878	1	1
"Gene1956"	"Gene1956"	5.30471425472098	1	5.30471425472098	0.394890314722171	0.445764053010153	1	1
"Gene1957"	"Gene1957"	3.02901590192262	1	3.02901590192262	1.65924903628282	0.784452334501177	1	1
"Gene1958"	"Gene1958"	1.79565041043196	1	1.79565041043196	1.3174551594555	0.435495216794445	1	1
"Gene1959"	"Gene1959"	0.89093633453088	1	0.89093633453088	1.02346735142578	0.776849190799517	1	1
"Gene1961"	"Gene1961"	1.62432661437255	1	1.62432661437255	1.14384990423565	1.03313588253104	1	1
"Gene1962"	"Gene1962"	3.79196977718366	1	3.79196977718366	0.564474474143832	0.474751976089366	1	1
"Gene1964"	"Gene1964"	0.304306361727809	1	0.304306361727809	0.765956323316712	0.761912209803856	1	1
"Gene1965"	"Gene1965"	0.692155991252638	17.8469476697081	20.1041588149582	0.993006489680803	0.410997945910348	1	1
"Gene1966"	"Gene1966"	0.648422660626413	1	0.648422660626413	1.7432574280281	0.907719787421469	0.852574111416305	1
"Gene1967"	"Gene1967"	1.19910427981651	1	1.19910427981651	0.909471084371077	1.86689504590394	1	1
"Gene1969"	"Gene1969"	1.97775539196883	1	1.97775539196883	1.34451398541267	1.5165893985847	1	1.16557349150978
"Gene1970"	"Gene1970"	0.538610888674669	1	0.538610888674669	1.45157360888572	0.677656456808992	1	1
"Gene1971"	"Gene1971"	2.08515047098668	1	2.08515047098668	0.294621081987976	1.2121277964944	1	1
"Gene1972"	"Gene1972"	5.76531857669611	1	5.76531857669611	0.504049361804052	1.25028178132301	1	1
"Gene1973"	"Gene1973"	4.15666553174248	1	4.15666553174248	1.09739395183089	1.25866224233965	1	1
"Gene1974"	"Gene1974"	1.26778003704112	1	1.26778003704112	0.394216297964737	0.903736722636406	0.885332522809408	1
"Gene1975"	"Gene1975"	0.0365591773966642	38.3757821481138	43.229398843558	2.09791113505293	0.47091109902203	1	1
"Gene1976"	"Gene1976"	0.648224376670938	1	0.648224376670938	0.55066695256922	1.17152910093969	1	1
"Gene1977"	"Gene1977"	0.0876494414016472	1	0.0876494414016472	1.30532478835206	1.94481673963482	1	1
"Gene1978"	"Gene1978"	0.773008354253201	1	0.773008354253201	1.07035597846245	1.2551026253124	1	1.19597197494557
"Gene1979"	"Gene1979"	0.863094861210196	1	0.863094861210196	0.968373240994606	0.71690826162872	1	1
"Gene1980"	"Gene1980"	0.192625318304297	1	0.192625318304297	0.850160081244169	0.345998609378301	1	1
"Gene1981"	"Gene1981"	0.0191353092942698	29.3357087391014	33.045972810313	1.74231590550561	1.3012951029716	1.16790912917462	1
"Gene1983"	"Gene1983"	0.107478654820327	1	0.107478654820327	3.11149003593349	1.79336103497869	1	1
"Gene1984"	"Gene1984"	4.26499164040662	1	4.26499164040662	0.89836583252548	0.683283038451894	1.11843911558659	1
"Gene1985"	"Gene1985"	6.79077971924128	1	6.79077971924128	1.85714018058105	0.809568893993479	1	1
"Gene1986"	"Gene1986"	0.170402204256754	43.5257523095253	49.0307168018689	1.32414140389753	3.32244170808033	1	1
"Gene1987"	"Gene1987"	6.3457539568912	1	6.3457539568912	2.45474438912211	2.03166342896926	1	1
"Gene1988"	"Gene1988"	1.26271576287541	1	1.26271576287541	0.720276980906248	1.12214071172702	1	1
"Gene1990"	"Gene1990"	1.27032673192366	1	1.27032673192366	3.2507680011777	0.598051117338458	1	1
"Gene1991"	"Gene1991"	3.11705470098391	1	3.11705470098391	1.19815249043272	0.698997360226273	1	1
"Gene1992"	"Gene1992"	2.73775441573768	49.7951269974864	56.093017130747	0.685098928910262	0.542480461617119	1	1
"Gene1993"	"Gene1993"	0.133106426980612	1	0.133106426980612	2.32436509018038	1.7836199610283	1	1
"Gene1994"	"Gene1994"	0.0951791307987357	1	0.0951791307987357	0.677524069188584	0.963472504880517	1	1
"Gene1995"	"Gene1995"	0.771800456853086	1	0.771800456853086	1.72473565941663	0.453713580425841	1	1
"Gene1996"	"Gene1996"	0.687032285103752	1	0.687032285103752	1.46193173635037	0.615918347008789	1	1
"Gene1997"	"Gene1997"	3.22389304618597	1	3.22389304618597	0.58863017531386	1.61785832585725	1	1
"Gene1999"	"Gene1999"	7.46821010776161	1	7.46821010776161	0.8930974036614	2.86503471782351	1	1
"Gene2000"	"Gene2000"	1.79013371406822	1	1.79013371406822	0.925604655450875	1.62805668273116	1	1
"Gene2001"	"Gene2001"	2.35294825039379	1	2.35294825039379	1.25078635412493	0.877253394087554	1	1
"Gene2002"	"Gene2002"	0.964402195899228	1	0.964402195899228	2.69860732204667	2.47755196742542	1	1
"Gene2003"	"Gene2003"	6.00371934311238	1	6.00371934311238	1.70838154367852	1.44954353953951	1	1
"Gene2004"	"Gene2004"	4.60671993254691	53.6014968354054	60.3808015264997	1.60570758013969	0.545199437259005	1	0.792342918524814
"Gene2006"	"Gene2006"	0.965385073088232	1	0.965385073088232	1.42235715538081	2.29977054021558	1	1
"Gene2007"	"Gene2007"	1.30560549906604	1	1.30560549906604	0.812630876928318	0.715274130603733	1	1
"Gene2009"	"Gene2009"	1.81223006180827	1	1.81223006180827	1.63133751626247	2.27951981715029	1	1
"Gene2010"	"Gene2010"	4.46001548481744	1	4.46001548481744	2.06708009826695	1.40702525971	1	1
"Gene2013"	"Gene2013"	0.648501916849129	1	0.648501916849129	2.27184025893555	0.67544561119683	1	1
"Gene2014"	"Gene2014"	0.542643912020178	1	0.542643912020178	0.604401037495642	0.571807631914474	1	1
"Gene2015"	"Gene2015"	0.611732213255574	1	0.611732213255574	1.08575788656133	1.61834852624535	1	1
"Gene2016"	"Gene2016"	0.387668851417414	1	0.387668851417414	1.17144825688547	0.741901291881429	1	1
"Gene2017"	"Gene2017"	1.48215132387604	1	1.48215132387604	0.826614049914077	1.06607848312128	1	0.895653695659234
"Gene2018"	"Gene2018"	0.903758664951885	1	0.903758664951885	0.401011085117006	1.99865615300361	1	1
"Gene2019"	"Gene2019"	1.70010360059143	1	1.70010360059143	0.382494892680881	0.613903436902363	1	1
"Gene2020"	"Gene2020"	0.694725560554601	1	0.694725560554601	0.7772387727619	1.04898464114374	1	1
"Gene2021"	"Gene2021"	3.19628289337398	1	3.19628289337398	1.60454983239925	2.28542148474718	1	1
"Gene2022"	"Gene2022"	0.963169912938119	1	0.963169912938119	0.830304536391997	1.67229305159046	1	1
"Gene2023"	"Gene2023"	1.34592863505437	1	1.34592863505437	0.605064656138749	0.832270758873666	1	1
"Gene2024"	"Gene2024"	0.342039154704588	1	0.342039154704588	1.58481032635198	0.360956415332842	1	0.838434638934749
"Gene2025"	"Gene2025"	4.65422784792648	36.3234439461082	40.9174890470632	2.88155719603504	0.986404140851132	1	1
"Gene2026"	"Gene2026"	0.420910061062365	1	0.420910061062365	0.656499699165204	0.88127641062713	1	0.941961889729244
"Gene2027"	"Gene2027"	5.06662171781312	1	5.06662171781312	0.640822057348413	0.461735383087223	1	1
"Gene2028"	"Gene2028"	1.00722064818846	1	1.00722064818846	0.579706843661971	2.51759613512456	1	1
"Gene2029"	"Gene2029"	0.53824343404714	1	0.53824343404714	1.82005432225668	0.466789443010711	1.09234612884705	1
"Gene2030"	"Gene2030"	1.36949145695904	1	1.36949145695904	0.663939997009204	0.997480895477381	1	1
"Gene2031"	"Gene2031"	1.05808156036086	1	1.05808156036086	1.51901726402992	2.36900925702119	1	1.06259154353224
"Gene2032"	"Gene2032"	0.325693717895496	1	0.325693717895496	1.70621133901301	0.550770684482441	1	1
"Gene2033"	"Gene2033"	0.308620300697663	1	0.308620300697663	1.97358966478492	2.18867069068792	1	1
"Gene2034"	"Gene2034"	0.969967024912754	1	0.969967024912754	0.405810907534631	1.21392944566587	1	1
"Gene2035"	"Gene2035"	3.10829710210301	1	3.10829710210301	1.03121702060136	1.42184633291451	1	1
"Gene2036"	"Gene2036"	0.600092567263225	72.2002575182451	81.3318596821672	0.284242360591981	2.00305754692917	1	1
"Gene2037"	"Gene2037"	2.65836594082626	1	2.65836594082626	1.07448968575016	0.99321945120419	1	1
"Gene2038"	"Gene2038"	1.9263776278568	1	1.9263776278568	2.2896625731064	1.9731241806395	1	0.750161683627597
"Gene2039"	"Gene2039"	7.90461079763947	1	7.90461079763947	0.978933420155184	1.82406679622388	1	1
"Gene2040"	"Gene2040"	0.737990335853459	1	0.737990335853459	0.671115024491004	1.53639259387463	1	1
"Gene2041"	"Gene2041"	1.24690705220263	1	1.24690705220263	0.809724079682826	2.57533174657971	1	1
"Gene2042"	"Gene2042"	0.259307567047239	1	0.259307567047239	0.490386696924503	1.19847720062911	1	1
"Gene2043"	"Gene2043"	0.219723725384945	1	0.219723725384945	1.18427803718868	0.657355473673011	1	1
"Gene2044"	"Gene2044"	6.19754300688834	1	6.19754300688834	1.44123568463002	0.931800329784167	1	1
"Gene2045"	"Gene2045"	0.642942260632105	1	0.642942260632105	0.706101135232194	2.21499631190316	1	1
"Gene2046"	"Gene2046"	10.6593347351525	1	10.6593347351525	1.40880381116774	0.627265631889346	1	1
"Gene2047"	"Gene2047"	0.824834459582511	1	0.824834459582511	0.669785064213721	0.387986689318803	1	1
"Gene2048"	"Gene2048"	0.170700872480407	1	0.170700872480407	0.495126879063796	2.19429978268925	1.16030198017005	1.01731625205155
"Gene2050"	"Gene2050"	0.425043858272059	1	0.425043858272059	0.660547273968514	0.534166834474948	1	1
"Gene2051"	"Gene2051"	0.811842195857846	1	0.811842195857846	1.19528662237706	0.509367570547058	1	1
"Gene2053"	"Gene2053"	10.0655868770086	1	10.0655868770086	0.746490589685985	1.78530176472575	1	1
"Gene2054"	"Gene2054"	4.35683532738893	1	4.35683532738893	1.41367591795123	0.832034420626778	1	1
"Gene2055"	"Gene2055"	1.4012101202496	1	1.4012101202496	1.23599915075405	1.32418584789474	1	1
"Gene2056"	"Gene2056"	0.07405125268831	1	0.07405125268831	1.3970624791827	2.23677577949657	1	1
"Gene2058"	"Gene2058"	0.0916457286908352	208.23152475392	234.56782198332	0.965628379053	0.589405127831197	1	1
"Gene2059"	"Gene2059"	1.88092316543692	1	1.88092316543692	0.620662720535651	0.504567485770424	1	1
"Gene2060"	"Gene2060"	0.303940844667986	1	0.303940844667986	0.526153100662399	0.587976855297278	1	1
"Gene2061"	"Gene2061"	0.536011982518185	1	0.536011982518185	0.715575985784991	0.993006197644862	1	1
"Gene2062"	"Gene2062"	0.110474322317981	1	0.110474322317981	1.53298579462628	2.01760454076134	1	1
"Gene2063"	"Gene2063"	3.35207147633195	1	3.35207147633195	1.45997860102514	0.689556613261268	1	1
"Gene2064"	"Gene2064"	1.65368664911898	1	1.65368664911898	0.941509380225043	2.39850542376166	1	1
"Gene2065"	"Gene2065"	3.75894501344117	1	3.75894501344117	2.78290631173102	2.15948954685035	1	1
"Gene2066"	"Gene2066"	10.6993785800305	1	10.6993785800305	1.00591866219278	1.77899046460809	1	1
"Gene2067"	"Gene2067"	4.04207244823648	1	4.04207244823648	1.00473305603457	0.495450599744572	1	1
"Gene2068"	"Gene2068"	4.77665350690482	1	4.77665350690482	0.858293076051768	2.14466990169448	1	1
"Gene2069"	"Gene2069"	0.46911800321003	52.3020700076424	58.9170283481817	2.34603823493198	0.601728050178792	1	1
"Gene2070"	"Gene2070"	0.863564372479973	1	0.863564372479973	0.879155997188936	0.875499627073137	1	1
"Gene2071"	"Gene2071"	4.97899976652853	1	4.97899976652853	1.29332522008686	0.334649763643906	1	1
"Gene2072"	"Gene2072"	11.8912271591611	1	11.8912271591611	1.37695353417584	2.07306668738909	1	1
"Gene2073"	"Gene2073"	10.8212797782836	1	10.8212797782836	2.59510251201749	2.00789582407089	1	1
"Gene2074"	"Gene2074"	4.42449979736275	1	4.42449979736275	0.88789868615887	0.892910630774594	1	1
"Gene2075"	"Gene2075"	1.24947199848481	1	1.24947199848481	2.09300458951161	0.746794049822053	1	1
"Gene2076"	"Gene2076"	1.4482466031688	1	1.4482466031688	0.333445543902659	1.39893034394137	1	1
"Gene2077"	"Gene2077"	1.06745064056887	1	1.06745064056887	0.595868411480268	0.455541822573408	1	1
"Gene2078"	"Gene2078"	0.380832744287745	1	0.380832744287745	1.01610189592914	0.30665853300347	1	1
"Gene2079"	"Gene2079"	1.68157645891954	1	1.68157645891954	1.21333576274963	0.656581572909278	1	1
"Gene2080"	"Gene2080"	18.5663028437926	1	18.5663028437926	0.382940130157782	0.546027333155469	1	1.05022570073782
"Gene2081"	"Gene2081"	3.26710741431857	1	3.26710741431857	0.582773197748221	0.768337814217468	1	1
"Gene2082"	"Gene2082"	0.936422863758637	1	0.936422863758637	1.5176658671569	1.91318043280977	1	1
"Gene2083"	"Gene2083"	0.52462153456577	1	0.52462153456577	0.301183234950367	1.03399112955733	1	1
"Gene2084"	"Gene2084"	3.19605824131148	1	3.19605824131148	1.7985500899334	0.361167516447476	1	0.979601938571289
"Gene2085"	"Gene2085"	0.590176499035186	1	0.590176499035186	1.32153206771472	1.15411269616038	1	1
"Gene2086"	"Gene2086"	1.61949988260845	1	1.61949988260845	1.43108757381064	0.621188490714023	1	1
"Gene2087"	"Gene2087"	0.410783819068965	1	0.410783819068965	0.560927954817857	1.9247802473134	1	1
"Gene2088"	"Gene2088"	4.29697480574292	1	4.29697480574292	0.794662730961438	0.529582791020121	1	1
"Gene2089"	"Gene2089"	17.2225534498285	1	17.2225534498285	0.722900081349583	0.549075325910836	1	1
"Gene2090"	"Gene2090"	0.206821238138339	1	0.206821238138339	1.328311073966	0.49167727191863	1.26525521269158	1
"Gene2091"	"Gene2091"	0.662849165950026	124.083356158384	139.776926826277	0.66800354395147	0.337239125108699	1	1
"Gene2092"	"Gene2092"	12.4194604923106	1	12.4194604923106	1.25944688908385	0.925446287895135	1	1
"Gene2094"	"Gene2094"	1.94412179452596	1	1.94412179452596	0.412632166038587	1.61443429598025	1	1
"Gene2095"	"Gene2095"	7.3481369409312	1	7.3481369409312	0.788772864622807	0.45906149920883	1	1
"Gene2097"	"Gene2097"	3.2813175518994	1	3.2813175518994	1.61228685458302	2.76485546687718	1	1
"Gene2098"	"Gene2098"	0.0239086200615896	149.323070551075	168.208860173406	0.437172504911744	1.03152392890199	1	1
"Gene2099"	"Gene2099"	3.3308029181427	1	3.3308029181427	1.24208386765581	0.486823538508439	1	1
"Gene2100"	"Gene2100"	0.226784546760893	1	0.226784546760893	0.897515498119788	1.63155512430293	1.01479983117055	1
"Gene2101"	"Gene2101"	0.670757998295425	1	0.670757998295425	5.28257041886527	1.30353714072352	1	1
"Gene2102"	"Gene2102"	1.88467608333691	1	1.88467608333691	1.92483086296163	1.46221003615288	0.996203514799371	1
"Gene2103"	"Gene2103"	3.8022812978566	1	3.8022812978566	0.630664944699526	0.434089274377294	1	1
"Gene2104"	"Gene2104"	7.86307590563576	1	7.86307590563576	0.602691232998454	0.652724232434188	1	1
"Gene2106"	"Gene2106"	0.298104021015422	1	0.298104021015422	0.999787918090862	1.498526269612	1.02451683758753	1
"Gene2107"	"Gene2107"	3.69931052182785	1	3.69931052182785	0.370868367193362	0.53110582806508	1	1
"Gene2108"	"Gene2108"	2.67081793440677	1	2.67081793440677	1.09782934201832	1.49316871359945	1	1
"Gene2109"	"Gene2109"	1.97307701521036	1	1.97307701521036	0.840460644091408	1.38701273814403	1	1
"Gene2110"	"Gene2110"	0.657767354930108	1	0.657767354930108	1.05966953444875	1.27957064017601	1	1
"Gene2111"	"Gene2111"	1.30447243442746	1	1.30447243442746	1.45909500144499	1.07533902469147	1	1
"Gene2112"	"Gene2112"	1.11762508704809	1	1.11762508704809	1.55491822994744	0.58126471466105	1	1
"Gene2113"	"Gene2113"	1.44107713271397	1	1.44107713271397	0.755398618398743	1.68071028253579	1	1
"Gene2116"	"Gene2116"	0.0485035631557639	1	0.0485035631557639	1.52963163173872	1.36140281352344	1	1
"Gene2117"	"Gene2117"	4.98546140063281	1	4.98546140063281	0.335339386119916	0.907501027386504	1	1
"Gene2120"	"Gene2120"	1.40975582748956	1	1.40975582748956	1.01424970081576	1.72340172787108	1	1
"Gene2121"	"Gene2121"	1.20263630162887	1	1.20263630162887	1.21509393680589	0.563211295795445	1	1
"Gene2122"	"Gene2122"	0.259501486931176	1	0.259501486931176	0.343248189682315	0.443264705442147	1	1
"Gene2123"	"Gene2123"	0.110719415629395	25.4682794175369	28.6894063696366	0.74779734737563	1.02128024237209	1	1
"Gene2124"	"Gene2124"	3.39651108065521	1	3.39651108065521	1.83000701328243	2.12109129061637	1	1
"Gene2125"	"Gene2125"	0.346002364992011	1	0.346002364992011	1.49306603370831	1.90825401945003	1	1
"Gene2126"	"Gene2126"	0.27168812673443	1	0.27168812673443	1.24862023583666	0.817360225044896	1	1
"Gene2127"	"Gene2127"	3.97670426613286	1	3.97670426613286	1.68727960371778	0.456483913767199	1	1
"Gene2128"	"Gene2128"	0.729515795107957	1	0.729515795107957	2.05781836241985	1.37688797207158	1	1
"Gene2129"	"Gene2129"	1.38386001327674	1	1.38386001327674	0.40330027405432	2.05554409771117	1	1
"Gene2130"	"Gene2130"	0.740452341332728	1	0.740452341332728	0.835659817094519	0.635686947839081	1	1
"Gene2131"	"Gene2131"	0.245216680526555	1	0.245216680526555	0.486468070382631	0.976491663914359	1	1
"Gene2132"	"Gene2132"	0.0633103267804373	38.0816109590185	42.8980220493964	1.19206629889765	0.658487486318954	1	1
"Gene2133"	"Gene2133"	3.7042859312925	1	3.7042859312925	1.20446240559944	1.34798389538753	1	1
"Gene2134"	"Gene2134"	0.693279807540217	1	0.693279807540217	1.55454866280398	1.17520490571793	1	1
"Gene2135"	"Gene2135"	4.94527459858521	1	4.94527459858521	0.395497988420276	1.534662807791	1	1
"Gene2136"	"Gene2136"	0.391266294010382	1	0.391266294010382	1.22697000656035	1.68764538900407	1	1
"Gene2137"	"Gene2137"	0.836828366162682	1	0.836828366162682	0.371074274524697	0.897411401128206	1	1
"Gene2138"	"Gene2138"	0.128443880118225	1	0.128443880118225	0.958709426032292	0.888067654072689	1	1
"Gene2140"	"Gene2140"	1.93714072052579	1	1.93714072052579	1.30125018216739	0.37359547674558	1	1
"Gene2141"	"Gene2141"	3.00424735714023	1	3.00424735714023	0.705407115299931	1.09773904983384	1	1
"Gene2142"	"Gene2142"	0.198638732476598	1	0.198638732476598	0.656917546302468	0.809853332812205	1	1
"Gene2143"	"Gene2143"	0.162569910165059	1	0.162569910165059	0.664996923872279	1.54567458119496	1	1
"Gene2144"	"Gene2144"	1.44807615085277	1	1.44807615085277	2.31466127031246	0.947251841230815	1	1
"Gene2146"	"Gene2146"	1.24960502144055	1	1.24960502144055	2.41874298939818	0.3925413988391	1	1
"Gene2147"	"Gene2147"	0.255696683309386	1	0.255696683309386	1.00936321204108	0.931230906553787	1	1
"Gene2148"	"Gene2148"	0.545270703875646	1	0.545270703875646	1.63044346449314	1.51106010946004	1	1
"Gene2149"	"Gene2149"	0.151476197429044	1	0.151476197429044	2.00273975010047	0.780630691076688	1	1
"Gene2150"	"Gene2150"	4.02052497754716	1	4.02052497754716	2.90697477426867	0.836093665628471	1	1
"Gene2151"	"Gene2151"	3.23642574124158	1	3.23642574124158	0.636126297538881	3.07279733135594	1	1
"Gene2152"	"Gene2152"	3.86580065647076	1	3.86580065647076	0.532523002051801	1.11866045520923	1	1.21817496855515
"Gene2153"	"Gene2153"	2.0879631351995	1	2.0879631351995	1.16491778920514	0.555805413865562	1	1
"Gene2154"	"Gene2154"	3.05957194638433	1	3.05957194638433	0.507236303008986	0.863120743968144	1	1
"Gene2155"	"Gene2155"	0.37334786084768	1	0.37334786084768	1.14952522516515	0.720507375059234	1	1.1729364346956
"Gene2156"	"Gene2156"	2.6334812359237	1	2.6334812359237	0.511466831997215	1.59436949799726	1	1
"Gene2157"	"Gene2157"	1.55543942556808	1	1.55543942556808	1.59742538954526	1.1970185919039	1	1.07163360562356
"Gene2158"	"Gene2158"	1.40095309566676	1	1.40095309566676	1.4737152621067	0.622616518858819	1	1
"Gene2159"	"Gene2159"	0.172304047292988	1	0.172304047292988	0.635344498293448	0.741603880207068	1	1
"Gene2160"	"Gene2160"	0.671685166967859	1	0.671685166967859	3.03609362850823	1.99460100179449	1	1
"Gene2162"	"Gene2162"	0.493577341169407	1	0.493577341169407	2.23400288824573	0.284429836922809	1	1
"Gene2163"	"Gene2163"	1.11786981019651	1	1.11786981019651	1.6316260267573	1.30417906849897	1	1
"Gene2164"	"Gene2164"	0.263028238900625	1	0.263028238900625	0.490299722331402	0.970621995323642	1	1
"Gene2165"	"Gene2165"	0.621356888202554	1	0.621356888202554	0.408556957009683	0.634519818528479	1	1.19791329190812
"Gene2167"	"Gene2167"	0.275646149531645	1	0.275646149531645	1.91592495568664	0.945866069872449	1	0.920160517811387
"Gene2168"	"Gene2168"	0.67212953939193	1	0.67212953939193	2.07116643711404	1.15746250083113	1	1
"Gene2169"	"Gene2169"	1.33036847601005	1	1.33036847601005	1.71081822915347	1.48185662795358	1	1
"Gene2170"	"Gene2170"	1.80540152817531	1	1.80540152817531	1.06785321278756	1.1077507829471	1	1
"Gene2171"	"Gene2171"	5.41965794832802	1	5.41965794832802	1.69421930213033	1.80345646233873	0.885403016391842	1
"Gene2172"	"Gene2172"	1.45723480123315	1	1.45723480123315	0.350424679335964	0.581868026924368	0.907669719337381	1
"Gene2173"	"Gene2173"	0.137858399021324	1	0.137858399021324	1.33021590891045	0.528397288183643	1	1
"Gene2174"	"Gene2174"	12.053387984782	1	12.053387984782	1.33727242397406	3.9777930844084	1	1
"Gene2176"	"Gene2176"	0.295832443089652	1	0.295832443089652	1.8575074197137	0.499608948153568	1	1
"Gene2177"	"Gene2177"	0.778606121366763	1	0.778606121366763	1.48617708578559	0.658084808226836	1	1
"Gene2178"	"Gene2178"	0.256606259510584	1	0.256606259510584	1.00305177032958	1.71043591309117	1	1
"Gene2179"	"Gene2179"	0.309443697630859	1	0.309443697630859	0.883496089622294	1.4117931229406	1.14508684971029	1
"Gene2180"	"Gene2180"	2.59010730667396	1	2.59010730667396	0.657041414380012	1.16717471323734	1	1
"Gene2181"	"Gene2181"	5.2347551438835	1	5.2347551438835	0.876380732351078	0.54198232861088	1	1
"Gene2182"	"Gene2182"	6.3731228064949	1	6.3731228064949	1.04446670411062	1.08006092632951	1	1
"Gene2183"	"Gene2183"	15.6110990933423	1	15.6110990933423	1.00509838814638	0.745946002051329	1	1
"Gene2185"	"Gene2185"	2.88602202457835	1	2.88602202457835	1.73332682695937	1.08671395776991	1	1
"Gene2187"	"Gene2187"	0.949969579587948	1	0.949969579587948	0.417046477976156	0.8956526761362	1	1
"Gene2188"	"Gene2188"	5.41007777543607	1	5.41007777543607	1.33917810961966	1.04166523791016	1	1
"Gene2189"	"Gene2189"	0.651192279019366	1	0.651192279019366	1.91598564475193	1.94214986368771	1	1
"Gene2190"	"Gene2190"	1.69050974998537	1	1.69050974998537	1.45280431210741	2.97433865152889	1	1
"Gene2191"	"Gene2191"	0.388669240313039	1	0.388669240313039	0.588678252369594	0.545485345121364	1	1
"Gene2192"	"Gene2192"	2.2513115352014	1	2.2513115352014	0.564057601629146	1.12305024283539	1	1
"Gene2193"	"Gene2193"	3.62186132871337	48.5081709556619	54.6432919939032	0.480020224568209	0.374040994789318	1.06949734351947	1
"Gene2194"	"Gene2194"	1.29674028098061	1	1.29674028098061	1.73719987439957	1.92334383236078	1	1
"Gene2195"	"Gene2195"	3.37528050370356	1	3.37528050370356	0.467017658302267	1.65292495548473	1	1
"Gene2196"	"Gene2196"	0.901956670925228	1	0.901956670925228	1.47927513152345	1.70165689218337	1	1
"Gene2197"	"Gene2197"	1.0032845495541	1	1.0032845495541	0.957572546063418	1.81575456778309	0.829513068341302	1
"Gene2198"	"Gene2198"	0.600326158752939	1	0.600326158752939	1.21580951315551	2.41592739617091	1	1
"Gene2199"	"Gene2199"	0.580567937602878	1	0.580567937602878	2.01323367213512	0.445111905356985	1	1
"Gene2200"	"Gene2200"	1.31458369169889	1	1.31458369169889	2.67102546719114	1.84397703108499	1	1.07993268845358
"Gene2201"	"Gene2201"	3.39726736680968	1	3.39726736680968	1.50984013057163	0.671520736500862	1	0.988882200408568
"Gene2202"	"Gene2202"	2.0290021834355	1	2.0290021834355	0.525215266854926	0.497314502272846	1	1
"Gene2203"	"Gene2203"	4.26594844948196	1	4.26594844948196	0.732440924641436	0.520208087333424	1	1
"Gene2204"	"Gene2204"	0.383922569986819	1	0.383922569986819	0.531816939270782	1.19838552399351	1	0.907476586292829
"Gene2205"	"Gene2205"	0.0505276579478626	32.0217190752897	36.0716990788449	1.30447428096439	0.377047228212549	1	1
"Gene2206"	"Gene2206"	2.34506227568327	1	2.34506227568327	0.296936935526654	0.342609841263116	1	1
"Gene2207"	"Gene2207"	3.20889462144114	1	3.20889462144114	1.56998754523146	1.6360763178592	1	1
"Gene2208"	"Gene2208"	1.6108358848941	1	1.6108358848941	0.892509345101956	1.26650634198649	1	1
"Gene2209"	"Gene2209"	0.608674550928925	1	0.608674550928925	0.9356089879729	0.914010360647229	1	1
"Gene2210"	"Gene2210"	1.91937832413816	1	1.91937832413816	1.75649628275107	1.61711462578595	1	1
"Gene2214"	"Gene2214"	1.29956550533433	1	1.29956550533433	1.34917093212092	0.798824397186734	1	1
"Gene2216"	"Gene2216"	12.6678923896191	1	12.6678923896191	0.41691611021828	0.450403460532874	1	1
"Gene2217"	"Gene2217"	1.69010459570205	1	1.69010459570205	2.05245476020297	2.2250623251836	1.11883772316554	1
"Gene2218"	"Gene2218"	5.2726808675518	1	5.2726808675518	0.436445177662792	1.14624935109193	1	1
"Gene2219"	"Gene2219"	6.03431180011086	1	6.03431180011086	0.827822130526688	0.796532375247175	1	1
"Gene2220"	"Gene2220"	4.92557272136151	47.8490638706587	53.9008236593623	0.672258362732352	0.430493329176581	1.04997521082251	1
"Gene2221"	"Gene2221"	1.14196602950788	1	1.14196602950788	1.90111046156511	1.44415805651157	1	1
"Gene2223"	"Gene2223"	7.20459441651955	1	7.20459441651955	1.57106338996615	1.23279089956096	1	1
"Gene2224"	"Gene2224"	0.573209444590352	1	0.573209444590352	0.568690717751936	0.866427971235684	1	1
"Gene2225"	"Gene2225"	0.242536224925073	1	0.242536224925073	3.0378831116712	0.501879817601911	1	1.0920327136768
"Gene2226"	"Gene2226"	2.30645927069923	1	2.30645927069923	0.691319992309711	1.63202288107399	1	1
"Gene2227"	"Gene2227"	4.20518733553871	1	4.20518733553871	0.527742980448424	1.05034580222819	1	1
"Gene2229"	"Gene2229"	1.54955393433678	1	1.54955393433678	1.99740792738548	0.507578920904063	1	1
"Gene2230"	"Gene2230"	2.81558929501253	1	2.81558929501253	0.862071709118678	1.03638634041045	1	1
"Gene2231"	"Gene2231"	1.20273719149755	1	1.20273719149755	0.31119795471715	1.158924181319	1	1
"Gene2232"	"Gene2232"	1.06113809810331	71.1996483866097	80.2046974768205	1.87199055911497	1.41469840468804	1	1
"Gene2233"	"Gene2233"	0.510971374364979	1	0.510971374364979	1.56597817288006	1.3888140898897	1	1
"Gene2234"	"Gene2234"	0.707434754193865	1	0.707434754193865	0.971164157005073	0.402352036065298	1	1
"Gene2236"	"Gene2236"	0.267884252196924	1	0.267884252196924	1.03749427984212	1.0117424244175	1.02669617983213	1
"Gene2237"	"Gene2237"	3.24428617473499	1	3.24428617473499	1.0051204063326	1.25342139381934	1	1
"Gene2238"	"Gene2238"	2.70012245839207	1	2.70012245839207	1.26348306513771	1.05329756822542	1	1
"Gene2239"	"Gene2239"	0.947854755469094	1	0.947854755469094	0.881229027383737	0.769829123914944	1	1
"Gene2240"	"Gene2240"	0.0423300948204662	42.6254081724575	48.0165007098673	1.885392232785	0.582796931386386	1	1.01435289945335
"Gene2241"	"Gene2241"	0.52746240913124	1	0.52746240913124	0.648393250374619	0.744925816034538	1	1
"Gene2242"	"Gene2242"	0.11968377525758	1	0.11968377525758	1.57727989904475	1.337614941321	1	1
"Gene2243"	"Gene2243"	0.44148291409372	1	0.44148291409372	0.572135479876921	0.606024742020791	1	1
"Gene2244"	"Gene2244"	1.79651011898588	1	1.79651011898588	0.525777578921108	1.58808565794373	1	1
"Gene2245"	"Gene2245"	1.42753388865905	1	1.42753388865905	1.28952196202518	0.577159406627735	1	1
"Gene2246"	"Gene2246"	0.0711023206402734	1	0.0711023206402734	0.840225768493786	3.12105789455836	1	1
"Gene2247"	"Gene2247"	1.31673966574897	1	1.31673966574897	0.782074550738328	1.63425336102565	1	1
"Gene2248"	"Gene2248"	0.401245507676574	1	0.401245507676574	1.48246075318456	1.92726817837588	1	1
"Gene2249"	"Gene2249"	4.6311617098631	1	4.6311617098631	1.05063575307864	1.57659417521295	1	0.892845701237356
"Gene2250"	"Gene2250"	3.32977443600806	1	3.32977443600806	0.528030885753318	1.39175348822778	1	1
"Gene2251"	"Gene2251"	0.231322661846328	1	0.231322661846328	1.43482902271155	0.790908263420114	1	1
"Gene2252"	"Gene2252"	0.211968599473972	1	0.211968599473972	0.880301475988821	0.662753345799877	1	1.12219850193267
"Gene2253"	"Gene2253"	0.52606783559357	1	0.52606783559357	0.835914595727886	1.05497111008401	1	1
"Gene2254"	"Gene2254"	3.80404608147534	110.866206900528	124.888124960624	2.31096945904611	0.438843130650755	1	1
"Gene2257"	"Gene2257"	1.42137401607959	1	1.42137401607959	0.79556793940262	0.847493024784241	1	1
"Gene2258"	"Gene2258"	5.43869465837432	1	5.43869465837432	1.14762150152915	0.858119872352857	1	1
"Gene2259"	"Gene2259"	0.565536081303034	1	0.565536081303034	1.01189802602973	1.94332663634926	1	1
"Gene2261"	"Gene2261"	5.85109794973351	1	5.85109794973351	0.831671094989728	1.57491328964027	1	1
"Gene2262"	"Gene2262"	3.73261786506613	1	3.73261786506613	2.08909400408844	0.896728653679678	1	1.00679410574915
"Gene2263"	"Gene2263"	9.12079861410132	1	9.12079861410132	2.03222839379701	1.14088812606343	1	1
"Gene2264"	"Gene2264"	2.81204849608103	1	2.81204849608103	0.547854479110164	0.49587980706479	1	1
"Gene2265"	"Gene2265"	0.109963146577112	18.9631256319975	21.3615065382168	1.36708886442014	2.30404219951552	1	1.32674120007021
"Gene2266"	"Gene2266"	1.28685019646155	1	1.28685019646155	1.51556240654992	0.965859451059469	1	1
"Gene2267"	"Gene2267"	0.619539794416764	1	0.619539794416764	1.26533614654534	0.869422089259868	1	1.02458258596012
"Gene2268"	"Gene2268"	1.33304904981811	62.082806701978	69.9347938209836	0.377189968133013	2.22170968987143	1	1
"Gene2269"	"Gene2269"	2.35554569991659	1	2.35554569991659	2.45682887128194	1.07608186256957	1	1
"Gene2270"	"Gene2270"	1.38383189116347	1	1.38383189116347	1.16989109015861	1.95845371812285	1	1
"Gene2271"	"Gene2271"	1.75410506623132	1	1.75410506623132	1.45384010679654	2.32771430007735	1	1
"Gene2272"	"Gene2272"	0.429981980560299	1	0.429981980560299	0.974757481949497	1.13260317996624	1	1.10499352965871
"Gene2273"	"Gene2273"	4.2482409336389	1	4.2482409336389	0.795574954016851	0.651135347641447	1	1
"Gene2274"	"Gene2274"	0.371242358306576	1	0.371242358306576	1.97805160104573	1.10081427787545	1	1
"Gene2275"	"Gene2275"	0.592079780372852	1	0.592079780372852	1.56212867479167	0.472953618671361	1	1
"Gene2276"	"Gene2276"	2.85339697137194	1	2.85339697137194	1.48178998843399	0.336111231248316	1	1
"Gene2277"	"Gene2277"	1.15866213690756	1	1.15866213690756	0.343391489218857	1.72494219872187	1	1
"Gene2278"	"Gene2278"	3.52202088627471	65.4513972938477	73.7294303882476	1.6747286719114	1.00312239493333	1	1
"Gene2279"	"Gene2279"	1.91060910305223	1	1.91060910305223	0.586295213044673	1.78022190626067	1	1
"Gene2280"	"Gene2280"	6.28573545477711	1	6.28573545477711	1.14607398107685	0.652672232196165	1	1
"Gene2281"	"Gene2281"	5.47178312404553	1	5.47178312404553	0.818597262752732	1.10106197367391	1	1
"Gene2282"	"Gene2282"	0.101244412432818	1	0.101244412432818	0.901930640602871	1.68828468096566	1	1
"Gene2283"	"Gene2283"	3.84144706944584	1	3.84144706944584	1.67499999569082	1.20154534772316	1	1
"Gene2284"	"Gene2284"	3.31728359157546	1	3.31728359157546	0.564843133465429	1.84796457905945	1	0.92516415115472
"Gene2285"	"Gene2285"	0.352562793630175	1	0.352562793630175	1.98955883850073	1.4028219400109	1	1
"Gene2286"	"Gene2286"	1.35093882216303	1	1.35093882216303	0.775840743021809	1.2401952501641	1	1
"Gene2288"	"Gene2288"	2.25402684537219	1	2.25402684537219	1.10613216852287	0.720825590119054	1	1
"Gene2289"	"Gene2289"	11.0163436891535	1	11.0163436891535	0.495902900189737	0.44014223315221	1	1
"Gene2290"	"Gene2290"	0.672496914464473	1	0.672496914464473	0.95830105056143	2.31319106201095	1	1
"Gene2291"	"Gene2291"	1.27556261032002	1	1.27556261032002	0.75231231069036	0.684573981788548	1	1
"Gene2292"	"Gene2292"	0.0538011085876306	1	0.0538011085876306	1.58076825995583	1.13148258994554	1	1
"Gene2293"	"Gene2293"	1.21359784642651	1	1.21359784642651	1.79949836021441	0.439607889211992	1	0.929546521578808
"Gene2294"	"Gene2294"	1.15769985626824	1	1.15769985626824	0.828689518905777	1.21775312376905	1	1.20295764382676
"Gene2295"	"Gene2295"	1.18195383283793	1	1.18195383283793	1.47151065700617	1.8133798603578	1	1
"Gene2296"	"Gene2296"	1.13517609462918	1	1.13517609462918	1.70808840119497	0.776210979963052	1	1
"Gene2297"	"Gene2297"	0.867081151167007	1	0.867081151167007	1.47176532588865	2.25537201079527	1	1
"Gene2300"	"Gene2300"	0.431476230845764	1	0.431476230845764	1.3018583629209	2.46384459965477	1	1
"Gene2301"	"Gene2301"	0.929291614635459	45.9765280762222	51.7914569656983	0.994884800949271	1.99094814043665	1	1
"Gene2302"	"Gene2302"	1.91188129426217	1	1.91188129426217	0.727126869534124	1.15276746291747	1	1
"Gene2303"	"Gene2303"	2.94803534722493	1	2.94803534722493	0.68117397228049	2.81204810385931	1	1
"Gene2304"	"Gene2304"	0.294095901390154	1	0.294095901390154	1.98069967643645	1.36352069623846	1	1
"Gene2305"	"Gene2305"	1.57816959659919	1	1.57816959659919	0.682719936637627	1.11432092542497	1	1
"Gene2306"	"Gene2306"	0.663092064242243	1	0.663092064242243	0.48066585486795	1.05801653755733	0.928327469755138	1
"Gene2308"	"Gene2308"	5.93465103102529	1	5.93465103102529	1.14693242427328	2.01624994814186	1	1
"Gene2309"	"Gene2309"	0.747196684862263	1	0.747196684862263	2.34599574996923	0.977194449579368	1	1
"Gene2310"	"Gene2310"	8.19634819723169	1	8.19634819723169	0.947224264680673	0.560525862563665	1	1
"Gene2311"	"Gene2311"	4.78481183868739	1	4.78481183868739	2.26385793956335	1.04216039309188	1.11826314085294	1
"Gene2312"	"Gene2312"	0.386216619534182	1	0.386216619534182	0.612464903013714	0.788619365684467	1	1
"Gene2313"	"Gene2313"	1.45695361271027	1	1.45695361271027	1.68467537387785	1.42158802653136	1	1
"Gene2315"	"Gene2315"	1.71914971592961	1	1.71914971592961	1.99624073424177	2.63084779756557	1	1
"Gene2316"	"Gene2316"	2.48018042214813	80.6815157798887	90.8857938449354	2.53725998661994	0.369452506085805	1	1
"Gene2317"	"Gene2317"	1.20056626772079	1	1.20056626772079	1.32167521908951	1.51658204903814	0.888347903211585	1
"Gene2318"	"Gene2318"	2.70088169566722	1	2.70088169566722	1.24408513161265	2.85918982224429	1	1
"Gene2319"	"Gene2319"	2.36583152003443	1	2.36583152003443	1.67505753653643	1.79870816770862	1	1
"Gene2320"	"Gene2320"	9.2317358824092	1	9.2317358824092	1.15731331450863	1.20226663466978	1	1
"Gene2321"	"Gene2321"	3.27507607465272	1	3.27507607465272	1.3800062515348	1.72962586488098	1.04811237112114	1
"Gene2322"	"Gene2322"	1.66415302860362	1	1.66415302860362	0.607535418814173	0.309205894688917	1	1
"Gene2323"	"Gene2323"	1.64449251114449	1	1.64449251114449	0.566001175665508	0.791935949757845	1	1
"Gene2324"	"Gene2324"	3.07279877032918	1	3.07279877032918	0.641251253795438	2.77460375000207	1	1
"Gene2325"	"Gene2325"	1.4370953343515	119.854533138792	135.013259046238	0.733373160225537	1.18895937611662	1	1
"Gene2326"	"Gene2326"	1.51628061574373	1	1.51628061574373	0.462219422070946	1.73937756563118	1	1
"Gene2327"	"Gene2327"	0.666034654674298	1	0.666034654674298	0.78139070100087	0.681383578774015	1	0.820558312583044
"Gene2328"	"Gene2328"	0.981892047358854	1	0.981892047358854	0.450895222505669	0.751816713668018	1	1
"Gene2329"	"Gene2329"	14.0526990036044	1	14.0526990036044	1.31012320273403	0.684117692223736	1	1
"Gene2330"	"Gene2330"	1.41581529530247	1	1.41581529530247	0.662094248026545	0.904760211035997	1	1
"Gene2331"	"Gene2331"	1.01106098341717	1	1.01106098341717	0.569412310714317	0.697430362165863	1	1
"Gene2332"	"Gene2332"	0.63638037974127	1	0.63638037974127	0.559031043502753	1.72805877422994	1	1
"Gene2333"	"Gene2333"	1.37505071974701	1	1.37505071974701	2.13141966845652	0.884596029762879	1	1
"Gene2334"	"Gene2334"	0.942534132939561	1	0.942534132939561	0.42477518571381	0.602038217246313	1	1
"Gene2335"	"Gene2335"	5.46384373100434	1	5.46384373100434	0.614190995281491	1.59174753354045	1	1
"Gene2336"	"Gene2336"	0.0822972777976511	1	0.0822972777976511	1.74028799886535	1.96549057742607	1	1
"Gene2337"	"Gene2337"	0.161145186778588	1	0.161145186778588	0.838466511549136	1.11001990916266	1	1
"Gene2338"	"Gene2338"	0.995116811056453	1	0.995116811056453	2.55192156741251	1.08989877159177	1	1
"Gene2339"	"Gene2339"	0.596175097109402	1	0.596175097109402	1.08918574183347	0.432920075444757	1	1
"Gene2341"	"Gene2341"	5.28603939019099	68.4754745834963	77.1359809774554	0.809366599879189	2.11916058945099	1	1
"Gene2342"	"Gene2342"	1.05377270274908	1	1.05377270274908	2.17383329358056	1.18592516308041	1	1
"Gene2343"	"Gene2343"	1.47244089886556	1	1.47244089886556	0.490243208608763	1.13702503291069	1	1
"Gene2344"	"Gene2344"	3.24039498123888	1	3.24039498123888	0.70972364918329	0.533569869682851	1	1
"Gene2345"	"Gene2345"	2.38791152977464	1	2.38791152977464	1.36025008627683	1.16634119029523	1	1.04619685520579
"Gene2346"	"Gene2346"	1.10030481463361	1	1.10030481463361	0.766530420623008	0.873576300486764	1	1
"Gene2347"	"Gene2347"	1.49100761973594	1	1.49100761973594	1.78238923023234	0.686119605524978	1	1.32816865541964
"Gene2348"	"Gene2348"	1.82798721090338	1	1.82798721090338	0.753487922802969	1.05652234011814	1	1
"Gene2349"	"Gene2349"	14.5151930779612	1	14.5151930779612	1.61240892877945	0.999773998161021	1	1
"Gene2350"	"Gene2350"	0.122964375408192	1	0.122964375408192	2.39195503968073	0.473313800711468	1	1
"Gene2352"	"Gene2352"	0.247914642578899	1	0.247914642578899	0.396983675629257	1.45559549722514	1	1
"Gene2353"	"Gene2353"	0.859164947174337	1	0.859164947174337	0.429867786508864	2.01701593581999	1	1
"Gene2354"	"Gene2354"	0.78238265468009	1	0.78238265468009	1.65538065605045	0.201890221326222	1	1
"Gene2355"	"Gene2355"	6.7292024834352	1	6.7292024834352	2.58562546413443	1.82132402779018	1	1
"Gene2356"	"Gene2356"	2.40215976641436	93.2814730950555	105.07934377929	1.33412424590657	1.26022577753904	1	1.01203110085651
"Gene2357"	"Gene2357"	2.36813047222376	1	2.36813047222376	0.672390217329279	0.791863496101085	1	1
"Gene2358"	"Gene2358"	4.18105727789791	1	4.18105727789791	1.41708209612722	0.554774864796524	1.40106958712887	1
"Gene2359"	"Gene2359"	2.1923397592017	1	2.1923397592017	0.549557748395693	0.545508936688008	1	1
"Gene2361"	"Gene2361"	0.67602190514008	1	0.67602190514008	0.803433056079824	1.17953048490889	1	1
"Gene2362"	"Gene2362"	1.70872219869601	1	1.70872219869601	2.12759777326675	1.59770442692501	1	1
"Gene2363"	"Gene2363"	1.19430637585332	1	1.19430637585332	0.61520746831121	0.854763733856577	1	1
"Gene2364"	"Gene2364"	2.04089897546088	1	2.04089897546088	2.02206660102902	1.29945559664491	1	1
"Gene2365"	"Gene2365"	5.9007628176369	1	5.9007628176369	0.865009422033383	0.912833802546389	1	1
"Gene2366"	"Gene2366"	9.53326376603438	1	9.53326376603438	1.30232823069295	0.347719863228877	1	1
"Gene2367"	"Gene2367"	0.765809240666255	1	0.765809240666255	1.41746366875303	0.870200270870674	1	1
"Gene2368"	"Gene2368"	2.08399613159822	1	2.08399613159822	0.493338712653273	1.63104066175394	1	1
"Gene2369"	"Gene2369"	0.909539991516008	1	0.909539991516008	2.28605165168837	1.2114943293025	1	1
"Gene2370"	"Gene2370"	6.06098156719151	1	6.06098156719151	1.1695606551409	0.380930983940174	1	1
"Gene2371"	"Gene2371"	0.136224388277349	1	0.136224388277349	1.26142704134437	1.70797398225647	1	1
"Gene2373"	"Gene2373"	5.70240232418095	1	5.70240232418095	1.10423536374801	1.16473430111712	1	1
"Gene2374"	"Gene2374"	0.149842194427612	1	0.149842194427612	2.5019709700253	0.618546500930664	1	1
"Gene2375"	"Gene2375"	0.164246624728305	1	0.164246624728305	0.520311998263364	1.17401883387164	1.01472895856725	1
"Gene2376"	"Gene2376"	1.38660848511906	1	1.38660848511906	0.68563389006417	1.99758560846537	1	1
"Gene2377"	"Gene2377"	9.94454771570778	1	9.94454771570778	0.539229228038877	1.82462853051885	1	1
"Gene2379"	"Gene2379"	1.73031933796597	1	1.73031933796597	0.780522708968609	0.311668918168427	1.25889389734582	1
"Gene2380"	"Gene2380"	9.3820535338436	1	9.3820535338436	1.45865322502105	1.10117454675369	1	1
"Gene2381"	"Gene2381"	1.18140514180221	1	1.18140514180221	0.594309278828833	0.545791391437008	1	1
"Gene2382"	"Gene2382"	2.01486708192329	1	2.01486708192329	1.23704588490926	1.23073486630576	1	1
"Gene2383"	"Gene2383"	1.33957753372837	1	1.33957753372837	0.577642404467564	1.95070792130069	1	1
"Gene2384"	"Gene2384"	0.403027467543788	1	0.403027467543788	0.451492602555499	2.40911535994823	1	1.12247842979126
"Gene2385"	"Gene2385"	3.14092615279759	1	3.14092615279759	1.27172577921179	0.214387622969483	1	1
"Gene2386"	"Gene2386"	6.54505538993601	1	6.54505538993601	1.60533564942665	0.685009887426722	1	1
"Gene2387"	"Gene2387"	1.92456449942	1	1.92456449942	0.700354062429536	0.59273062173431	1	1
"Gene2389"	"Gene2389"	0.0724089880473668	1	0.0724089880473668	1.1390061399044	1.04810208174821	1	1.15278275710563
"Gene2390"	"Gene2390"	4.07402326379533	1	4.07402326379533	2.21092904743555	0.594098997533717	1	1
"Gene2391"	"Gene2391"	2.05413403616795	1	2.05413403616795	1.01417212892886	0.554011562023579	1	1
"Gene2392"	"Gene2392"	0.447038605602132	1	0.447038605602132	2.09776238657179	1.50313221861835	1	1
"Gene2393"	"Gene2393"	1.32286056109842	1	1.32286056109842	2.51832844390876	1.63735320833756	1	1
"Gene2394"	"Gene2394"	0.231269761705548	1	0.231269761705548	1.28771289394028	1.65323717260565	1	1
"Gene2396"	"Gene2396"	8.6444197247213	1	8.6444197247213	1.01944822814953	0.448760282007828	1	1
"Gene2397"	"Gene2397"	0.167411535999203	73.092061041912	82.3364549778642	1.72458834213818	0.99516755192578	1	1
"Gene2398"	"Gene2398"	5.81709416605933	1	5.81709416605933	0.775116761979475	0.907319163547032	1	1
"Gene2399"	"Gene2399"	0.322610776918605	1	0.322610776918605	1.37063715070995	0.438695472279624	1	1
"Gene2400"	"Gene2400"	0.587783730023607	1	0.587783730023607	1.32352197710531	0.838480064689593	1	1
"Gene2401"	"Gene2401"	3.65782508025385	1	3.65782508025385	0.756164912607156	1.79887071158954	1	1
"Gene2402"	"Gene2402"	2.41256918058616	1	2.41256918058616	1.42046723954096	1.00534410269434	1	1
"Gene2403"	"Gene2403"	1.15311016456564	1	1.15311016456564	1.74597568064512	0.41510441188702	1	1.09891326155092
"Gene2404"	"Gene2404"	3.90131000556778	1	3.90131000556778	0.839811420704749	0.539876623099958	1	1
"Gene2405"	"Gene2405"	0.212413731751284	1	0.212413731751284	0.67365933836115	1.52373468911643	1	1
"Gene2406"	"Gene2406"	3.58496254809006	1	3.58496254809006	0.624407439180863	1.53277588618296	1	1
"Gene2407"	"Gene2407"	5.58932590883397	1	5.58932590883397	2.27876656078543	0.8453326438656	1	1
"Gene2408"	"Gene2408"	3.17119982888524	1	3.17119982888524	0.540494578563936	0.76401377628249	1	1
"Gene2409"	"Gene2409"	2.00749741981371	1	2.00749741981371	1.20165508468137	0.421944413727526	1	1
"Gene2410"	"Gene2410"	4.77203960022998	1	4.77203960022998	0.835783483463037	1.0201579319209	1	1
"Gene2411"	"Gene2411"	1.20212077135927	1	1.20212077135927	1.14836466847006	5.17664404299652	1	1
"Gene2412"	"Gene2412"	1.90817461719767	1	1.90817461719767	1.26178278414757	1.29272844852798	1	1
"Gene2413"	"Gene2413"	0.760342096760405	1	0.760342096760405	0.865485994795793	0.59845668690484	1	1
"Gene2414"	"Gene2414"	1.04027627193484	1	1.04027627193484	0.448982434878024	1.00971367842884	1	1
"Gene2415"	"Gene2415"	4.30870447249753	1	4.30870447249753	0.780440117760134	1.48762555468525	1	1
"Gene2416"	"Gene2416"	1.91019304006669	1	1.91019304006669	1.7932577379386	0.882667204884531	1	1
"Gene2417"	"Gene2417"	0.313676541383758	1	0.313676541383758	0.406263989047617	1.97549870712703	1	1
"Gene2418"	"Gene2418"	0.935629465588422	1	0.935629465588422	0.447646590973134	0.885835026874176	1	1
"Gene2419"	"Gene2419"	1.10882930058843	1	1.10882930058843	0.866290227930672	0.708088278340225	1	1
"Gene2420"	"Gene2420"	0.354062852188328	1	0.354062852188328	1.09848600208038	0.921458952387653	1	1
"Gene2421"	"Gene2421"	0.199248076571955	1	0.199248076571955	0.838289437418082	2.13142286202971	1	1
"Gene2422"	"Gene2422"	3.3788217655204	1	3.3788217655204	0.431593985395097	0.981556606204765	1	1
"Gene2423"	"Gene2423"	1.02820999254545	1	1.02820999254545	1.83779486099088	0.982838045622333	1	1
"Gene2424"	"Gene2424"	1.34327451045512	1	1.34327451045512	0.787620374283888	1.54739208136759	1	1
"Gene2425"	"Gene2425"	3.41288492549038	1	3.41288492549038	0.993326990650369	1.33856420400597	1	1
"Gene2426"	"Gene2426"	2.30572472664788	1	2.30572472664788	1.13792487209591	0.542710079294751	1	1.06697806582393
"Gene2427"	"Gene2427"	2.01010684821925	1	2.01010684821925	0.827981790471815	1.60957447932089	1	1
"Gene2428"	"Gene2428"	3.78032313906298	1	3.78032313906298	0.827510130038091	2.28278487510363	1	1
"Gene2429"	"Gene2429"	0.172344250132449	1	0.172344250132449	1.21352483330408	1.01617704976548	1	1
"Gene2430"	"Gene2430"	3.79435018000786	1	3.79435018000786	1.91848920782769	1.55254948294335	1	1
"Gene2432"	"Gene2432"	0.843182003815633	1	0.843182003815633	2.38240019865539	0.984966138218879	1	1
"Gene2433"	"Gene2433"	0.964995514617451	37.4730292233317	42.2124693099273	0.721256108025998	0.606172296516599	1	1.00744887134796
"Gene2434"	"Gene2434"	2.70219722963551	1	2.70219722963551	0.385441292157575	0.474457980537501	1	1
"Gene2436"	"Gene2436"	0.70562815278167	1	0.70562815278167	1.79882840794702	1.58515449995017	1	1
"Gene2437"	"Gene2437"	1.12636300267709	1	1.12636300267709	0.497526463922286	3.38438828264006	1	1.05104009232866
"Gene2438"	"Gene2438"	0.42615780221667	1	0.42615780221667	1.10990089785302	0.92459573043543	1	1
"Gene2440"	"Gene2440"	3.78241194924482	1	3.78241194924482	2.28762807398076	0.478766306623882	1	1
"Gene2441"	"Gene2441"	2.68997294336539	1	2.68997294336539	1.6511145527276	2.48148856313909	1	1
"Gene2442"	"Gene2442"	1.5749832026724	1	1.5749832026724	0.606957424982204	0.671498358352517	1	1
"Gene2443"	"Gene2443"	2.02753384167041	1	2.02753384167041	0.539383132463134	0.845402607539997	1	1
"Gene2445"	"Gene2445"	0.618066197913362	1	0.618066197913362	0.626173165503645	0.366050386462874	1	1
"Gene2446"	"Gene2446"	6.77525162549051	1	6.77525162549051	1.24024523913821	0.368490392598878	1	0.953641425788873
"Gene2447"	"Gene2447"	0.654242742515042	1	0.654242742515042	0.717503004718738	0.481804589143862	1	1
"Gene2448"	"Gene2448"	3.3943759902354	1	3.3943759902354	0.9823636764468	0.598524872477228	1	0.882466846233936
"Gene2449"	"Gene2449"	1.91835597639948	1	1.91835597639948	0.757894243815946	0.899715540654685	1	1
"Gene2450"	"Gene2450"	4.07772898549675	1	4.07772898549675	1.82705524768562	2.13124935058499	1	1
"Gene2451"	"Gene2451"	1.33685933907923	1	1.33685933907923	1.85004621557162	0.945234511612127	1	1
"Gene2452"	"Gene2452"	1.95822839716898	1	1.95822839716898	0.553336888458507	1.56116871915399	1	1
"Gene2454"	"Gene2454"	9.45205310303341	1	9.45205310303341	0.951181726069031	0.325811665002556	1	1
"Gene2455"	"Gene2455"	12.4595083365165	1	12.4595083365165	0.771708285362075	1.87045117688652	1	0.766065982758474
"Gene2456"	"Gene2456"	2.42184785217982	1	2.42184785217982	1.04720283532454	0.54228796290765	1	1
"Gene2457"	"Gene2457"	0.686706540855918	1	0.686706540855918	1.88777760077411	2.14053350529757	1	1
"Gene2458"	"Gene2458"	2.40702492930251	1	2.40702492930251	0.34161301758964	0.813739726382526	1	1
"Gene2459"	"Gene2459"	3.51775500915057	1	3.51775500915057	4.10681142602855	0.900967146693248	1	1
"Gene2460"	"Gene2460"	0.266726969523879	49.6310277260953	55.9081632344661	0.349772026160344	1.21764478465628	1	1
"Gene2461"	"Gene2461"	0.124960244652438	1	0.124960244652438	1.28000708062685	1.29093388378907	1	1
"Gene2462"	"Gene2462"	3.84831015862645	1	3.84831015862645	0.536144764482753	1.50923565150155	1	0.983799505896201
"Gene2463"	"Gene2463"	2.05246121094853	52.3804660451183	59.0053396054929	1.54561557698595	0.546093513224633	1	1
"Gene2464"	"Gene2464"	1.51321353667452	1	1.51321353667452	0.565563980465898	1.583768049483	1	1
"Gene2465"	"Gene2465"	1.23394184924906	1	1.23394184924906	1.15110296921784	0.587248157413015	1	1
"Gene2466"	"Gene2466"	0.117180785596142	1	0.117180785596142	0.571375226423812	1.16644743979625	1	1
"Gene2467"	"Gene2467"	0.929586067265071	1	0.929586067265071	1.14482889480745	1.61100225757623	1	1
"Gene2469"	"Gene2469"	0.275943487700726	1	0.275943487700726	0.745585150511739	1.10400964400315	1	1.02898739364245
"Gene2470"	"Gene2470"	1.43497344823585	1	1.43497344823585	1.78164134352532	2.35737447391036	1	1
"Gene2471"	"Gene2471"	0.172738169121679	1	0.172738169121679	4.69259083519653	1.35705925384108	1	1
"Gene2472"	"Gene2472"	0.889597536093595	1	0.889597536093595	0.808402914822821	0.509320425385794	1	1
"Gene2473"	"Gene2473"	0.26827879948704	1	0.26827879948704	0.640600081405494	0.5218782213839	1	1.09406906434982
"Gene2474"	"Gene2474"	1.15583041967117	1	1.15583041967117	1.60838513983033	0.868807815587612	1	1
"Gene2475"	"Gene2475"	0.18918913736226	1	0.18918913736226	0.803519317500399	0.497268158966822	1	1
"Gene2476"	"Gene2476"	0.251682259716446	1	0.251682259716446	0.725833517763726	1.45722430829276	1	1
"Gene2477"	"Gene2477"	5.12112973201115	1	5.12112973201115	0.947700046165526	0.748340196779981	1	1
"Gene2478"	"Gene2478"	0.809023226063092	1	0.809023226063092	0.908692830217272	2.72940516617963	1.15105518609724	1
"Gene2479"	"Gene2479"	0.51511697615697	50.6600156274658	57.06729344377	0.334046031398277	1.49180115310543	1	1.09486399249836
"Gene2480"	"Gene2480"	0.115069287474841	1	0.115069287474841	1.26716039554149	2.72661167299793	1	1
"Gene2481"	"Gene2481"	0.258974980917436	1	0.258974980917436	0.682491064297102	0.821436246888337	1	0.886005469900141
"Gene2482"	"Gene2482"	9.66954807828551	1	9.66954807828551	1.86363081646021	0.604682230322662	1	1
"Gene2483"	"Gene2483"	2.10006193277804	1	2.10006193277804	0.70883255049338	1.03483873841852	1	1.06430072400145
"Gene2484"	"Gene2484"	5.09071798927789	1	5.09071798927789	0.67435840688571	0.515514775441534	1	1.06986553098399
"Gene2485"	"Gene2485"	0.752041792073263	1	0.752041792073263	0.720521999100806	2.47853980220612	1	1
"Gene2486"	"Gene2486"	2.57430214767249	1	2.57430214767249	0.517157185775285	1.6974634560958	1	1
"Gene2487"	"Gene2487"	2.0806439966623	1	2.0806439966623	1.35496799983363	1.65706214631728	1	1
"Gene2488"	"Gene2488"	0.432269577598199	1	0.432269577598199	1.43508624498825	1.14193496603451	1	1
"Gene2489"	"Gene2489"	1.07479789819382	1	1.07479789819382	1.73050940901969	1.71167977711348	1	1
"Gene2491"	"Gene2491"	0.834943926911633	1	0.834943926911633	0.718416005216742	0.967836239031127	1	1
"Gene2492"	"Gene2492"	3.158837544427	1	3.158837544427	1.75102673127139	1.9321166424265	1	1
"Gene2493"	"Gene2493"	1.94104794142687	1	1.94104794142687	0.483044189183113	0.342945438337452	1	1
"Gene2494"	"Gene2494"	1.27685244964084	1	1.27685244964084	0.344911379585708	1.08226281939225	1	1
"Gene2495"	"Gene2495"	0.226957185097482	1	0.226957185097482	2.42172078038752	0.614331833115584	1	1
"Gene2496"	"Gene2496"	0.713239690821321	1	0.713239690821321	0.399284418841338	0.497854546661966	1	1
"Gene2497"	"Gene2497"	1.08521100136593	1	1.08521100136593	1.17602127390533	0.867266908239422	1	1
"Gene2499"	"Gene2499"	1.79061864952432	1	1.79061864952432	0.880262642241794	1.66940526781703	1	1
"Gene2500"	"Gene2500"	1.19394704581352	1	1.19394704581352	1.33382517797736	1.2327610697537	0.90009878530872	1
"Gene2502"	"Gene2502"	0.776202424462937	1	0.776202424462937	1.35422136145618	1.12315316837986	1	1
"Gene2503"	"Gene2503"	3.5521502953611	1	3.5521502953611	0.62423338336951	0.985445350440624	1	0.8806742639705
"Gene2504"	"Gene2504"	0.671526047629634	1	0.671526047629634	2.79016635553264	0.747294747324495	1	1
"Gene2506"	"Gene2506"	0.0586283975162766	1	0.0586283975162766	0.979751576481141	1.56337152867045	1	1
"Gene2507"	"Gene2507"	0.482988302953162	1	0.482988302953162	1.66577959027897	1.88144880767382	1	1
"Gene2508"	"Gene2508"	4.07387058087969	1	4.07387058087969	1.80320518772499	1.44694696189272	1	1
"Gene2510"	"Gene2510"	6.43272709613205	1	6.43272709613205	0.510493688499826	1.09263780138939	1	1.07475143364209
"Gene2511"	"Gene2511"	0.18663084842359	1	0.18663084842359	0.969465555290661	1.4483786156773	1	1
"Gene2512"	"Gene2512"	0.235577296232726	1	0.235577296232726	0.609581069436864	1.34663162036725	1	1
"Gene2513"	"Gene2513"	4.73879846980411	1	4.73879846980411	0.99663657266965	0.583022736763578	1	1
"Gene2514"	"Gene2514"	7.46561396734166	1	7.46561396734166	2.90253374629191	1.04596389827619	1	1
"Gene2515"	"Gene2515"	7.95007176500337	1	7.95007176500337	2.32121857039754	2.04942918313233	1	1
"Gene2516"	"Gene2516"	12.0874088422956	1	12.0874088422956	1.62688349363468	1.33888625514702	1	1
"Gene2517"	"Gene2517"	0.695109153536789	1	0.695109153536789	2.52037512020476	1.26821176738017	1.22486737360707	1
"Gene2518"	"Gene2518"	4.73191753317634	1	4.73191753317634	1.49635343700985	0.406654466250859	1	1
"Gene2519"	"Gene2519"	3.42757979621606	1	3.42757979621606	3.13800272260085	0.837721807973161	1	1
"Gene2520"	"Gene2520"	0.420101355261659	1	0.420101355261659	1.42152993160274	0.405171972905226	1	1
"Gene2521"	"Gene2521"	0.164071413750087	1	0.164071413750087	1.55094108863019	0.411922638073655	0.980902231578871	0.974079757352026
"Gene2522"	"Gene2522"	0.889381751864622	1	0.889381751864622	1.0057384941734	2.23175686556722	1	1
"Gene2523"	"Gene2523"	7.29378356284721	1	7.29378356284721	0.223993543259142	0.669207102296322	1	1.08493485687091
"Gene2524"	"Gene2524"	1.91187584046245	1	1.91187584046245	2.10093329728411	0.969959541277712	1	1
"Gene2525"	"Gene2525"	1.55974814223468	1	1.55974814223468	0.418708132007406	1.23311692160407	1	1
"Gene2528"	"Gene2528"	2.4636071555907	1	2.4636071555907	0.573040489604888	1.77840297214424	1	1
"Gene2529"	"Gene2529"	1.98966421076258	1	1.98966421076258	0.991424429932715	1.61049536243412	1	1
"Gene2530"	"Gene2530"	0.938592152596327	1	0.938592152596327	0.275592326255199	0.72702535468842	1	1
"Gene2531"	"Gene2531"	0.628203465015786	1	0.628203465015786	0.628519564838572	0.904487271711607	1	1
"Gene2532"	"Gene2532"	2.97301558615064	1	2.97301558615064	1.38424103489138	3.10755524510097	1.10850551476462	1
"Gene2533"	"Gene2533"	6.94171943577877	1	6.94171943577877	0.277628250926042	0.659914065985552	1	1
"Gene2534"	"Gene2534"	0.308901799605048	1	0.308901799605048	1.02678417301737	0.605270522168616	1	1
"Gene2535"	"Gene2535"	2.01215473090532	1	2.01215473090532	1.75321761591323	1.97037415082372	1.06215550265113	1
"Gene2536"	"Gene2536"	0.681495607845931	1	0.681495607845931	0.92485439451255	1.82852739164247	1	1
"Gene2537"	"Gene2537"	0.124496268239271	106.940848545338	120.466302851945	2.73406342302797	0.611879786495264	1	1
"Gene2538"	"Gene2538"	10.2945754273358	1	10.2945754273358	1.50766040722241	0.865150477199862	1	1
"Gene2539"	"Gene2539"	4.97063860116715	1	4.97063860116715	1.23874512007812	0.340036915221661	1	1
"Gene2540"	"Gene2540"	0.740910606306496	1	0.740910606306496	2.5454198463519	1.45103564645051	1	1
"Gene2541"	"Gene2541"	3.43238073918652	1	3.43238073918652	1.68699624184743	0.712912646487093	1	1
"Gene2542"	"Gene2542"	3.99287016153955	1	3.99287016153955	2.31103638892931	1.52243635220843	1	1
"Gene2543"	"Gene2543"	1.21589728830529	1	1.21589728830529	0.741811286669656	1.29836855177702	1	1
"Gene2544"	"Gene2544"	2.06690240136337	1	2.06690240136337	0.959861913863684	0.486721638107539	1	1
"Gene2545"	"Gene2545"	12.8084817395866	1	12.8084817395866	1.9628731836857	0.48985310190003	1	1
"Gene2546"	"Gene2546"	1.62301509025899	1	1.62301509025899	0.560318265421358	1.90367011660761	1.08483951933029	1
"Gene2547"	"Gene2547"	0.488593420460302	1	0.488593420460302	0.838466347264449	0.531275923264832	1	1
"Gene2548"	"Gene2548"	0.253959930287733	1	0.253959930287733	0.861302784022266	0.622808733678554	1	1
"Gene2549"	"Gene2549"	8.66968199834017	1	8.66968199834017	2.32183537660912	0.877683307798871	1	1.06743071578254
"Gene2550"	"Gene2550"	5.881259163468	1	5.881259163468	0.685924005107625	0.936354259864229	1	1
"Gene2551"	"Gene2551"	0.463001166849995	1	0.463001166849995	1.09632112140624	1.14336892891717	1	1
"Gene2552"	"Gene2552"	0.788691697624338	1	0.788691697624338	0.92950008611339	0.613395642011231	1	1
"Gene2553"	"Gene2553"	7.80495751948057	1	7.80495751948057	0.956454578451523	1.13582822030771	1	1
"Gene2554"	"Gene2554"	1.3771318873328	1	1.3771318873328	0.404640279460392	1.79787868413015	1	1.05725365833461
"Gene2555"	"Gene2555"	5.01166772903892	1	5.01166772903892	0.890960702460242	1.47072757595435	1	1
"Gene2556"	"Gene2556"	1.00980099955253	1	1.00980099955253	0.940601805657989	0.42884979833171	1	1
"Gene2558"	"Gene2558"	6.17603857920032	1	6.17603857920032	1.62828987236595	0.381933986035095	1	1
"Gene2559"	"Gene2559"	6.19494567994902	1	6.19494567994902	1.24460108066776	1.11587196372502	1	1
"Gene2560"	"Gene2560"	0.855220870056794	1	0.855220870056794	0.484266520633925	0.488594200194845	1	1
"Gene2561"	"Gene2561"	4.86974047250938	1	4.86974047250938	1.0579744351084	0.460530584792924	1	1
"Gene2562"	"Gene2562"	1.89950961113738	1	1.89950961113738	1.84579583494289	3.4871332163432	1	1
"Gene2563"	"Gene2563"	7.10046268887123	1	7.10046268887123	0.71427243894997	2.77636014726453	1	1
"Gene2564"	"Gene2564"	0.449332036278704	1	0.449332036278704	0.449671556171006	0.832505484351537	1.17619104255711	1.11444374963917
"Gene2565"	"Gene2565"	0.869245584978218	1	0.869245584978218	1.32166643188771	3.20161778634986	1	1
"Gene2566"	"Gene2566"	1.94256414218984	58.0014062213882	65.337193997878	1.21702415335277	0.492922645183866	1	1
"Gene2567"	"Gene2567"	1.91737592077574	1	1.91737592077574	1.143492687291	1.63563796983112	1	1
"Gene2568"	"Gene2568"	0.857557003122806	1	0.857557003122806	1.71035694851737	1.79455996959499	0.921066596145961	1
"Gene2569"	"Gene2569"	0.161793002927563	1	0.161793002927563	1.38858969678993	2.59330003012693	1	1
"Gene2570"	"Gene2570"	2.3353959389502	1	2.3353959389502	0.831762231953298	0.521455892684038	1	1
"Gene2571"	"Gene2571"	0.231197236977912	1	0.231197236977912	0.922588165589841	1.39474106160945	1	1
"Gene2572"	"Gene2572"	9.99626939390542	1	9.99626939390542	0.944758817345878	0.701592655792032	1	1
"Gene2573"	"Gene2573"	2.88285366479316	1	2.88285366479316	1.38640002786632	0.2861633068716	1	1
"Gene2574"	"Gene2574"	2.4372882949781	120.4141053701	135.643603753627	0.670842039040246	1.29878076678279	1	1
"Gene2575"	"Gene2575"	2.07477547943543	1	2.07477547943543	0.836393027549409	1.43650541237552	1	1.0574415610382
"Gene2576"	"Gene2576"	0.357510612497278	1	0.357510612497278	1.04527229771039	0.341261755595472	0.915397272333933	1
"Gene2577"	"Gene2577"	1.08081008889875	1	1.08081008889875	2.4444684806742	0.826621674731754	1	1
"Gene2578"	"Gene2578"	0.469599473813091	1	0.469599473813091	1.44388847786667	2.13010444477685	1	1
"Gene2579"	"Gene2579"	0.468376422787161	1	0.468376422787161	0.431652768959853	0.452432509820288	1	1
"Gene2583"	"Gene2583"	10.3312380588156	1	10.3312380588156	0.668168071058274	1.75278577774313	1.22134488247505	1
"Gene2584"	"Gene2584"	1.87837330609548	1	1.87837330609548	2.19798857165547	2.50436311428802	1	1
"Gene2585"	"Gene2585"	3.44578909042973	1	3.44578909042973	0.749157075867236	0.962433164452083	1	1
"Gene2586"	"Gene2586"	2.65735458223131	1	2.65735458223131	1.23257297699918	0.288766749496146	1	1
"Gene2588"	"Gene2588"	0.5713792225678	44.0606213657102	49.6332339745392	0.768075865492905	0.499006493349025	1	0.742970011764772
"Gene2590"	"Gene2590"	4.7462959407296	1	4.7462959407296	0.46892430340646	1.4520989969531	1	1
"Gene2591"	"Gene2591"	0.250862640177456	1	0.250862640177456	2.6621907809679	1.41839737062363	1	1
"Gene2592"	"Gene2592"	0.894116921741649	1	0.894116921741649	2.062903017653	0.893022335430506	1	1
"Gene2593"	"Gene2593"	2.24534363993287	1	2.24534363993287	0.47767197641558	2.06376294578598	1	1
"Gene2594"	"Gene2594"	0.404419791201083	1	0.404419791201083	1.07462492401364	0.788471656944275	0.924834003289303	1
"Gene2595"	"Gene2595"	0.00544489115034379	31.468527751948	35.4485423113493	0.344923267384425	1.32456829401508	1	1
"Gene2596"	"Gene2596"	5.849269582558	1	5.849269582558	2.28477884550625	0.876214680318418	1	1
"Gene2597"	"Gene2597"	0.415758086917847	1	0.415758086917847	0.496461017290961	1.10171755552602	1	1
"Gene2600"	"Gene2600"	5.44430015083831	1	5.44430015083831	2.36246581714177	0.593448635211393	1	1.09925231205168
"Gene2601"	"Gene2601"	1.46881004803939	1	1.46881004803939	1.01292732973434	0.489217199464487	1	1
"Gene2602"	"Gene2602"	1.72106459403802	1	1.72106459403802	0.969438081991836	0.67572717515203	1	1
"Gene2603"	"Gene2603"	11.5655663323074	1	11.5655663323074	0.871791613403333	1.71222237208798	1.07071801196687	1
"Gene2604"	"Gene2604"	1.23364903905547	1	1.23364903905547	0.780022990432652	0.751801369919341	1	1
"Gene2605"	"Gene2605"	1.45764926363851	1	1.45764926363851	0.586251752011463	0.632475665575538	1	0.911539648878099
"Gene2606"	"Gene2606"	1.15546782208938	1	1.15546782208938	0.607671356527375	0.500332648970096	1	1
"Gene2607"	"Gene2607"	0.307818970112155	1	0.307818970112155	0.663471953915126	1.48374606503544	1	1
"Gene2608"	"Gene2608"	1.10958891442196	1	1.10958891442196	0.960087857105153	1.32462679145428	1	1
"Gene2610"	"Gene2610"	1.08847428620784	1	1.08847428620784	1.03634699030565	0.838984400449371	1	1
"Gene2611"	"Gene2611"	0.488342780290012	1	0.488342780290012	1.01453089760048	0.942019140571687	1	1
"Gene2612"	"Gene2612"	0.204505040230603	53.4105639807201	60.1657202417542	0.504802534406365	0.751782329721744	1	1
"Gene2613"	"Gene2613"	3.5278871472817	1	3.5278871472817	0.652765458992323	0.232074853894954	1	1
"Gene2614"	"Gene2614"	0.236008033408243	1	0.236008033408243	1.26155627354175	0.615179380993645	1	1
"Gene2615"	"Gene2615"	2.86997394595563	1	2.86997394595563	0.508090763705278	0.724815260261304	1	1
"Gene2616"	"Gene2616"	2.71267481616945	1	2.71267481616945	0.42637443993882	0.377490212097205	1	1
"Gene2617"	"Gene2617"	4.34787955110441	1	4.34787955110441	0.837069670136947	0.827842449935467	1	1
"Gene2618"	"Gene2618"	0.273248607510783	1	0.273248607510783	1.59623130060735	0.458372956245053	0.88880559645052	1
"Gene2619"	"Gene2619"	1.35504939421438	1	1.35504939421438	1.11335282661167	0.843203962329651	1	1
"Gene2620"	"Gene2620"	1.16350780665798	1	1.16350780665798	0.888483867392207	1.31872921872026	1	1
"Gene2622"	"Gene2622"	0.363710469161127	1	0.363710469161127	2.16883828889685	1.18147407431244	1	1
"Gene2623"	"Gene2623"	0.0921751876713737	1	0.0921751876713737	1.13465399308948	1.17232754986263	1	0.9351107179321
"Gene2624"	"Gene2624"	0.708935159202102	1	0.708935159202102	0.809846598785304	0.547256444482194	1.20847242666936	1
"Gene2625"	"Gene2625"	1.62798036523734	1	1.62798036523734	1.28385733151429	0.550173159398161	1	1
"Gene2626"	"Gene2626"	0.959506282549772	1	0.959506282549772	0.62369685335417	0.695612739864631	0.852043601745098	1
"Gene2627"	"Gene2627"	4.3272207530395	1	4.3272207530395	0.653134409370527	0.617711009202751	1	1
"Gene2628"	"Gene2628"	0.500370827188687	1	0.500370827188687	0.691877500933749	0.624314026379854	1	1
"Gene2629"	"Gene2629"	1.8000327356174	1	1.8000327356174	0.960422966876487	1.02463473947913	1	1
"Gene2630"	"Gene2630"	6.01310716520241	1	6.01310716520241	0.730136791246461	0.704960494712748	1	1
"Gene2631"	"Gene2631"	0.368877802199782	1	0.368877802199782	2.23095292393298	1.37841662005537	1	1
"Gene2632"	"Gene2632"	8.71625370305329	1	8.71625370305329	2.48599651864775	0.53285059086922	1	1
"Gene2633"	"Gene2633"	1.36267033083799	1	1.36267033083799	0.727886320961917	0.995481089407061	1	1
"Gene2634"	"Gene2634"	0.357745962936178	1	0.357745962936178	0.615916085563829	2.61923079776097	1.16370741864847	1.03319791057662
"Gene2636"	"Gene2636"	1.11408443336741	1	1.11408443336741	0.551993600285524	0.525243049465729	1	1
"Gene2638"	"Gene2638"	0.900175261037983	1	0.900175261037983	0.400987298332276	0.542480835690077	1	1
"Gene2639"	"Gene2639"	1.07605637355403	1	1.07605637355403	1.61145542010577	2.2572269169452	1	1.26189204532102
"Gene2640"	"Gene2640"	0.953749036254903	1	0.953749036254903	1.11657192730426	1.0105829526419	1	1
"Gene2641"	"Gene2641"	1.84690577320907	1	1.84690577320907	0.622371667412388	0.48392439814759	1	1
"Gene2642"	"Gene2642"	1.23129525171362	1	1.23129525171362	2.37215314328568	1.42595050794975	1	0.911238413110411
"Gene2643"	"Gene2643"	7.31810139400207	1	7.31810139400207	0.51610450386948	0.850944132526988	1	1
"Gene2644"	"Gene2644"	0.972247457958879	1	0.972247457958879	1.68739618825032	1.30168596850417	1	1
"Gene2645"	"Gene2645"	3.19848344173138	1	3.19848344173138	0.339546543625054	1.1939616604874	1	1
"Gene2646"	"Gene2646"	3.48627628056615	1	3.48627628056615	0.498836045504015	0.924680328172451	1	1
"Gene2647"	"Gene2647"	0.547827331880375	1	0.547827331880375	0.419970545478455	0.920476396227589	1	1
"Gene2648"	"Gene2648"	7.19429607577412	1	7.19429607577412	0.631784941900635	1.05631653368463	1	1
"Gene2649"	"Gene2649"	1.12670887653366	1	1.12670887653366	1.57938807314804	1.19684284350955	1	1
"Gene2650"	"Gene2650"	1.82548789848597	1	1.82548789848597	3.41759533038342	1.71978765690503	1	1
"Gene2651"	"Gene2651"	1.60819654607952	1	1.60819654607952	0.433914382680401	0.488360178105429	1	1.10176582642877
"Gene2652"	"Gene2652"	0.000819385912632868	36.5374290103364	41.1585380933702	1.22326447269835	0.63520035268345	1	1
"Gene2653"	"Gene2653"	3.2789512660278	1	3.2789512660278	2.44854939733333	0.569628655590805	1	1
"Gene2654"	"Gene2654"	3.63837531821046	1	3.63837531821046	1.12567755140656	0.503335831317295	1	1
"Gene2655"	"Gene2655"	2.97322957856186	1	2.97322957856186	2.06039114013525	0.4807505566399	1	1
"Gene2656"	"Gene2656"	8.16131591468422	1	8.16131591468422	2.17015890262208	0.923981242826197	1	1
"Gene2657"	"Gene2657"	0.602690983248582	1	0.602690983248582	1.39128290096681	1.6304102882161	1	1
"Gene2658"	"Gene2658"	0.156035483990075	1	0.156035483990075	1.3000758716906	0.52622614955171	1	1
"Gene2659"	"Gene2659"	1.53307867606498	1	1.53307867606498	1.10628148656211	1.1414876197774	1	1
"Gene2660"	"Gene2660"	1.63679866886107	1	1.63679866886107	1.86293779804447	0.441331371818044	1	1
"Gene2661"	"Gene2661"	3.44547661417832	1	3.44547661417832	0.833849838724245	0.36515299156001	1.13689868166279	1
"Gene2662"	"Gene2662"	0.279419497286977	1	0.279419497286977	0.657311338588893	0.781438259261322	1	1
"Gene2663"	"Gene2663"	0.928759591751524	1	0.928759591751524	1.73460638478753	1.44750861941723	1	1
"Gene2664"	"Gene2664"	3.32035346994927	1	3.32035346994927	1.26182796972903	1.28348642571778	1	1
"Gene2665"	"Gene2665"	2.27695585903705	1	2.27695585903705	1.9500207013903	0.548982099492666	1	1
"Gene2666"	"Gene2666"	2.18444993664809	1	2.18444993664809	1.00566350236428	0.801210388585582	1	1
"Gene2667"	"Gene2667"	3.84580079671142	1	3.84580079671142	1.81975600647887	2.407284310806	1	0.979964517256256
"Gene2668"	"Gene2668"	0.22645573812543	1	0.22645573812543	1.66101280563045	0.394185540400982	0.951115318893077	1
"Gene2669"	"Gene2669"	5.80199898137608	51.2406689637934	57.7213855107165	1.71220688724257	0.638433249676771	1	1
"Gene2670"	"Gene2670"	3.10421699309196	1	3.10421699309196	2.10444199803101	0.365018705387871	1	1
"Gene2671"	"Gene2671"	1.4666580513118	1	1.4666580513118	1.79552607060331	0.394254065620266	1	1
"Gene2673"	"Gene2673"	11.4824130753791	1	11.4824130753791	0.736538822743062	0.482572853759123	1	1
"Gene2674"	"Gene2674"	1.99222123882491e-05	32.880566619793	37.0391702538648	1.60163227123045	0.900010396319404	1	1
"Gene2675"	"Gene2675"	3.73045883191189	1	3.73045883191189	2.22724670075742	2.2374697740051	1	1
"Gene2676"	"Gene2676"	3.21893674492096	1	3.21893674492096	0.811648221101322	1.1453372574835	1	0.84011473133744
"Gene2677"	"Gene2677"	1.05270837711987	1	1.05270837711987	1.57518071511651	0.979418556438011	1	1
"Gene2678"	"Gene2678"	0.134123121975672	1	0.134123121975672	0.912293168348456	0.839307451862389	1	1
"Gene2679"	"Gene2679"	0.157667451957465	1	0.157667451957465	2.17760419367684	0.834986889277301	0.966331868400321	1
"Gene2680"	"Gene2680"	7.18769112510746	18.3240340488149	20.6415851867684	0.961178835802209	3.67175490907923	1.14688434119932	1
"Gene2681"	"Gene2681"	0.382420552618828	1	0.382420552618828	1.09294533397661	1.17398725397284	1	1
"Gene2682"	"Gene2682"	10.4014856061419	1	10.4014856061419	2.1538274176112	0.426602903688521	1	1
"Gene2683"	"Gene2683"	2.01849666634788	1	2.01849666634788	1.38842516953637	1.03128455853805	1.22676420614948	1
"Gene2684"	"Gene2684"	4.67592987367367	1	4.67592987367367	0.668594890481586	0.993237457793659	1	1.07907758782733
"Gene2685"	"Gene2685"	1.07041189080448	1	1.07041189080448	0.988262819447483	0.81463932200584	1	1
"Gene2686"	"Gene2686"	1.76915314320712	1	1.76915314320712	0.686061964691525	1.00319160048425	1	1
"Gene2687"	"Gene2687"	0.125307041154632	1	0.125307041154632	0.638664626578374	1.27726336300114	1	1
"Gene2688"	"Gene2688"	2.82651468865964	1	2.82651468865964	0.98373704207407	0.3485592666877	1.07327947885156	1
"Gene2689"	"Gene2689"	0.90294799693463	1	0.90294799693463	1.90001971955159	1.13481050871132	0.963839975572876	1
"Gene2690"	"Gene2690"	4.05353573290391	1	4.05353573290391	0.921676345518788	1.40995530734091	1	1
"Gene2691"	"Gene2691"	0.788202433922371	1	0.788202433922371	0.43536970283433	0.673105101752699	1	1
"Gene2693"	"Gene2693"	1.60966968321926	1	1.60966968321926	0.657545057813533	1.13266277243489	1	1
"Gene2694"	"Gene2694"	0.23009836338055	1	0.23009836338055	0.695660167122865	0.557823594463291	1	1
"Gene2695"	"Gene2695"	0.64817742442903	1	0.64817742442903	2.42968480978041	0.529730825572304	1	1
"Gene2697"	"Gene2697"	2.37846220377926	1	2.37846220377926	0.666020734680951	0.516776751545023	1	1
"Gene2698"	"Gene2698"	0.581479365247343	1	0.581479365247343	1.04935795046142	0.643020422716744	1	0.927572216961197
"Gene2699"	"Gene2699"	3.7591975524173	1	3.7591975524173	0.341853961390248	0.516897174280164	0.977795489072673	0.955887505449899
"Gene2700"	"Gene2700"	2.14695116008337	1	2.14695116008337	0.65467256441053	2.22936983646969	1	1
"Gene2702"	"Gene2702"	5.48716243709561	1	5.48716243709561	1.34533834839552	0.438562618023134	1	1
"Gene2703"	"Gene2703"	15.9120356799568	1	15.9120356799568	0.833308251548255	0.750885784577351	1	1
"Gene2704"	"Gene2704"	9.65514644825716	1	9.65514644825716	1.0146131577184	0.951988696581819	1	1
"Gene2706"	"Gene2706"	0.551822637026291	1	0.551822637026291	0.954785709334255	3.17144323588799	1	1
"Gene2707"	"Gene2707"	0.0616869980774092	1	0.0616869980774092	1.80995283551219	1.00626411795613	1.09584457069096	1
"Gene2708"	"Gene2708"	0.791507615014715	1	0.791507615014715	0.80947615087773	0.960394052618394	1	1
"Gene2709"	"Gene2709"	4.61020316358163	1	4.61020316358163	0.561212168944033	1.24172880545844	1	1
"Gene2710"	"Gene2710"	14.1503594129699	1	14.1503594129699	0.817203738180763	1.01397983991043	1	1.19885856677756
"Gene2711"	"Gene2711"	0.39678947455902	1	0.39678947455902	1.11703444377864	0.741292127871014	1	1
"Gene2712"	"Gene2712"	2.4186354431373	1	2.4186354431373	0.85296037656589	0.527741267680714	1	1
"Gene2713"	"Gene2713"	1.96308684696662	1	1.96308684696662	1.22483105241002	0.988691882870016	1	1
"Gene2714"	"Gene2714"	0.535100726066653	1	0.535100726066653	0.599726217370433	0.587859350377686	1	1
"Gene2715"	"Gene2715"	0.866047781770561	1	0.866047781770561	3.09096314384669	1.58612024795594	1	1
"Gene2717"	"Gene2717"	3.60526764909394	1	3.60526764909394	0.91535950643474	0.586365025264701	1	1
"Gene2718"	"Gene2718"	0.229098919552694	64.705049346848	72.8886873135555	1.12242957155002	1.14351770234749	1	1
"Gene2719"	"Gene2719"	1.80605758993029	1	1.80605758993029	0.582912165993765	1.130159522854	1	1
"Gene2720"	"Gene2720"	0.327476900500004	1	0.327476900500004	0.510288663585019	1.34868758901187	1	1
"Gene2721"	"Gene2721"	1.9128694676859	1	1.9128694676859	0.636788349437403	0.908338958780824	1	1
"Gene2722"	"Gene2722"	3.89732696282855	1	3.89732696282855	0.784714928970212	2.7387778450577	1	1
"Gene2723"	"Gene2723"	7.91523218891709	1	7.91523218891709	1.93632213384657	0.435498845079684	1	1
"Gene2724"	"Gene2724"	1.70217995934256	1	1.70217995934256	0.709929047719284	0.4152461145878	1	1
"Gene2725"	"Gene2725"	1.20088322697066	1	1.20088322697066	1.29830144204	0.923837915954129	1	1
"Gene2726"	"Gene2726"	2.32491861550056	1	2.32491861550056	1.45729962543944	1.22721185022844	1	1
"Gene2728"	"Gene2728"	3.07441260780116	1	3.07441260780116	1.74085419510208	1.66835846282599	1	1
"Gene2729"	"Gene2729"	6.38596502670947	1	6.38596502670947	1.01017527076476	3.17293258156157	1	1
"Gene2730"	"Gene2730"	3.59715413441686	1	3.59715413441686	1.24202507698418	0.617001628918257	1	1
"Gene2731"	"Gene2731"	2.38660039187861	1	2.38660039187861	1.33688168715258	0.350272670958246	1	1
"Gene2732"	"Gene2732"	1.23902437237567	1	1.23902437237567	1.62843666855672	0.476086792841839	1.26825414349634	1
"Gene2733"	"Gene2733"	12.4493996122819	1	12.4493996122819	1.23615286320364	2.43950042088755	1.05524311281581	1
"Gene2734"	"Gene2734"	0.244861239570157	1	0.244861239570157	0.521117354049429	1.07173862253785	1	1
"Gene2735"	"Gene2735"	1.63804303614071	1	1.63804303614071	2.75244195110984	0.548062454120877	1	1
"Gene2737"	"Gene2737"	0.368092586735033	1	0.368092586735033	1.61778612130098	2.31807254299106	1	1
"Gene2738"	"Gene2738"	0.729436336763443	1	0.729436336763443	1.4579882234741	0.648991508743735	1	1
"Gene2739"	"Gene2739"	2.88396495325751	1	2.88396495325751	1.18678840954283	1.14299039322782	1	1
"Gene2740"	"Gene2740"	3.36624561549123	1	3.36624561549123	0.70951957842998	0.540918750953817	1	1
"Gene2741"	"Gene2741"	0.418106929418997	1	0.418106929418997	1.14535062555408	1.95957725920369	1	1
"Gene2742"	"Gene2742"	1.24506577296185	1	1.24506577296185	1.97714552264024	0.317631504576173	1	1
"Gene2743"	"Gene2743"	4.507376060061	1	4.507376060061	0.487250923068486	1.80885369811847	1	1.14186584394182
"Gene2744"	"Gene2744"	2.60474752549955	1	2.60474752549955	0.905956312559747	0.599166393907003	1	1
"Gene2745"	"Gene2745"	1.69269449698562	1	1.69269449698562	1.93050376268689	0.600184958324122	1.10487281652299	1
"Gene2746"	"Gene2746"	1.03409492824735	1	1.03409492824735	0.843926554879912	1.11817927747782	1	1
"Gene2748"	"Gene2748"	1.00482505404517	1	1.00482505404517	0.57709895645728	1.30415736147125	1	1
"Gene2749"	"Gene2749"	0.930480021745352	1	0.930480021745352	0.604944293847141	1.11802322974195	1	1
"Gene2750"	"Gene2750"	8.99978387239326	1	8.99978387239326	0.684018192428427	1.19947308599401	1	1
"Gene2752"	"Gene2752"	0.870304327795703	1	0.870304327795703	1.29025989344462	0.533024911229243	1	1
"Gene2753"	"Gene2753"	0.402121197534446	1	0.402121197534446	0.944900359766981	2.53863088673842	1	1
"Gene2755"	"Gene2755"	0.208662013327059	1	0.208662013327059	0.693321933896874	3.91449145068709	1	1
"Gene2756"	"Gene2756"	0.850425411352903	1	0.850425411352903	0.483572432929007	1.57655328313763	1	1
"Gene2757"	"Gene2757"	2.74056780117925	1	2.74056780117925	0.99699756619594	1.91213656403421	0.893626181731332	1
"Gene2758"	"Gene2758"	0.132144829042831	1	0.132144829042831	1.53887203853098	1.10658357750035	1	1
"Gene2759"	"Gene2759"	0.482498639019744	1	0.482498639019744	2.28394028160324	0.787864112900321	1	1
"Gene2760"	"Gene2760"	0.60686686446535	1	0.60686686446535	0.912579019354611	1.4194654567317	1	1
"Gene2761"	"Gene2761"	1.83116592167656	1	1.83116592167656	1.42637074521905	1.77767103611361	1	1
"Gene2762"	"Gene2762"	0.138270972033142	1	0.138270972033142	1.88245754559977	0.495952833832061	1	1
"Gene2763"	"Gene2763"	0.234656303690452	1	0.234656303690452	0.437979697394113	0.646011399508165	1	1
"Gene2764"	"Gene2764"	1.37795013289902	1	1.37795013289902	1.99895390976144	1.23523229114026	1	1
"Gene2765"	"Gene2765"	3.91171598584002	1	3.91171598584002	0.908480372239667	0.765031631013585	1	1
"Gene2766"	"Gene2766"	0.596873567427919	24.4627545530754	27.5567067090758	0.770770175769181	4.19326557399216	1	1
"Gene2769"	"Gene2769"	0.244059757412194	1	0.244059757412194	1.42846637599555	1.45385226182916	1	1
"Gene2770"	"Gene2770"	16.521082099534	1	16.521082099534	0.484777885957075	0.352396353678191	1	1
"Gene2771"	"Gene2771"	3.85935141781287	1	3.85935141781287	0.916394646707442	0.857050592853065	0.768381807889472	1
"Gene2773"	"Gene2773"	0.701062120379517	1	0.701062120379517	2.72126572797897	0.913447327281262	1	1
"Gene2774"	"Gene2774"	1.69770263803885	1	1.69770263803885	0.986510208382799	1.11950246697961	1	1
"Gene2775"	"Gene2775"	0.624508877342084	1	0.624508877342084	0.563847616858798	0.618077426705036	1	1
"Gene2776"	"Gene2776"	0.155362283287391	1	0.155362283287391	0.878630431301913	0.959323701832693	1	1
"Gene2777"	"Gene2777"	0.0217182172482571	57.5133357308271	64.787394287769	2.1982408693383	1.33839621560126	1	1
"Gene2778"	"Gene2778"	3.10814370924703	1	3.10814370924703	1.32360492627943	1.9350286084564	1.12206010637883	1
"Gene2779"	"Gene2779"	0.108637104577355	77.8674604109454	87.7158279158402	1.48438517630399	1.53856780068465	1	1
"Gene2780"	"Gene2780"	3.49532622235139	1	3.49532622235139	2.19357725483412	1.35969273296759	1	1
"Gene2781"	"Gene2781"	0.638013608517646	1	0.638013608517646	1.80320860252919	1.16019911736711	1	1
"Gene2782"	"Gene2782"	0.160793870205218	1	0.160793870205218	3.28238160354412	0.821323603562962	1	1
"Gene2783"	"Gene2783"	0.27778273992219	1	0.27778273992219	0.845615486386741	1.70001450642308	1	1
"Gene2784"	"Gene2784"	0.166216543736471	1	0.166216543736471	0.591290802604131	1.05752060803149	1	1
"Gene2785"	"Gene2785"	0.532947524114357	48.9991569203178	55.1963759157052	1.39597908859454	0.357839624803194	1	1
"Gene2786"	"Gene2786"	0.75873474777455	1	0.75873474777455	1.58155776314391	1.48179896863946	1	1
"Gene2787"	"Gene2787"	1.2153637820235	1	1.2153637820235	0.974660703624391	1.12752044564577	1	1
"Gene2789"	"Gene2789"	3.14136318132338	1	3.14136318132338	1.36610333061477	1.55411401437026	1	1
"Gene2790"	"Gene2790"	1.97379369245628	1	1.97379369245628	2.53501536391015	0.710991776813549	1	1
"Gene2791"	"Gene2791"	2.14797180891922	1	2.14797180891922	0.889570442185691	1.9877306242059	0.951340980650447	1
"Gene2792"	"Gene2792"	0.530690345861864	1	0.530690345861864	0.756431661484445	0.72613992059378	1	1.09869454607327
"Gene2794"	"Gene2794"	1.05218625516947	1	1.05218625516947	1.02668457588615	2.22456965038194	1	1
"Gene2795"	"Gene2795"	0.202322455006479	1	0.202322455006479	2.35362279396794	1.1676422852978	1	1
"Gene2796"	"Gene2796"	3.28075034970497	1	3.28075034970497	1.28127883152527	1.16414853861193	1	1
"Gene2797"	"Gene2797"	0.0506914833323264	1	0.0506914833323264	1.35096340847698	1.23781892917886	1.24734112868157	1
"Gene2798"	"Gene2798"	5.53968321449302	1	5.53968321449302	0.91478497836091	1.07265579308458	1	1
"Gene2799"	"Gene2799"	0.174597347239608	1	0.174597347239608	1.49040601690824	2.35799861065931	1	1
"Gene2800"	"Gene2800"	7.06336232210456	1	7.06336232210456	0.508831044760664	1.30498938762587	1	1
"Gene2801"	"Gene2801"	0.254985074199064	1	0.254985074199064	1.44975063951147	0.580094870164825	1	1
"Gene2802"	"Gene2802"	2.6459372211424	1	2.6459372211424	2.73151188198401	0.451235248114448	1	1
"Gene2803"	"Gene2803"	2.22012678258033	1	2.22012678258033	1.67807136324429	0.894286385437861	1.23127252660794	1
"Gene2804"	"Gene2804"	2.27772119515583	1	2.27772119515583	2.17785232949743	0.794229411759753	1	1
"Gene2805"	"Gene2805"	1.61844542606282	1	1.61844542606282	2.00476237035975	1.17943119748328	1	1
"Gene2808"	"Gene2808"	0.33452444571131	1	0.33452444571131	0.747681272003036	1.34999333377924	1	1
"Gene2809"	"Gene2809"	2.79616047941473	1	2.79616047941473	1.51616675523728	2.16510753480554	0.814510502703721	1
"Gene2810"	"Gene2810"	0.178334136376257	1	0.178334136376257	1.13831150947405	0.623687079416204	0.873794375084715	1
"Gene2812"	"Gene2812"	0.226966127127558	1	0.226966127127558	0.444287307126839	0.697911472354966	1	1
"Gene2813"	"Gene2813"	5.46809017700196	1	5.46809017700196	1.9644960001619	0.891150538481107	1.31001265920965	0.857712047234037
"Gene2814"	"Gene2814"	1.19262215971153	1	1.19262215971153	1.56358437298355	2.15381205572296	0.979316892815144	1
"Gene2815"	"Gene2815"	9.44653395340974	1	9.44653395340974	0.952544368325645	0.550023298041894	0.992497206654856	1
"Gene2816"	"Gene2816"	0.799641457695143	1	0.799641457695143	0.657100922117626	0.599074107996266	1	1
"Gene2817"	"Gene2817"	0.965542994739926	1	0.965542994739926	1.08379416160606	1.83146098429017	1	1
"Gene2818"	"Gene2818"	1.3456989662886	1	1.3456989662886	1.05693843297466	0.69138668907735	1	1
"Gene2819"	"Gene2819"	2.39809012822962	1	2.39809012822962	0.849878054353287	1.52410615831993	1	1
"Gene2820"	"Gene2820"	0.800969442946129	1	0.800969442946129	0.428825993355653	0.89394826130885	1	1
"Gene2821"	"Gene2821"	0.735678912236502	1	0.735678912236502	0.840258701169621	0.951405160956894	1	1
"Gene2822"	"Gene2822"	0.984987440955356	1	0.984987440955356	0.761754846011088	0.546481992413531	1.07462407706879	0.899457843972925
"Gene2823"	"Gene2823"	5.56237920319235	1	5.56237920319235	1.11728887406153	1.94603188945089	1	1
"Gene2824"	"Gene2824"	2.4357024161832	1	2.4357024161832	1.44692789163293	0.851751859515383	1	1
"Gene2825"	"Gene2825"	2.28259232688973	1	2.28259232688973	0.721907839042183	2.05663815820959	1	1
"Gene2826"	"Gene2826"	0.0606870489773908	1	0.0606870489773908	1.75731790702492	2.52426603829989	1	1
"Gene2827"	"Gene2827"	0.00357617120870229	70.1152243618258	78.9831198031203	0.755746509386983	0.986067509554325	1	1
"Gene2828"	"Gene2828"	6.04405746337182	1	6.04405746337182	1.20035194221845	0.421227581485264	1	1
"Gene2829"	"Gene2829"	0.23183374350009	1	0.23183374350009	1.04861323732209	1.16658222361228	0.84173516938387	1
"Gene2830"	"Gene2830"	0.107515543387975	1	0.107515543387975	0.771389142243202	0.86216688431761	1	1
"Gene2831"	"Gene2831"	0.285834390544196	1	0.285834390544196	1.04660851763552	1.0419067545981	1	1
"Gene2832"	"Gene2832"	0.508526105709343	1	0.508526105709343	1.59841034510832	1.52742749105055	0.829446035721306	1
"Gene2834"	"Gene2834"	0.147447094967137	1	0.147447094967137	0.477277965002795	1.22956770532504	1	1
"Gene2835"	"Gene2835"	2.15872543862248	1	2.15872543862248	0.698837554544948	1.87742091376423	1	1
"Gene2836"	"Gene2836"	0.416852808771564	1	0.416852808771564	0.740258486254346	1.07436384507481	1	1
"Gene2837"	"Gene2837"	2.41929476126373	1	2.41929476126373	1.9848180141884	0.807505111785918	1	1
"Gene2839"	"Gene2839"	0.593749759786786	1	0.593749759786786	0.712477028750682	0.417451608986437	1	1.20661077685043
"Gene2840"	"Gene2840"	0.517365061274849	1	0.517365061274849	0.654004421402516	1.8869660925547	1	1
"Gene2841"	"Gene2841"	5.10425442342857	1	5.10425442342857	1.4261777806083	1.83161541606	1	1
"Gene2842"	"Gene2842"	1.49264770496552	1	1.49264770496552	0.853833065317538	2.08313282684765	1	1
"Gene2843"	"Gene2843"	0.278422431631411	1	0.278422431631411	0.778608211978311	1.90432051274261	1	1
"Gene2844"	"Gene2844"	3.12349046624529	1	3.12349046624529	0.866918877229772	0.567796948578672	1	0.983343131627936
"Gene2845"	"Gene2845"	8.79160043086564	1	8.79160043086564	0.769781157062513	0.651864529743708	1	1
"Gene2846"	"Gene2846"	0.278174902640912	1	0.278174902640912	1.83761323622183	1.35075775483929	1	1
"Gene2847"	"Gene2847"	0.145463642553348	1	0.145463642553348	2.11417799921083	0.902790130661231	1	1
"Gene2848"	"Gene2848"	3.13076291731558	1	3.13076291731558	0.865338117852865	1.37148245705711	1	1
"Gene2849"	"Gene2849"	0.61281704781193	1	0.61281704781193	0.492386465492519	1.03034122842384	1.05257793933481	1
"Gene2851"	"Gene2851"	0.607891254897844	1	0.607891254897844	1.62433778507223	0.330310687162223	1	1.0689097148791
"Gene2852"	"Gene2852"	2.65276105700463	1	2.65276105700463	1.80500532197308	1.29792083711868	1	1.00318727147079
"Gene2853"	"Gene2853"	7.16493612573094	1	7.16493612573094	0.806915773980824	0.66996801052895	1	1
"Gene2854"	"Gene2854"	1.82073150994326	1	1.82073150994326	1.89070486394353	1.18962589038973	1	1
"Gene2855"	"Gene2855"	2.31373189583701	56.6954714965923	63.8660898295261	1.77318905997208	0.831911364271018	1	1
"Gene2856"	"Gene2856"	3.56137140615071	1	3.56137140615071	2.17678260342989	0.40916388342945	1	0.852099339543354
"Gene2859"	"Gene2859"	0.498807461368695	1	0.498807461368695	1.45502980968638	1.30999605854276	1	1
"Gene2860"	"Gene2860"	2.37250285018829	1	2.37250285018829	2.25950522315877	0.750133098655214	1	1
"Gene2861"	"Gene2861"	0.592555070916987	1	0.592555070916987	1.48698958873566	0.6184099987766	1	1
"Gene2862"	"Gene2862"	7.45207600832314	1	7.45207600832314	0.655239233175744	0.939895311070944	1	1
"Gene2863"	"Gene2863"	1.24836376522355	1	1.24836376522355	1.14364431827013	0.47706059654627	1	1
"Gene2864"	"Gene2864"	9.10754422515716	1	9.10754422515716	0.674262232538131	1.4418165127302	1	1
"Gene2866"	"Gene2866"	0.357809698376055	1	0.357809698376055	2.33069376666191	0.338171678390197	1	1
"Gene2867"	"Gene2867"	0.298391532026446	1	0.298391532026446	0.634333177867726	0.816261318676931	1	1
"Gene2868"	"Gene2868"	1.60465953314798	42.9677961463978	48.4021925565527	1.40632682071266	0.682082115897822	1	1
"Gene2869"	"Gene2869"	0.836568469865705	1	0.836568469865705	1.59893839521472	0.625104179943385	1	1
"Gene2870"	"Gene2870"	0.544990008035682	1	0.544990008035682	0.531377152744505	1.32500650502042	1	1
"Gene2871"	"Gene2871"	1.86664294457745	55.3947397612189	62.4008467040595	2.09776858487396	0.518221893678719	1	1
"Gene2872"	"Gene2872"	1.52709007934805	1	1.52709007934805	1.73682665759733	1.82708657127209	1	1
"Gene2873"	"Gene2873"	0.657602446890495	1	0.657602446890495	1.35295361133603	0.60612174554398	1	1.07073794196395
"Gene2874"	"Gene2874"	0.837764081326428	1	0.837764081326428	0.722458771888685	0.359667138093217	1	1
"Gene2875"	"Gene2875"	3.72003692508105	1	3.72003692508105	0.715142301913568	1.04631454758662	0.877546811507065	1
"Gene2876"	"Gene2876"	1.7454292008094	1	1.7454292008094	0.588940941621914	1.31054999989464	1	1
"Gene2877"	"Gene2877"	1.38191103514852	1	1.38191103514852	1.12834456003055	0.610483525999798	1	1
"Gene2878"	"Gene2878"	5.12615441732251	1	5.12615441732251	1.06903958021516	0.691150699488761	0.893707716012244	1
"Gene2879"	"Gene2879"	0.32568596576103	1	0.32568596576103	2.02964765166493	1.03892252128503	1	0.897458380820184
"Gene2880"	"Gene2880"	0.307714187497071	30.1814682986042	33.9987006839075	0.879753328556936	1.11075092503685	1	1
"Gene2881"	"Gene2881"	2.96135650955251	1	2.96135650955251	1.06812915731865	0.751022239600082	1	1
"Gene2882"	"Gene2882"	1.51579418770501	1	1.51579418770501	1.25534381605712	0.361016953217306	1.07847548029925	0.816891561566418
"Gene2883"	"Gene2883"	8.90301425295882	1	8.90301425295882	3.1283407135473	0.703073269859659	1	1
"Gene2884"	"Gene2884"	3.08125539914911	1	3.08125539914911	0.548295864818442	0.758334984044047	1	1
"Gene2885"	"Gene2885"	1.10776662274761	1	1.10776662274761	1.16586743239487	0.596272616446546	0.991672016815916	1
"Gene2886"	"Gene2886"	1.57799889813001	1	1.57799889813001	4.73853465264659	1.30138373337178	1	1
"Gene2887"	"Gene2887"	0.205852846587415	1	0.205852846587415	1.46653031524521	0.699484486475932	1	1
"Gene2888"	"Gene2888"	2.18407761302932	1	2.18407761302932	2.456207221396	0.670573284657188	1	1
"Gene2889"	"Gene2889"	0.099753038088222	1	0.099753038088222	0.777913174099911	0.800912914951449	1	1
"Gene2890"	"Gene2890"	1.85196932825585	1	1.85196932825585	1.61705249224426	1.9226838452612	1	0.829800442847365
"Gene2891"	"Gene2891"	2.99838494699842	1	2.99838494699842	0.752738464360983	1.14122478262515	1	1
"Gene2892"	"Gene2892"	6.6926182209852	1	6.6926182209852	1.56165232840505	2.19671632596832	1	0.909474329128323
"Gene2893"	"Gene2893"	5.2209347900721	1	5.2209347900721	0.535230708318803	0.851519726891674	1	1
"Gene2894"	"Gene2894"	2.59336881434864	1	2.59336881434864	1.88541131647228	0.687934857057919	1	1
"Gene2896"	"Gene2896"	9.93415092071785	1	9.93415092071785	0.441628643814428	0.593111178409369	1	1
"Gene2897"	"Gene2897"	0.237761640175369	1	0.237761640175369	1.52809086416543	0.976886218110681	1	1
"Gene2898"	"Gene2898"	0.623812516177053	1	0.623812516177053	1.02562352100364	0.885976145871606	1	1
"Gene2899"	"Gene2899"	2.03341226418137	1	2.03341226418137	1.70681752864309	2.16864799339779	1	1
"Gene2901"	"Gene2901"	0.129483638024365	1	0.129483638024365	0.817000109690628	1.18852078537955	0.839433643692102	1
"Gene2902"	"Gene2902"	0.981524712380724	1	0.981524712380724	1.25512396361415	1.06679914372576	0.79252107855629	1
"Gene2903"	"Gene2903"	0.679233155408722	1	0.679233155408722	0.676883373747743	1.72911642635759	1	1
"Gene2904"	"Gene2904"	4.60753606802007	1	4.60753606802007	1.70291155329888	0.968901416147385	1	1
"Gene2905"	"Gene2905"	6.21300827220495	1	6.21300827220495	1.10672368554895	0.280333365799637	1	1
"Gene2907"	"Gene2907"	11.0114727617043	94.1585983459162	106.067404352462	2.45123354041332	1.23215739373008	1	1
"Gene2908"	"Gene2908"	2.58902763076929	1	2.58902763076929	0.561437562014507	0.481437500095173	1	1
"Gene2909"	"Gene2909"	0.30584974085115	1	0.30584974085115	0.855547875534701	0.49893028157734	1	1.04794364316724
"Gene2910"	"Gene2910"	1.94829341899302	1	1.94829341899302	0.856296307983222	1.33333149547187	1	1
"Gene2911"	"Gene2911"	0.747209173648006	1	0.747209173648006	0.891623488576174	0.896979924085778	1	1
"Gene2912"	"Gene2912"	4.0229446489161	1	4.0229446489161	1.47377212250873	1.60272888481676	1	1
"Gene2913"	"Gene2913"	3.55992530171007	1	3.55992530171007	1.20897768460379	0.795165508729906	1	1
"Gene2914"	"Gene2914"	9.04438134587635	79.1918151811711	89.2076818238983	0.707528726379204	1.69522821003429	1	1
"Gene2915"	"Gene2915"	2.25020571721648	1	2.25020571721648	0.543289164444511	0.417185104945414	1	1
"Gene2916"	"Gene2916"	2.27633181849715	1	2.27633181849715	1.76277249922656	1.12842029930258	1	1
"Gene2917"	"Gene2917"	1.87401318848175	1	1.87401318848175	0.850816952270845	0.564056510245957	1	1
"Gene2918"	"Gene2918"	0.910423601915041	1	0.910423601915041	0.419132989085314	0.469461035113216	1	1
"Gene2919"	"Gene2919"	0.112765402420573	1	0.112765402420573	1.55631877262503	1.00552717463848	1	1
"Gene2920"	"Gene2920"	0.383036613583725	1	0.383036613583725	1.75062567305648	1.36745052299868	1	1
"Gene2921"	"Gene2921"	1.22525885810385	1	1.22525885810385	1.23037155147834	1.86598035317378	1	1
"Gene2922"	"Gene2922"	1.8273762813314	1	1.8273762813314	1.80575629820476	2.08182800988979	1	1
"Gene2923"	"Gene2923"	3.23343719378615	1	3.23343719378615	1.21229127266624	0.752613194530366	1	1
"Gene2924"	"Gene2924"	2.07678165016897	1	2.07678165016897	1.41225736819585	0.753941478647333	1	1
"Gene2925"	"Gene2925"	0.547171798728291	1	0.547171798728291	0.949580567634039	2.58591650481494	1	1
"Gene2926"	"Gene2926"	3.8069028459571	1	3.8069028459571	1.82863937123159	1.03879108353729	1	1
"Gene2927"	"Gene2927"	2.55177425007985	1	2.55177425007985	1.56836383649377	2.21088548643153	1	1
"Gene2929"	"Gene2929"	0.202738978103546	1	0.202738978103546	0.419001888853518	2.53804146333588	1	1
"Gene2930"	"Gene2930"	0.273848332450964	1	0.273848332450964	1.1302187914206	0.900912507345083	1	1
"Gene2931"	"Gene2931"	10.2300584854694	1	10.2300584854694	0.558988725715603	0.939354422785307	1	1
"Gene2933"	"Gene2933"	2.427420334444	1	2.427420334444	1.18969139709664	1.08851333595139	1	1
"Gene2934"	"Gene2934"	1.41397796850866	1	1.41397796850866	1.50728520222458	0.753472609386684	1	1
"Gene2935"	"Gene2935"	4.26971094944236	1	4.26971094944236	0.675220214239005	1.2203148070563	1	1
"Gene2936"	"Gene2936"	2.08564344909359	1	2.08564344909359	0.772151383438552	0.97598276377042	1	1
"Gene2937"	"Gene2937"	5.91934836040968	1	5.91934836040968	1.15633435838434	0.697438433868553	1	1
"Gene2938"	"Gene2938"	19.3486442122248	1	19.3486442122248	1.3934403495227	1.68673257044867	1	1
"Gene2939"	"Gene2939"	0.197758103661799	1	0.197758103661799	0.800175040313627	0.967569261638504	1	1
"Gene2940"	"Gene2940"	0.29473344673362	1	0.29473344673362	0.646832266679579	0.487141293926288	1	1
"Gene2941"	"Gene2941"	0.318790146933324	1	0.318790146933324	1.54788570795715	0.982019450996444	1	0.980249695145032
"Gene2942"	"Gene2942"	2.08543720079171	1	2.08543720079171	0.637850810627305	1.53321529371053	1	1
"Gene2943"	"Gene2943"	2.33303503440932	1	2.33303503440932	1.04232432903867	0.571565682799983	1	1
"Gene2944"	"Gene2944"	5.82988305004943	1	5.82988305004943	0.555918132389234	1.00511554975318	0.805402934413597	1
"Gene2946"	"Gene2946"	0.997964319791981	1	0.997964319791981	0.537706015518232	2.24999606103462	1	1
"Gene2947"	"Gene2947"	2.48260860046602	1	2.48260860046602	3.22216544615763	0.831771090456053	1	1
"Gene2948"	"Gene2948"	1.72228873174708	1	1.72228873174708	0.922620902074812	0.806906313830975	1	1
"Gene2949"	"Gene2949"	0.785051288254916	1	0.785051288254916	1.45480846696509	0.986683974380625	1	1
"Gene2950"	"Gene2950"	0.164748554541825	1	0.164748554541825	2.44389370274954	1.09342727086295	1	1
"Gene2951"	"Gene2951"	10.2722910160393	1	10.2722910160393	1.70970223122896	1.24167937381096	1	1
"Gene2952"	"Gene2952"	11.4176390522713	1	11.4176390522713	0.779656036688036	0.484459925727443	1	1
"Gene2953"	"Gene2953"	0.521648762028885	1	0.521648762028885	2.29239849469052	0.815744864349368	1	1
"Gene2954"	"Gene2954"	0.434087470696575	25.5691612539818	28.8030473405727	0.721551733246237	2.21133772237288	1	1
"Gene2955"	"Gene2955"	2.81170571025236	1	2.81170571025236	1.06718220537396	0.927503782197505	1	1
"Gene2956"	"Gene2956"	4.05982195189119	1	4.05982195189119	0.549911324306892	0.69338567856634	1	1
"Gene2957"	"Gene2957"	0.984732486359583	1	0.984732486359583	0.605790933612019	1.08098077730507	1	1
"Gene2958"	"Gene2958"	0.095723572464914	1	0.095723572464914	1.17900759985458	1.06766917433732	1	1
"Gene2959"	"Gene2959"	2.39166221512784	1	2.39166221512784	0.797917775445754	0.872708973345762	1	1
"Gene2960"	"Gene2960"	3.8292474525553	1	3.8292474525553	1.37167180116744	0.99311085836913	1	1
"Gene2961"	"Gene2961"	7.29375089148344	1	7.29375089148344	1.07336085316105	1.43494613159413	1	1
"Gene2962"	"Gene2962"	0.491776115988009	1	0.491776115988009	2.07280804531371	1.08929591134138	1	1
"Gene2963"	"Gene2963"	2.65203239999249	1	2.65203239999249	1.08727124466016	2.30204104520711	1	1
"Gene2964"	"Gene2964"	0.586030101153961	1	0.586030101153961	0.896218600862858	0.628408333598617	1	1
"Gene2966"	"Gene2966"	1.86945906748832	1	1.86945906748832	1.07967403736926	0.971970578037726	1	1
"Gene2967"	"Gene2967"	4.93449997986229	1	4.93449997986229	0.80227116885104	0.341477744679224	1	1
"Gene2968"	"Gene2968"	0.417764873418236	1	0.417764873418236	1.01909415590903	0.480452391179605	1	1
"Gene2970"	"Gene2970"	6.72217033837177	1	6.72217033837177	1.48086971175083	0.606865634252958	1	1
"Gene2971"	"Gene2971"	0.986056140942249	1	0.986056140942249	0.370339054125718	0.647456238899111	1	1
"Gene2972"	"Gene2972"	4.47680379123125	1	4.47680379123125	1.43161060114513	1.05118022086317	1	1
"Gene2973"	"Gene2973"	1.43667947821703	1	1.43667947821703	0.734537365202912	0.864982283611877	1.09732210747583	1
"Gene2974"	"Gene2974"	0.669409358943771	1	0.669409358943771	2.0674430142523	1.52629532954114	1	1.0324542168256
"Gene2975"	"Gene2975"	3.28426328374899	1	3.28426328374899	1.77576938241683	1.33024205747797	1	1
"Gene2976"	"Gene2976"	0.465951438264042	1	0.465951438264042	0.578353738935998	1.37693609882068	1	1
"Gene2978"	"Gene2978"	2.36950387253399	98.7551678425561	111.245329725174	0.376572262124064	0.615616605798941	1	1
"Gene2979"	"Gene2979"	2.41675713463919	1	2.41675713463919	1.60686136821001	0.408168246409278	1	1
"Gene2980"	"Gene2980"	12.1699566035778	1	12.1699566035778	1.82557377747284	0.879103103509518	1	1
"Gene2981"	"Gene2981"	0.862735258188224	1	0.862735258188224	0.630174637614229	1.3697129424147	1	1
"Gene2982"	"Gene2982"	3.37007659690194	37.3861664073398	42.1146204295398	0.775492482123747	0.573108632226761	1	1
"Gene2983"	"Gene2983"	0.599456986165764	1	0.599456986165764	1.75202949957818	1.21680782064979	1	1
"Gene2984"	"Gene2984"	2.38633192802223	1	2.38633192802223	0.468725661168458	1.64229441746264	1	1
"Gene2985"	"Gene2985"	0.137392813040521	1	0.137392813040521	1.2266908110463	1.34296944036801	1	1
"Gene2986"	"Gene2986"	0.155912037837564	1	0.155912037837564	1.22934950938564	0.872696844079012	1	1
"Gene2987"	"Gene2987"	10.6911609962847	1	10.6911609962847	1.44860689016289	1.29559148554923	1	1
"Gene2988"	"Gene2988"	6.75242213823547	1	6.75242213823547	1.28259405267028	1.16660846160509	1	1
"Gene2989"	"Gene2989"	1.88509498671228	62.4367572351232	70.3335106134952	0.63516441765384	0.733507059193471	1	0.923758809703021
"Gene2990"	"Gene2990"	3.38701971912668	1	3.38701971912668	1.50691907106532	0.43513427671339	1	1
"Gene2991"	"Gene2991"	1.94001472634013	1	1.94001472634013	1.27592505944151	2.27026373546476	1	1
"Gene2992"	"Gene2992"	0.893903521126958	1	0.893903521126958	0.792150909483376	1.8933833822416	1	1
"Gene2993"	"Gene2993"	1.3414825297861	91.9218895531956	103.547805504308	0.694900444960572	2.06830953349636	1	1
"Gene2994"	"Gene2994"	2.36277362031007	1	2.36277362031007	0.594521665048791	1.39997133280726	0.996540041063667	1
"Gene2995"	"Gene2995"	1.43924282549218	61.7273597578751	69.5343913573922	0.446826391254932	1.08337783643777	1	1
"Gene2996"	"Gene2996"	0.241922408149329	1	0.241922408149329	1.35422969780064	0.949443245492789	1	1
"Gene2997"	"Gene2997"	0.277280460150602	1	0.277280460150602	1.8481432278595	0.859447588990465	1	1
"Gene3000"	"Gene3000"	1.48154878414431	1	1.48154878414431	0.539802316292806	1.62867092380877	1	1
"Gene3001"	"Gene3001"	2.27838114909734	1	2.27838114909734	1.22117511178579	0.815581105609694	1.04832759656537	1.08840235680362
"Gene3003"	"Gene3003"	2.37819759258482	1	2.37819759258482	2.35564266155123	0.708002345444102	1	1
"Gene3004"	"Gene3004"	0.676422651966104	1	0.676422651966104	1.13015845112634	0.694910867149942	1	1
"Gene3005"	"Gene3005"	0.435237597125828	1	0.435237597125828	0.965418832831405	1.09574149063241	1	1
"Gene3006"	"Gene3006"	1.61669949971335	1	1.61669949971335	0.972335915656591	2.32970163537321	1	1
"Gene3007"	"Gene3007"	1.55329738727423	1	1.55329738727423	2.88644580873007	2.05257771921272	1	1
"Gene3008"	"Gene3008"	4.38687041158234	1	4.38687041158234	0.847801975549576	0.844040367332376	1	1
"Gene3009"	"Gene3009"	0.13924336786795	58.1698611306458	65.5269544158246	2.45190564551011	0.6416859592741	1	1
"Gene3010"	"Gene3010"	1.80176163129287	1	1.80176163129287	1.60821664562077	1.35939006920652	1	1
"Gene3011"	"Gene3011"	0.569902243707064	1	0.569902243707064	2.60145825655231	2.12856403643997	1	1
"Gene3012"	"Gene3012"	5.37905962919696	1	5.37905962919696	0.331793695262579	1.44306450326201	1	1
"Gene3013"	"Gene3013"	1.49241971762053	1	1.49241971762053	0.577265073932529	1.87704382305557	1	1
"Gene3014"	"Gene3014"	1.04315688349225	1	1.04315688349225	2.12488550053156	1.01600766963612	1	1
"Gene3015"	"Gene3015"	4.56456927698341	1	4.56456927698341	0.454153757884434	1.5614871824105	1	1
"Gene3017"	"Gene3017"	0.122248077186651	67.9002319852123	76.4879839772367	0.861962209155995	0.983811485611166	1	1.06651517637182
"Gene3019"	"Gene3019"	1.43189107200388	1	1.43189107200388	1.96013754450407	1.91594079637323	1	1
"Gene3020"	"Gene3020"	1.10637605498577	1	1.10637605498577	1.53047115824624	0.847758382489971	1	1
"Gene3021"	"Gene3021"	0.644850459562779	1	0.644850459562779	0.935583491834103	1.22978722141249	1.12730366074453	1
"Gene3022"	"Gene3022"	0.35639272140752	1	0.35639272140752	0.505017084727969	0.423591864949782	1	1
"Gene3023"	"Gene3023"	1.25902871733486	1	1.25902871733486	3.63466167099951	1.82101807610257	1	1
"Gene3024"	"Gene3024"	1.85602825099988	1	1.85602825099988	0.837520822542866	0.774427021592467	1	1
"Gene3025"	"Gene3025"	0.654050471985423	1	0.654050471985423	0.312719536540752	0.67684558049813	1	1
"Gene3026"	"Gene3026"	0.877669149641354	1	0.877669149641354	0.633521619983105	1.42859453398484	1	1
"Gene3027"	"Gene3027"	5.2963813317199	80.4802733475001	90.6590990679951	0.6256146707198	0.738572944184044	1	0.891496000891996
"Gene3028"	"Gene3028"	1.18757912764305	1	1.18757912764305	0.935383317031583	1.27488128667445	1	0.931604120744063
"Gene3029"	"Gene3029"	0.49884756492791	1	0.49884756492791	0.592769798161047	1.45017265335273	1	1
"Gene3030"	"Gene3030"	6.55522078175613	43.3572132088726	48.8408615443335	1.11828033161641	0.631111321253379	1	1
"Gene3032"	"Gene3032"	0.802631304797065	1	0.802631304797065	1.2436299492539	0.398888160693486	1	1
"Gene3033"	"Gene3033"	9.09328395825611	1	9.09328395825611	1.42825827792598	1.69444698641865	1	0.973108509010962
"Gene3034"	"Gene3034"	1.70293714720562	1	1.70293714720562	0.600176648293855	2.30699170245968	1	1
"Gene3035"	"Gene3035"	1.20958382923536	1	1.20958382923536	0.571983563741923	0.547492184287731	1	1
"Gene3036"	"Gene3036"	0.652778141647821	1	0.652778141647821	1.1844452141211	1.27756013611324	1.17447395607657	1
"Gene3037"	"Gene3037"	0.685456597244378	1	0.685456597244378	0.529089236484167	0.618651945348366	1	1
"Gene3038"	"Gene3038"	3.92546071413146	1	3.92546071413146	1.0938762606137	0.497810531976306	1	1
"Gene3039"	"Gene3039"	0.844477525213455	1	0.844477525213455	1.70675174639749	1.67202821579759	1	0.824244267052697
"Gene3041"	"Gene3041"	0.137700473213734	1	0.137700473213734	1.18719277936028	0.968067644487286	1	1
"Gene3042"	"Gene3042"	4.20231393838	1	4.20231393838	0.738354051165601	2.01124070179233	1	1
"Gene3043"	"Gene3043"	1.94558256501875	1	1.94558256501875	0.841533188801292	1.81686910875461	1	1
"Gene3044"	"Gene3044"	5.73601352556845	1	5.73601352556845	0.373146999232012	0.383212368549504	1	1
"Gene3045"	"Gene3045"	1.77943000232323	1	1.77943000232323	2.28541404518875	1.69893243376422	1	1
"Gene3046"	"Gene3046"	3.49152794452445	1	3.49152794452445	3.45570623042642	0.401828767312522	1	1
"Gene3047"	"Gene3047"	1.08949031747114	1	1.08949031747114	0.458767645064354	1.79538968116306	1	1
"Gene3048"	"Gene3048"	1.57268397341411	1	1.57268397341411	0.584746583305749	1.98783980690087	1	1
"Gene3049"	"Gene3049"	6.184980815652	1	6.184980815652	0.931194886440842	1.73456822067495	1	1
"Gene3050"	"Gene3050"	0.721537251873647	1	0.721537251873647	1.10865205602126	0.511275729334567	1	1
"Gene3051"	"Gene3051"	1.94294792235182	1	1.94294792235182	0.735956179885991	2.87801985038075	1	1
"Gene3052"	"Gene3052"	0.28784945614551	1	0.28784945614551	1.21066469813227	0.541276510423574	1	1
"Gene3053"	"Gene3053"	0.915278690309027	1	0.915278690309027	0.979995252796599	1.59878312321298	1	1
"Gene3054"	"Gene3054"	0.107867716387278	1	0.107867716387278	0.63364715360284	0.860355400020385	1	1
"Gene3055"	"Gene3055"	1.093453096494	1	1.093453096494	2.26007197775834	1.26270322039354	1	1
"Gene3056"	"Gene3056"	0.780277564613261	1	0.780277564613261	2.29257389626004	0.44369270675848	1	1
"Gene3057"	"Gene3057"	6.0956504382888	1	6.0956504382888	4.50283705699135	1.59160196072707	1	1
"Gene3058"	"Gene3058"	7.01261719980159	1	7.01261719980159	0.875385659931801	1.15694198549778	1	0.898837848868268
"Gene3060"	"Gene3060"	2.26201196544443	1	2.26201196544443	0.712578279949356	0.943208224727731	1	1
"Gene3062"	"Gene3062"	0.976849825564966	1	0.976849825564966	0.540703117039508	2.17354779745681	1	1
"Gene3063"	"Gene3063"	0.195326619032418	1	0.195326619032418	1.10605634219311	1.99210094282979	1	1
"Gene3064"	"Gene3064"	0.0515371821906657	1	0.0515371821906657	1.51102394101911	1.04776904277668	1	1.29178726792248
"Gene3066"	"Gene3066"	2.7712837818811	1	2.7712837818811	0.845391576949862	0.740092263014335	1	1
"Gene3067"	"Gene3067"	0.561527291185537	1	0.561527291185537	1.53156332317385	1.05738027949125	1	1
"Gene3068"	"Gene3068"	0.616039638595076	1	0.616039638595076	2.48798850758825	0.995664632366511	1	1
"Gene3069"	"Gene3069"	1.7539956559951	1	1.7539956559951	0.492495237691291	0.419268351087264	1.1004745080513	1.01257523401866
"Gene3070"	"Gene3070"	0.149060213852012	1	0.149060213852012	0.751729175122355	1.01855804225905	1	1
"Gene3071"	"Gene3071"	1.10722502891731	105.638883632345	118.999670581445	1.16224409965612	1.10190183983757	1	1
"Gene3072"	"Gene3072"	6.07499935090126	1	6.07499935090126	1.64955171816637	0.797785740676087	0.984611943891874	0.774227033799968
"Gene3073"	"Gene3073"	1.01984489345373	1	1.01984489345373	0.510370832603918	2.08096298080941	1	1
"Gene3074"	"Gene3074"	2.06722982569176	1	2.06722982569176	0.710972743870747	2.59693384633995	0.917082531699087	1
"Gene3075"	"Gene3075"	7.28519995724991	1	7.28519995724991	0.939583491876134	0.658438424820331	1	1
"Gene3076"	"Gene3076"	2.66435210629253	1	2.66435210629253	1.97968545081351	0.41056441285749	1	1
"Gene3077"	"Gene3077"	2.35922181864005	1	2.35922181864005	1.06745625344743	0.531595943152157	1	1
"Gene3078"	"Gene3078"	5.21737317878284	1	5.21737317878284	0.690494491031873	1.09233467636115	1	1
"Gene3079"	"Gene3079"	2.35580808656714	1	2.35580808656714	3.43108771272901	2.54740248210844	0.772456528730933	1
"Gene3081"	"Gene3081"	4.85903383463859	1	4.85903383463859	3.87924804918735	1.04163391093684	1.00418481876126	0.987757779225191
"Gene3082"	"Gene3082"	4.35011815765744	1	4.35011815765744	0.858554866920497	1.08823723368365	1	1
"Gene3083"	"Gene3083"	0.328635570246696	1	0.328635570246696	0.791873120404361	1.67133643001913	1	1
"Gene3084"	"Gene3084"	1.31537957768028	1	1.31537957768028	0.871649232258121	2.59422888719777	1	1
"Gene3085"	"Gene3085"	5.75661945894681	1	5.75661945894681	1.44406747002345	1.97494514919701	1	1
"Gene3086"	"Gene3086"	3.69097180300373	1	3.69097180300373	0.962499498893187	0.716470903520702	1	1
"Gene3087"	"Gene3087"	3.59265632968617	1	3.59265632968617	2.67299338066311	1.53132700327685	1	1
"Gene3088"	"Gene3088"	5.06655102504686	1	5.06655102504686	0.54060900708869	1.75066257041437	1	1
"Gene3089"	"Gene3089"	1.27494637188633	1	1.27494637188633	1.25202829212814	0.708649864112375	1	1
"Gene3090"	"Gene3090"	0.307340209639817	1	0.307340209639817	3.30910443653191	0.836139703611834	1	1
"Gene3091"	"Gene3091"	5.01573509149536	1	5.01573509149536	1.93408557239086	0.911088887436699	0.941267932887357	1
"Gene3092"	"Gene3092"	2.59549094298433	1	2.59549094298433	2.23629530252941	0.894744605953154	1	1
"Gene3094"	"Gene3094"	5.52490634232837	1	5.52490634232837	2.71166646367739	1.29165447155374	1	1
"Gene3095"	"Gene3095"	7.65286082790565	1	7.65286082790565	0.536976389688624	1.56707010827259	1	1
"Gene3097"	"Gene3097"	1.30355790279511	1	1.30355790279511	0.541057165433052	0.55860510961211	1	1
"Gene3098"	"Gene3098"	0.842131187794334	1	0.842131187794334	0.643779333017496	1.39924679535372	1.21553461989991	1
"Gene3100"	"Gene3100"	0.414212591374406	1	0.414212591374406	0.575082930516595	0.602401623616336	1	1
"Gene3101"	"Gene3101"	0.578586777417576	1	0.578586777417576	1.25046216032504	0.776807018942016	1	1
"Gene3102"	"Gene3102"	1.13699814333511	1	1.13699814333511	1.34151666575897	1.70779668403588	1	1
"Gene3103"	"Gene3103"	0.931608360025729	1	0.931608360025729	2.18131983391037	0.707960728944657	1	1
"Gene3104"	"Gene3104"	4.05141288282508	1	4.05141288282508	0.523464579852014	0.649844276341023	1	1
"Gene3105"	"Gene3105"	4.85722510526815	1	4.85722510526815	0.322184508887958	1.1813243386464	0.815780521957454	1
"Gene3106"	"Gene3106"	3.70649612141167	1	3.70649612141167	0.841200463181716	1.26499790945629	1	1
"Gene3107"	"Gene3107"	2.85485767871957	1	2.85485767871957	1.48260495828189	0.479755606302907	1	0.957976323126709
"Gene3108"	"Gene3108"	0.13488688562316	1	0.13488688562316	0.6700011354409	1.41206417626076	1	1
"Gene3109"	"Gene3109"	0.235070505961528	1	0.235070505961528	0.983138287091317	0.605015671205933	1	1
"Gene3110"	"Gene3110"	1.55139710005394	1	1.55139710005394	1.76999561380615	0.771598850817803	1	1
"Gene3111"	"Gene3111"	0.0563098405917314	1	0.0563098405917314	1.87739147435596	1.48913299226873	1	1
"Gene3112"	"Gene3112"	0.31775675878767	1	0.31775675878767	0.583859368580142	0.450839014621092	1	1
"Gene3113"	"Gene3113"	7.5612718932223	1	7.5612718932223	1.16671897986131	2.46954990382805	1	1
"Gene3114"	"Gene3114"	0.138626350276424	1	0.138626350276424	1.99667062328597	1.69385605548198	1	1
"Gene3115"	"Gene3115"	0.583728393279401	1	0.583728393279401	1.29257323512665	1.00188218162507	1	1
"Gene3116"	"Gene3116"	4.20519184601218	1	4.20519184601218	1.62995449640316	0.762965185938775	1	1
"Gene3117"	"Gene3117"	0.55369534608118	1	0.55369534608118	0.619353787829221	1.32310409986198	1	1.27165198575638
"Gene3118"	"Gene3118"	0.65467202121007	1	0.65467202121007	1.3789088488522	0.698093988048823	1	1
"Gene3119"	"Gene3119"	0.335489288160886	1	0.335489288160886	0.9295087260821	1.45231518289252	1	1
"Gene3121"	"Gene3121"	3.26897909205791	1	3.26897909205791	0.533210494339278	0.855087428475944	1	1.34495413114569
"Gene3123"	"Gene3123"	0.409999958712044	1	0.409999958712044	1.37992553904478	0.598797662229745	1	1
"Gene3124"	"Gene3124"	8.33311892368604	1	8.33311892368604	2.01747168993488	1.63950063586742	1	1
"Gene3125"	"Gene3125"	2.91393105054233	1	2.91393105054233	0.622013168566404	1.83056817520039	1	1
"Gene3126"	"Gene3126"	2.50203122592354	1	2.50203122592354	0.350852476245932	2.03279242521744	1	1
"Gene3127"	"Gene3127"	0.831582981748543	1	0.831582981748543	0.702008592685512	0.790156518870976	1	1
"Gene3130"	"Gene3130"	0.905948119906179	1	0.905948119906179	2.63750409257195	2.24684337895376	1	1
"Gene3131"	"Gene3131"	1.91616484262432	1	1.91616484262432	0.61745465588061	0.695845745916105	1	1
"Gene3132"	"Gene3132"	0.090785662026806	1	0.090785662026806	1.44285377489848	1.43500593424643	1	1
"Gene3133"	"Gene3133"	5.64111430300392	1	5.64111430300392	0.48189110340979	0.748042815041378	1	1
"Gene3134"	"Gene3134"	0.576506293497121	1	0.576506293497121	0.801904099714398	1.28552643589935	1	1
"Gene3135"	"Gene3135"	0.318229935058048	1	0.318229935058048	0.826094568556055	1.02784428371801	1	1.05822998308329
"Gene3136"	"Gene3136"	3.13032394167123	1	3.13032394167123	0.762393357436033	0.531497021640821	1	1
"Gene3137"	"Gene3137"	2.12728863216163	1	2.12728863216163	0.987909601498783	0.731460296168533	1	1
"Gene3138"	"Gene3138"	1.45708420313663	1	1.45708420313663	0.946989396935575	0.919329246602517	1	1
"Gene3139"	"Gene3139"	8.80298672692681	1	8.80298672692681	0.44456163485619	3.88266318142973	1	1
"Gene3140"	"Gene3140"	0.230726276494015	1	0.230726276494015	1.28275915581789	0.44854227658936	1	1
"Gene3142"	"Gene3142"	5.2171983496133	1	5.2171983496133	0.707406470177487	2.37621422338359	1	1
"Gene3143"	"Gene3143"	0.349366334294248	82.7533179102751	93.2196292902622	1.08587827042495	1.98411608842961	0.886321955016056	1
"Gene3144"	"Gene3144"	4.28800653986175	77.4309181274608	87.2240734960344	1.5381861340845	0.537381652749474	0.905923679619784	1
"Gene3145"	"Gene3145"	2.27105051933054	1	2.27105051933054	0.667335005857518	0.829574055057999	1	1
"Gene3146"	"Gene3146"	0.579994961671308	1	0.579994961671308	1.23583855072793	0.830292737355355	1	1
"Gene3147"	"Gene3147"	0.456438428736488	1	0.456438428736488	1.51403688012553	0.651326937217917	1	1
"Gene3148"	"Gene3148"	3.4926773735114	1	3.4926773735114	0.724898962187513	0.639582661418178	1	1
"Gene3149"	"Gene3149"	1.11377236919257	1	1.11377236919257	1.45392866100041	0.329578176602841	1	1
"Gene3150"	"Gene3150"	1.23003982795811	1	1.23003982795811	1.23768999144061	1.75552385843425	0.963246069129629	1.32399378995327
"Gene3151"	"Gene3151"	6.3314486976748	1	6.3314486976748	0.8256531843759	3.91188214200747	1	1
"Gene3152"	"Gene3152"	2.59593022171628	1	2.59593022171628	2.14370745553655	1.80460447719902	1	1
"Gene3153"	"Gene3153"	0.622592512649744	1	0.622592512649744	0.443577231980371	2.33855053436241	1	1
"Gene3154"	"Gene3154"	0.522510685614459	1	0.522510685614459	1.92418393885625	0.766418802442552	1.04181328731596	1
"Gene3155"	"Gene3155"	0.647376420299958	1	0.647376420299958	1.8462517128262	1.1540255178737	1	1
"Gene3156"	"Gene3156"	1.79975364355125	1	1.79975364355125	3.11583515541066	1.32430876987389	1	1
"Gene3158"	"Gene3158"	0.301110046599213	1	0.301110046599213	2.65293687053961	2.1764797537914	1	1
"Gene3159"	"Gene3159"	0.280773414184947	1	0.280773414184947	1.21136917941359	0.944414647539746	1	1
"Gene3160"	"Gene3160"	2.54105665523201	1	2.54105665523201	0.97147207314443	0.366978530553806	1	1
"Gene3161"	"Gene3161"	0.233425786741442	1	0.233425786741442	0.631418285366426	0.406156259444006	1	1
"Gene3163"	"Gene3163"	1.43095947070218	1	1.43095947070218	0.637347341235764	0.436243705473302	1	1
"Gene3164"	"Gene3164"	1.53692250715638	1	1.53692250715638	0.769719692597273	0.661013180358931	1	1
"Gene3165"	"Gene3165"	1.4631853641588	1	1.4631853641588	2.43271375299574	1.78015822877709	1	1
"Gene3166"	"Gene3166"	1.07460269927594	1	1.07460269927594	0.662086953547467	1.05909503495587	1	1
"Gene3167"	"Gene3167"	4.58204828461358	1	4.58204828461358	2.27877917915342	1.15002445617026	1	1
"Gene3168"	"Gene3168"	2.99313231704256	1	2.99313231704256	1.33219725958397	0.81642142249334	1.01675625799635	1
"Gene3169"	"Gene3169"	1.14105848478111	1	1.14105848478111	0.624970452834288	0.684009212571211	1	1
"Gene3172"	"Gene3172"	0.62742856807058	1	0.62742856807058	2.1093675074078	0.823074378396231	1	1
"Gene3173"	"Gene3173"	0.663061234135098	1	0.663061234135098	0.958331003433951	0.500695357463026	1	1
"Gene3174"	"Gene3174"	0.616333590081119	1	0.616333590081119	1.07825293365205	1.21092263986647	1	1
"Gene3176"	"Gene3176"	0.111566038959838	54.7012716494663	61.6196714964106	0.862907387852616	2.96064694941063	1	1
"Gene3177"	"Gene3177"	1.13804892716936	1	1.13804892716936	2.37579928747365	0.445000924464416	0.956236457953606	1
"Gene3178"	"Gene3178"	2.80599135808127	1	2.80599135808127	1.17424332407857	0.874599394133729	1	1
"Gene3179"	"Gene3179"	1.89273770960503	1	1.89273770960503	2.19265584056426	2.11119297228573	0.852456775895625	1
"Gene3180"	"Gene3180"	1.02633800248885	1	1.02633800248885	2.09189125665122	0.866776040945585	1	1
"Gene3181"	"Gene3181"	1.6580775355311	1	1.6580775355311	0.745715818202712	0.961496031821537	1	1
"Gene3183"	"Gene3183"	2.1003680511924	1	2.1003680511924	0.376871620549551	3.0038646553357	1	1
"Gene3184"	"Gene3184"	2.9382150485246	1	2.9382150485246	2.01481607331834	0.893012617982244	1	1
"Gene3185"	"Gene3185"	1.08614507759858	1	1.08614507759858	0.422512252816841	0.587331337343424	1	1.12049079193827
"Gene3186"	"Gene3186"	0.247726448447781	1	0.247726448447781	0.826261692650133	1.2404307442846	0.997013563791935	1
"Gene3187"	"Gene3187"	1.43856459999759	1	1.43856459999759	1.23482709565811	1.36968822600281	1	1
"Gene3188"	"Gene3188"	3.54501340700572	1	3.54501340700572	1.65614148598669	0.727568523389121	1	1
"Gene3189"	"Gene3189"	2.21252870372942	1	2.21252870372942	1.78837624344942	0.723025248909009	1	0.814329036451162
"Gene3192"	"Gene3192"	2.6800351985044	1	2.6800351985044	1.23543567207753	0.487961400730076	1	1
"Gene3193"	"Gene3193"	5.81639454395021	1	5.81639454395021	1.70324274802893	0.861934769055382	1	1
"Gene3194"	"Gene3194"	2.51070388417727	1	2.51070388417727	1.64971697563847	1.5852875917693	1	0.817826286332503
"Gene3195"	"Gene3195"	0.634951300294464	1	0.634951300294464	1.168132484417	1.22134284334604	1	1
"Gene3197"	"Gene3197"	0.424142935050882	1	0.424142935050882	2.10705521381338	0.636236674476498	1	0.952580547434034
"Gene3198"	"Gene3198"	0.47953656722056	1	0.47953656722056	0.712972932581269	0.651412044933373	1	1.07030100596188
"Gene3199"	"Gene3199"	3.33374205215204	1	3.33374205215204	0.369723707572792	0.485301164493377	1	1
"Gene3202"	"Gene3202"	5.99900195690601	1	5.99900195690601	0.666940166935387	0.949542176901025	1.07180394179976	1
"Gene3203"	"Gene3203"	3.3529714302859	1	3.3529714302859	0.86677787549994	0.821764250342388	1	1
"Gene3204"	"Gene3204"	6.92905648329731	1	6.92905648329731	1.6703511032425	0.947086003596566	1	1
"Gene3205"	"Gene3205"	1.58434893694871	1	1.58434893694871	0.861719537676517	0.730424177235633	1	1
"Gene3206"	"Gene3206"	12.1258398650802	1	12.1258398650802	1.63199524993308	0.580588811305576	1	1
"Gene3207"	"Gene3207"	1.89899378700434	1	1.89899378700434	0.55029391948482	0.483798599623045	1	1
"Gene3208"	"Gene3208"	2.71740340229485	1	2.71740340229485	0.595828330276088	0.505328896893171	1	1
"Gene3211"	"Gene3211"	0.206376080920257	1	0.206376080920257	2.54556508421116	0.504687948861482	1	1
"Gene3212"	"Gene3212"	0.912967002248755	1	0.912967002248755	0.385365289081346	1.74030641240557	1	1
"Gene3213"	"Gene3213"	1.69496020242893	1	1.69496020242893	0.765282343420426	1.88597320889502	1	1
"Gene3215"	"Gene3215"	1.36745099676026	1	1.36745099676026	0.318014354607602	0.664316737982154	1	1
"Gene3217"	"Gene3217"	4.58618138579606	89.588060922542	100.918803486378	0.739732543050086	1.17964853152254	1.02354809273436	1
"Gene3218"	"Gene3218"	1.00147624122742	1	1.00147624122742	0.961339255458304	0.884569539164623	1	0.981166177054539
"Gene3220"	"Gene3220"	0.740314427857693	1	0.740314427857693	1.41036391193015	1.71443460039403	1	1
"Gene3221"	"Gene3221"	0.0742553349661181	1	0.0742553349661181	1.79458788649584	1.79072942594317	1	1
"Gene3224"	"Gene3224"	3.20274022173559	1	3.20274022173559	0.957793365057691	0.700514128886402	1	1
"Gene3225"	"Gene3225"	0.391743430468832	1	0.391743430468832	0.675149642285699	0.655355888598724	1	1
"Gene3226"	"Gene3226"	12.9544055757363	1	12.9544055757363	1.20189608611334	0.977983421090121	1	1
"Gene3227"	"Gene3227"	0.0878287209208985	1	0.0878287209208985	0.500755342352437	0.770252396117713	1	1.04449691431111
"Gene3228"	"Gene3228"	0.767940582840703	1	0.767940582840703	1.08308719496388	0.584203348765087	1	1
"Gene3229"	"Gene3229"	1.2334628418717	1	1.2334628418717	1.96370981307322	0.962915923342084	1.16001073702333	1
"Gene3231"	"Gene3231"	2.22902097262821	1	2.22902097262821	1.5637285081265	1.04952544313854	1	1
"Gene3232"	"Gene3232"	0.0281508263887217	93.071610178354	104.842938233377	0.768648287228545	0.660173683862222	1	1
"Gene3233"	"Gene3233"	2.92327243051204	1	2.92327243051204	1.10091596552609	0.532929144108084	1	1
"Gene3234"	"Gene3234"	0.763406642613745	1	0.763406642613745	1.05258274261854	0.636614468726826	1	1
"Gene3236"	"Gene3236"	1.10155068035504	1	1.10155068035504	0.735475232040486	0.373857906802578	1	1
"Gene3237"	"Gene3237"	0.18625758876042	1	0.18625758876042	0.750359084539994	1.71412371301614	1	0.87113151448733
"Gene3238"	"Gene3238"	2.87261996244468	1	2.87261996244468	0.39105164195609	2.34084033595465	1	1
"Gene3239"	"Gene3239"	3.09791130996522	86.2317638872099	97.1380153159155	0.802583062581335	0.39621765234771	1	1
"Gene3240"	"Gene3240"	2.46408463598489	1	2.46408463598489	0.79450651310699	2.7266178098562	1	1
"Gene3241"	"Gene3241"	9.43318059964071	1	9.43318059964071	0.85055488855016	0.887143965719431	1	1
"Gene3242"	"Gene3242"	0.786841787210963	1	0.786841787210963	1.85972815270084	0.658069757214409	1	1
"Gene3243"	"Gene3243"	1.51405683006194	1	1.51405683006194	0.299504376696696	1.05751267662971	1	1
"Gene3244"	"Gene3244"	0.554519922338436	1	0.554519922338436	1.27802149454344	1.03640880309857	1	1
"Gene3245"	"Gene3245"	1.71564948099745	1	1.71564948099745	0.837873229572307	1.47841694864912	0.913435801043651	1
"Gene3246"	"Gene3246"	2.45044230407406	1	2.45044230407406	1.13643596130275	0.213657847338705	1	1
"Gene3247"	"Gene3247"	0.493633248532097	42.6131073489866	48.0026441270393	1.12326861919569	0.843192968302689	1	1
"Gene3248"	"Gene3248"	1.87766078760322	1	1.87766078760322	0.658237286298302	1.01855216733802	1.16087057264987	1
"Gene3249"	"Gene3249"	0.936253842048169	1	0.936253842048169	0.642173657471341	1.30104987179667	1	1
"Gene3251"	"Gene3251"	1.93887885620593	1	1.93887885620593	1.11571004138546	0.348260576669201	1	1
"Gene3252"	"Gene3252"	10.0545207238708	1	10.0545207238708	0.469304796186996	0.755592391672564	1	1
"Gene3253"	"Gene3253"	0.42407111898895	1	0.42407111898895	1.00930950169102	2.54235021975376	0.930146420625621	1
"Gene3254"	"Gene3254"	0.856080750992432	1	0.856080750992432	1.67095782884862	1.26598757349432	1	1
"Gene3255"	"Gene3255"	6.66346638412106	47.3722151895211	53.3636650486176	2.07515382211526	0.921740691566337	1	1
"Gene3256"	"Gene3256"	1.09464983783103	1	1.09464983783103	0.783915265136018	1.91146353382906	1	1
"Gene3257"	"Gene3257"	0.722115678367204	1	0.722115678367204	0.585724759948835	0.921647849397183	1	1
"Gene3258"	"Gene3258"	0.184725370996999	1	0.184725370996999	3.55304850377894	2.44096968818315	1	0.923979192528519
"Gene3259"	"Gene3259"	1.9931786489083	1	1.9931786489083	1.44223647166305	1.41909280202889	1.11815864178907	1
"Gene3260"	"Gene3260"	1.20673147529967	1	1.20673147529967	1.95206329108816	0.747199917703812	1	1
"Gene3262"	"Gene3262"	0.214634635046871	1	0.214634635046871	0.980826217928878	3.6419522091771	1	1.18550440861494
"Gene3263"	"Gene3263"	3.15117153838139	1	3.15117153838139	1.10268331961208	1.1235786216069	1	1
"Gene3264"	"Gene3264"	0.496749030695871	1	0.496749030695871	3.14843364655291	2.0574559453362	1	1
"Gene3265"	"Gene3265"	2.97969482924044	1	2.97969482924044	0.858913869481751	0.880449485142445	1	1
"Gene3266"	"Gene3266"	8.37459968190384	1	8.37459968190384	1.40173417759009	2.64021527034178	1	1
"Gene3267"	"Gene3267"	0.690071890060678	1	0.690071890060678	0.482963900872738	0.855829390491731	1	1
"Gene3268"	"Gene3268"	0.976361259108623	1	0.976361259108623	1.12729945310744	0.437578788516076	1	1
"Gene3269"	"Gene3269"	2.28047364954831	1	2.28047364954831	1.01190558828406	1.85936331192575	1	1
"Gene3271"	"Gene3271"	0.89615494200806	1	0.89615494200806	1.00655268182455	3.05346162719187	1.13457853451308	1
"Gene3272"	"Gene3272"	2.32730530030193	1	2.32730530030193	0.454963714424267	1.60533538724848	1	1
"Gene3273"	"Gene3273"	2.39100032485548	1	2.39100032485548	1.04948031890013	1.67160115921112	1	1
"Gene3274"	"Gene3274"	2.01805866478002	1	2.01805866478002	0.470310120220517	1.44868660986285	1	1
"Gene3275"	"Gene3275"	6.27887412224085	1	6.27887412224085	0.724219174301592	0.481123188091509	1	0.955273448524333
"Gene3276"	"Gene3276"	4.66350139226745	1	4.66350139226745	2.7158761446513	0.819191515523725	1	1
"Gene3277"	"Gene3277"	0.677442841023619	1	0.677442841023619	1.40314207958867	2.49299693133208	1	1
"Gene3278"	"Gene3278"	1.07332821079361	1	1.07332821079361	0.811917193813068	0.539380832613272	1	1
"Gene3279"	"Gene3279"	0.4193302239818	1	0.4193302239818	0.893332571672997	1.06588746751409	1.16942193436797	1
"Gene3282"	"Gene3282"	5.96541206723984	1	5.96541206723984	1.40995255607788	0.967447949768406	1	1
"Gene3284"	"Gene3284"	1.52788318381072	1	1.52788318381072	2.41910560013456	0.823441892563637	1.20084775979475	0.945765627980386
"Gene3285"	"Gene3285"	1.1669365341438	1	1.1669365341438	0.978963521748418	0.466335827031772	1	1
"Gene3287"	"Gene3287"	0.21821529703378	1	0.21821529703378	0.980959132328174	0.735822216773645	1	0.998237623155777
"Gene3289"	"Gene3289"	0.668410115378455	1	0.668410115378455	0.390750614256418	0.429414594724054	1	1
"Gene3290"	"Gene3290"	0.377181202376832	1	0.377181202376832	1.99035818762273	0.650487437401276	1	1
"Gene3292"	"Gene3292"	0.766448348474765	1	0.766448348474765	0.375969605054491	0.288000955480901	1	1
"Gene3293"	"Gene3293"	5.6929835813486	1	5.6929835813486	1.35739470170021	1.10332856510233	1	1
"Gene3295"	"Gene3295"	0.435058322165627	1	0.435058322165627	0.690046563799704	0.8053069054216	1	1
"Gene3296"	"Gene3296"	0.355146993760208	1	0.355146993760208	1.75757165962785	0.722437333224876	1	1
"Gene3298"	"Gene3298"	0.186147826081322	1	0.186147826081322	1.06204069237472	1.05845243006767	1	1
"Gene3299"	"Gene3299"	1.62521988188642	1	1.62521988188642	1.8701480809806	0.465590798175692	1	1
"Gene3300"	"Gene3300"	5.60796265929595	1	5.60796265929595	0.635044671926834	0.5219763255019	1	0.845404882458816
"Gene3301"	"Gene3301"	1.15993437706168	1	1.15993437706168	1.95823479893106	1.07501290752474	1	1.21999935276576
"Gene3302"	"Gene3302"	1.43277783105983	1	1.43277783105983	0.723591462530514	1.14534490391183	1	1
"Gene3303"	"Gene3303"	5.68979377805902	1	5.68979377805902	2.27240478162443	0.764130216228051	1	1
"Gene3304"	"Gene3304"	3.52726069126298	1	3.52726069126298	0.705069093893456	0.378106361988204	1	1
"Gene3305"	"Gene3305"	1.07097928182481	1	1.07097928182481	0.420436990277716	0.38296902833675	1	1
"Gene3306"	"Gene3306"	3.67459358236154	1	3.67459358236154	0.837654172546673	0.658026345699965	1	1
"Gene3307"	"Gene3307"	10.7220277201307	1	10.7220277201307	1.3150025274889	1.85918181935379	1	1
"Gene3308"	"Gene3308"	1.57423207112888	1	1.57423207112888	1.4954243666532	1.14173360843987	1	1
"Gene3309"	"Gene3309"	2.96497258796872	1	2.96497258796872	1.28728699800526	1.21991320156632	1	1
"Gene3310"	"Gene3310"	5.39870865245221	1	5.39870865245221	0.825501090305348	0.685144438974239	1	1
"Gene3311"	"Gene3311"	0.137788732436415	1	0.137788732436415	2.02461899732484	2.36805667059812	1.11187362743586	1
"Gene3312"	"Gene3312"	3.51781771150818	1	3.51781771150818	1.39779170010465	1.01815930523173	1	1
"Gene3313"	"Gene3313"	2.43358413613587	1	2.43358413613587	0.686284428041322	0.768940576774652	1	1
"Gene3316"	"Gene3316"	0.511393567225009	1	0.511393567225009	1.23020493123701	1.07462691717653	1	1
"Gene3318"	"Gene3318"	0.614258135758221	1	0.614258135758221	1.13546252422106	1.14268518378064	1	1
"Gene3319"	"Gene3319"	0.278329170400805	1	0.278329170400805	0.574438894904955	1.53723877919271	1	1
"Gene3320"	"Gene3320"	4.36949593311007	1	4.36949593311007	1.68109709021411	0.761320652276786	1	1
"Gene3321"	"Gene3321"	1.14661564569457	1	1.14661564569457	1.34106884422549	1.18325224176759	1.05077686989996	1
"Gene3322"	"Gene3322"	0.908333403735464	1	0.908333403735464	1.0923114619822	0.513388689455639	1	1
"Gene3323"	"Gene3323"	1.19842143938836	1	1.19842143938836	1.44210358301579	0.672107759809994	0.914319644901134	1
"Gene3324"	"Gene3324"	0.446168717055913	1	0.446168717055913	0.650321696202481	1.19223778897905	1	1
"Gene3325"	"Gene3325"	0.257806606506355	31.8868099349022	35.9197271655443	1.38339975834653	0.464914455403072	1	1.01449488567784
"Gene3326"	"Gene3326"	3.61249519911318	1	3.61249519911318	2.64108756599686	0.64273629580666	1	1.15624677742437
"Gene3327"	"Gene3327"	0.215909942272273	1	0.215909942272273	1.97211732932913	1.14591736365803	1	1
"Gene3328"	"Gene3328"	1.06672223872434	1	1.06672223872434	1.09959476725202	0.46509800879191	1	1
"Gene3329"	"Gene3329"	4.39046923406575	1	4.39046923406575	1.92115599997375	0.798588771919122	1	1
"Gene3330"	"Gene3330"	1.74486162678228	1	1.74486162678228	1.25380779810519	0.93496293093256	1	1
"Gene3331"	"Gene3331"	8.4849926718954	1	8.4849926718954	2.13858878363946	2.52367526612801	1	1
"Gene3332"	"Gene3332"	0.540996887766561	1	0.540996887766561	0.828111920662025	1.42624132169008	1	0.807452439606105
"Gene3333"	"Gene3333"	2.14059625688904	1	2.14059625688904	0.356315263180292	0.558838248705482	1	1
"Gene3334"	"Gene3334"	0.153865968137006	1	0.153865968137006	1.63359710429333	0.407558971765803	1	1
"Gene3335"	"Gene3335"	0.26053266014254	1	0.26053266014254	1.33970318984261	0.86385686850241	1.08526734052354	0.871924230031007
"Gene3336"	"Gene3336"	1.13239454128858	1	1.13239454128858	0.626455557856059	1.42343684545312	1	1
"Gene3337"	"Gene3337"	1.53282542040256	1	1.53282542040256	1.4429686057438	1.31625233994913	1	1
"Gene3338"	"Gene3338"	0.116116189830671	1	0.116116189830671	1.05121009656742	0.779642229388775	1	1
"Gene3339"	"Gene3339"	0.328184980365718	1	0.328184980365718	0.489320376722755	0.463956622024015	1	1
"Gene3340"	"Gene3340"	2.64981134850044	1	2.64981134850044	0.988250826663604	1.2115230786205	1	1
"Gene3341"	"Gene3341"	4.02810271833102	1	4.02810271833102	0.61563420258095	2.52715796115696	1	1
"Gene3342"	"Gene3342"	0.270988967298358	1	0.270988967298358	1.49708998318144	1.95182156689428	1	1
"Gene3343"	"Gene3343"	1.67808464054855	1	1.67808464054855	0.762407904346392	0.526826848539002	1	1
"Gene3344"	"Gene3344"	0.162992100840333	1	0.162992100840333	0.494165901468628	2.56914895382255	1	1
"Gene3345"	"Gene3345"	1.6590965051093	1	1.6590965051093	1.68180946438321	1.60366883770337	1	1
"Gene3346"	"Gene3346"	2.40003656924373	1	2.40003656924373	0.57921665981202	1.24846425573766	1	1
"Gene3347"	"Gene3347"	1.6297060004651	1	1.6297060004651	1.33052391551961	1.10630191430552	1	1
"Gene3348"	"Gene3348"	1.14766657744713	1	1.14766657744713	2.09507656676031	1.71700440898507	0.966246638927813	1
"Gene3349"	"Gene3349"	1.89168291170235	1	1.89168291170235	0.855423634843662	0.394291301718031	1	1
"Gene3350"	"Gene3350"	0.681118023266012	30.4342224064427	34.2834221286699	1.57351812704887	0.700057361227331	1	1
"Gene3351"	"Gene3351"	1.1209929369066	1	1.1209929369066	0.316687359737063	1.27251174660663	1	1
"Gene3352"	"Gene3352"	1.57043900138264	1	1.57043900138264	1.08952150728219	0.879025820953444	1	1
"Gene3353"	"Gene3353"	3.3666072483952	1	3.3666072483952	1.98315388925377	0.26606511002779	1	1
"Gene3354"	"Gene3354"	0.329509298033049	1	0.329509298033049	3.08774957639182	0.929419693843697	1	1
"Gene3355"	"Gene3355"	0.579044559372146	1	0.579044559372146	2.18688643699644	1.70036532912618	1	1
"Gene3356"	"Gene3356"	18.7239436219315	1	18.7239436219315	1.64341357524568	1.18825373299275	1	1
"Gene3357"	"Gene3357"	3.10407073556339	1	3.10407073556339	0.501666753233018	1.3911072230027	1	1
"Gene3358"	"Gene3358"	13.1876240725155	1	13.1876240725155	0.671078960594739	1.5507333313591	1	1.08757285829663
"Gene3359"	"Gene3359"	0.633563485186035	1	0.633563485186035	1.94260057332815	1.56741004818492	1	1.04072987082551
"Gene3360"	"Gene3360"	0.658004242314287	1	0.658004242314287	2.04031926900334	1.8256964961614	1	1
"Gene3361"	"Gene3361"	0.420364916747012	1	0.420364916747012	3.58327110528464	1.41898331868438	1	1
"Gene3362"	"Gene3362"	0.251342443457817	1	0.251342443457817	0.60016900731793	0.871906763776901	1	1
"Gene3363"	"Gene3363"	0.237413817623458	1	0.237413817623458	1.231355851899	1.02189373708452	1	1
"Gene3364"	"Gene3364"	0.914875564762069	1	0.914875564762069	0.510042153678718	1.06045520123097	1.20520467997173	1
"Gene3365"	"Gene3365"	3.70863964593137	1	3.70863964593137	1.46754707832732	2.7864531619921	1	1
"Gene3366"	"Gene3366"	0.208813773537694	1	0.208813773537694	0.744160356402388	1.53783070475681	1.04611670704023	1
"Gene3367"	"Gene3367"	0.954910493907408	1	0.954910493907408	0.274990358297959	1.25081795324945	1	1.09489058860994
"Gene3368"	"Gene3368"	5.31325037837921	1	5.31325037837921	2.08196102370509	1.59774882031741	1	1
"Gene3369"	"Gene3369"	4.9553725468097	1	4.9553725468097	1.34034733711854	1.61403398490757	0.987782525252325	1
"Gene3370"	"Gene3370"	0.000596199930876936	34.9162037723411	39.332266718417	2.19936862053787	0.42132951584346	0.906660335580747	1
"Gene3371"	"Gene3371"	0.0884254849621872	1	0.0884254849621872	1.0058587528428	1.02351475638929	1	1
"Gene3372"	"Gene3372"	6.90326950388919	1	6.90326950388919	1.15063404947365	0.660064519544289	1	1
"Gene3373"	"Gene3373"	2.20668844429801	1	2.20668844429801	0.570611828853958	0.372610391423001	1	1
"Gene3374"	"Gene3374"	0.127304603729657	1	0.127304603729657	0.82415500166535	0.948184741970983	1	1
"Gene3375"	"Gene3375"	2.24132657298049	1	2.24132657298049	0.740507627288566	2.25701481222428	1	1
"Gene3377"	"Gene3377"	1.97825735636655	1	1.97825735636655	0.594594520290404	0.463359774489648	1	1
"Gene3378"	"Gene3378"	2.24339180187641	1	2.24339180187641	1.11456677357174	3.30381934302995	1	1
"Gene3379"	"Gene3379"	3.31048248840914	1	3.31048248840914	1.98133946743739	1.15775309081604	1	1
"Gene3380"	"Gene3380"	0.424032851193622	1	0.424032851193622	0.949689905818991	0.650581545807079	1	1
"Gene3381"	"Gene3381"	0.426363313954267	1	0.426363313954267	0.813088811533801	0.484411942456053	1	0.902197526481524
"Gene3382"	"Gene3382"	0.121359466980491	1	0.121359466980491	1.05272608478878	0.842272993204761	1	1.11726400038878
"Gene3383"	"Gene3383"	1.48921486916153	1	1.48921486916153	0.254417605694699	0.539055350198412	1	1
"Gene3384"	"Gene3384"	0.243796716972867	1	0.243796716972867	0.883896362594368	1.36640185095551	1	1
"Gene3385"	"Gene3385"	3.46211328502469	1	3.46211328502469	0.468606577901402	0.484363673695312	1	1
"Gene3386"	"Gene3386"	0.16658216106777	1	0.16658216106777	0.465976504976391	1.41634973911401	1	0.868459966873258
"Gene3387"	"Gene3387"	3.13588236472432	1	3.13588236472432	0.615252607104106	0.87087816214258	1	1
"Gene3388"	"Gene3388"	1.16207358637688	1	1.16207358637688	1.10198694687624	2.19321945747427	1	1
"Gene3389"	"Gene3389"	3.83111888825453	1	3.83111888825453	0.602573212108611	0.532520480283115	1	1
"Gene3390"	"Gene3390"	0.760853465302398	1	0.760853465302398	1.09731506978125	0.63554140529139	1	1
"Gene3391"	"Gene3391"	0.202430820580189	1	0.202430820580189	2.16985253030426	0.717536458430209	1	1
"Gene3392"	"Gene3392"	1.22528954311151	1	1.22528954311151	3.26308266905189	2.59350168291431	1	1.24570575931983
"Gene3393"	"Gene3393"	2.97052480620507	1	2.97052480620507	2.58607636759724	0.464674575313333	1	1
"Gene3394"	"Gene3394"	11.8168300629464	1	11.8168300629464	0.918712919816388	0.50979346288589	0.851679850768192	1
"Gene3395"	"Gene3395"	2.55838511372926	1	2.55838511372926	0.572930336126961	0.483519072785614	1	1
"Gene3396"	"Gene3396"	0.231598189126876	1	0.231598189126876	0.445915675022019	1.28031658138743	1	1
"Gene3398"	"Gene3398"	4.28205094138026	1	4.28205094138026	3.3442750311053	1.09889312591797	1	0.919825221156478
"Gene3399"	"Gene3399"	1.91803169511684	1	1.91803169511684	0.507094636894489	0.683076434027914	1	1
"Gene3400"	"Gene3400"	5.50991179188075	1	5.50991179188075	1.66066839766376	1.73979240231272	0.802016363277131	1
"Gene3401"	"Gene3401"	2.52252280283406	1	2.52252280283406	0.602256046682833	1.69489815525304	1	1
"Gene3402"	"Gene3402"	0.181753012838898	1	0.181753012838898	1.05280180070184	0.812569443791638	1.16754735468646	1
"Gene3403"	"Gene3403"	4.49841286646204	32.2550944756653	36.3345908740967	0.606054398461516	1.72713923206762	1	1
"Gene3405"	"Gene3405"	2.67693629333554	86.0316172810688	96.9125549609795	0.726692401638903	1.12438742840543	1	1
"Gene3406"	"Gene3406"	4.88759124874102	1	4.88759124874102	0.644238299380313	1.43537715202669	1.01271151299253	1
"Gene3408"	"Gene3408"	0.117210161023758	1	0.117210161023758	1.1505661807197	1.96731971220905	1	1
"Gene3409"	"Gene3409"	1.50793637525839	1	1.50793637525839	2.54477932694448	3.33089169049823	1	1
"Gene3410"	"Gene3410"	3.53482435098324	1	3.53482435098324	0.980476061525814	2.24541019536225	1	1
"Gene3411"	"Gene3411"	8.00383289129447	1	8.00383289129447	1.18492668746962	1.00831882870788	1	1
"Gene3412"	"Gene3412"	3.47749691323076	1	3.47749691323076	0.44757492823522	0.737674723593826	1	1
"Gene3413"	"Gene3413"	1.79282752516864	1	1.79282752516864	1.38140083835279	0.867960483999454	1	0.926327400487136
"Gene3414"	"Gene3414"	1.90985627791161	1	1.90985627791161	0.867559197310657	1.38540348862971	1	1.00298552134746
"Gene3415"	"Gene3415"	2.75634157823146	1	2.75634157823146	0.514434167467421	1.32538567548429	1	1
"Gene3416"	"Gene3416"	0.185900895343522	1	0.185900895343522	0.685374300485807	0.412400550329009	1	1
"Gene3417"	"Gene3417"	3.96872797084726	1	3.96872797084726	0.614163856685862	2.2247126385001	1	1
"Gene3418"	"Gene3418"	0.761788206507397	1	0.761788206507397	0.814331174609741	2.3000535408684	0.874634353605927	1
"Gene3419"	"Gene3419"	1.22714544829309	1	1.22714544829309	0.611231210594975	0.652506749750387	1	1
"Gene3420"	"Gene3420"	1.541040937774	1	1.541040937774	0.420604067638067	1.41706253968749	1	1
"Gene3421"	"Gene3421"	0.00661423323878144	91.5120398567041	103.086119644013	0.989885712605917	0.885008261151896	1	1
"Gene3422"	"Gene3422"	0.242301939763068	1	0.242301939763068	0.629091326517041	1.01554511074718	1	1
"Gene3423"	"Gene3423"	0.294345864799065	1	0.294345864799065	2.02686157888035	0.281501366417849	1	1
"Gene3425"	"Gene3425"	0.604040125821743	1	0.604040125821743	1.3159174026443	0.607620847760079	1	1
"Gene3426"	"Gene3426"	3.07943171908271	1	3.07943171908271	3.15661188351895	2.57644869398137	1	1
"Gene3427"	"Gene3427"	0.251421215756575	1	0.251421215756575	3.5334851800091	1.72127295201395	1	1
"Gene3428"	"Gene3428"	2.88716594474445	1	2.88716594474445	1.05232086968103	0.776024112194054	1	1
"Gene3429"	"Gene3429"	3.29397687482174	1	3.29397687482174	2.01292328399907	1.82462588273888	1	0.992097482843581
"Gene3430"	"Gene3430"	4.32346706103389	1	4.32346706103389	1.24750975396415	0.296891987283886	1.16157966635609	1
"Gene3431"	"Gene3431"	1.05634172899176	83.0733414905448	93.5801281834816	0.653986764271214	0.585269187933538	1	1
"Gene3432"	"Gene3432"	0.55253540379694	1	0.55253540379694	1.36279889001378	0.459290898116973	1	1
"Gene3433"	"Gene3433"	1.05408421174191	1	1.05408421174191	0.56989603864418	0.59015881345753	1	1
"Gene3434"	"Gene3434"	1.43197499532842	67.9718139027196	76.5686192917162	2.02671152828107	0.421767433481457	1	1
"Gene3436"	"Gene3436"	3.22648092309326	1	3.22648092309326	1.45990719857233	0.809789956492469	1	1
"Gene3437"	"Gene3437"	2.56424601710306	1	2.56424601710306	1.10625192942208	0.398680248352219	0.819121517752442	1
"Gene3438"	"Gene3438"	0.586314502591422	1	0.586314502591422	0.60264953490492	0.946468189562779	1	1.16563115415206
"Gene3439"	"Gene3439"	1.84834515078003	1	1.84834515078003	0.301032059077941	1.25942101143691	1	1
"Gene3440"	"Gene3440"	0.193073914050005	1	0.193073914050005	0.881748152658993	1.64971566646677	1	1
"Gene3441"	"Gene3441"	1.41795601577023	1	1.41795601577023	0.734063740790617	1.14173233329817	1	1
"Gene3442"	"Gene3442"	2.15953081656656	1	2.15953081656656	1.30400422384516	1.23336312652878	1	1
"Gene3443"	"Gene3443"	0.531400044381148	1	0.531400044381148	1.71818934038291	0.644461478736337	1	1
"Gene3444"	"Gene3444"	0.6127018683818	1	0.6127018683818	0.345693688255445	1.44230759733569	1	1
"Gene3445"	"Gene3445"	0.390388767103248	1	0.390388767103248	0.688835881927967	1.24445105557923	1	0.944014973424284
"Gene3446"	"Gene3446"	12.4005705697424	1	12.4005705697424	0.954375093355962	0.542790360665971	1	1
"Gene3447"	"Gene3447"	4.70679803999486	1	4.70679803999486	0.804735796312353	0.471570918057805	1	0.913616929657609
"Gene3448"	"Gene3448"	0.0589108326504488	1	0.0589108326504488	0.830904196423621	1.54257664802861	1	1
"Gene3449"	"Gene3449"	0.535261758654534	1	0.535261758654534	1.71063170178567	1.70221454948813	1	1
"Gene3450"	"Gene3450"	1.20369585190648	1	1.20369585190648	1.0210589790052	1.59618396410034	1	1
"Gene3451"	"Gene3451"	2.00400194477605	1	2.00400194477605	2.24750097093188	1.57880752137358	1	1
"Gene3452"	"Gene3452"	3.16856783380589	1	3.16856783380589	0.955729275284942	2.4276559739907	1.1842583920614	1
"Gene3453"	"Gene3453"	5.07806028804086	1	5.07806028804086	0.450605640457636	1.47468687510537	1	1
"Gene3455"	"Gene3455"	0.159076031123782	1	0.159076031123782	1.82088243712587	1.51496685753583	0.933634399301592	1
"Gene3456"	"Gene3456"	0.213198283061024	1	0.213198283061024	0.581431817240105	0.416226144366458	1	1
"Gene3457"	"Gene3457"	8.0521712647243	1	8.0521712647243	2.45789104105811	1.08921691003141	1	1
"Gene3458"	"Gene3458"	0.290209765102453	1	0.290209765102453	1.41182159707826	1.26284132337028	1	1
"Gene3459"	"Gene3459"	1.64697362905976	1	1.64697362905976	3.60794426726223	1.39323922263677	1	1
"Gene3460"	"Gene3460"	0.210603241754754	1	0.210603241754754	2.51482357529257	1.30436789889419	1	1.16630861252791
"Gene3461"	"Gene3461"	1.62112827944722	1	1.62112827944722	1.15801364425427	1.08495420991945	1.14402778034195	1
"Gene3462"	"Gene3462"	1.25745006570971	1	1.25745006570971	0.808932393072523	0.995047270581389	1	1
"Gene3463"	"Gene3463"	1.67702901591255	1	1.67702901591255	1.21408479474237	1.79584184636484	1	1
"Gene3464"	"Gene3464"	3.65397010122124	48.7178787693161	54.8795228199508	1.11055545028122	0.722970226134413	1	1
"Gene3465"	"Gene3465"	0.18948608270556	1	0.18948608270556	0.961226615796035	0.545707522073229	1	1
"Gene3466"	"Gene3466"	0.818770967827702	1	0.818770967827702	2.75701604189602	0.61417445718452	1	1
"Gene3467"	"Gene3467"	8.82724663239466	1	8.82724663239466	1.29904569444172	0.408900713901221	1	1
"Gene3469"	"Gene3469"	0.468929770084364	1	0.468929770084364	1.00981541006205	1.73519273674636	1	1
"Gene3470"	"Gene3470"	1.98936152638288	1	1.98936152638288	2.3643185175847	1.45165091127573	1	1
"Gene3471"	"Gene3471"	5.68910747204739	1	5.68910747204739	0.938250568266184	1.11333970282396	1	1
"Gene3472"	"Gene3472"	0.661591201815892	1	0.661591201815892	0.567672405553589	2.09572457687514	1.01902735575472	1
"Gene3473"	"Gene3473"	3.10172076009526	1	3.10172076009526	1.26205631218693	0.699717362245236	1	1
"Gene3474"	"Gene3474"	3.98643529402867	1	3.98643529402867	1.63302578567258	1.49597572904769	1	1
"Gene3475"	"Gene3475"	0.105182469148567	1	0.105182469148567	0.918833063424796	2.29987869077761	1	1.0792330242293
"Gene3476"	"Gene3476"	0.317444594369743	1	0.317444594369743	2.35992570344147	1.62408867099723	1	1
"Gene3477"	"Gene3477"	0.938001262652278	1	0.938001262652278	2.23940206992864	1.71763703869288	1	1
"Gene3480"	"Gene3480"	0.225231959483891	1	0.225231959483891	0.876988086789045	1.39020297550091	1	1
"Gene3481"	"Gene3481"	0.405823316780479	1	0.405823316780479	1.72942983112115	0.767753798282904	1	0.87704236307073
"Gene3482"	"Gene3482"	2.03594434996117	1	2.03594434996117	2.17035165056615	0.82665328149655	1	1
"Gene3483"	"Gene3483"	0.490735127901374	1	0.490735127901374	1.16375995198791	0.64286047148965	1	1
"Gene3485"	"Gene3485"	0.140359453639126	1	0.140359453639126	0.841565390564413	0.587598467767406	1.14751662938295	1
"Gene3486"	"Gene3486"	1.04090787271236	1	1.04090787271236	2.59137731987125	0.422283308672783	1	1
"Gene3487"	"Gene3487"	2.37524958883899	1	2.37524958883899	1.35588633033393	2.26217426429509	1	1
"Gene3488"	"Gene3488"	3.06055112915286	1	3.06055112915286	1.28758362821278	2.31833335683826	1	0.922402182022321
"Gene3489"	"Gene3489"	6.25684055696325	1	6.25684055696325	3.51829011534634	0.946688000056203	1	1
"Gene3492"	"Gene3492"	4.55805346609798	1	4.55805346609798	3.52254454005534	0.756883887913543	1	1
"Gene3493"	"Gene3493"	3.62900188736862	1	3.62900188736862	1.66639964632467	2.44202911855443	1	1
"Gene3494"	"Gene3494"	0.326765068944875	1	0.326765068944875	0.918476507461172	0.735721135453492	1	1
"Gene3495"	"Gene3495"	2.39255211319948	1	2.39255211319948	0.86607706362074	0.695593348381204	1	1.02969410709478
"Gene3496"	"Gene3496"	1.14840664417991	1	1.14840664417991	0.790012465220617	1.44873058579271	1	1
"Gene3497"	"Gene3497"	1.93938491284029	1	1.93938491284029	0.486030208826674	0.563551374707266	1.10015221556539	1
"Gene3498"	"Gene3498"	0.3069316812572	1	0.3069316812572	1.0079289469447	0.644656320583841	0.822529959609451	1
"Gene3499"	"Gene3499"	1.40504098591157	1	1.40504098591157	0.862202704170345	3.7239629815973	1	1
"Gene3500"	"Gene3500"	1.58602615153631	1	1.58602615153631	1.31349039219069	0.886842718786483	1	0.77513537592184
"Gene3501"	"Gene3501"	1.95077688469539	1	1.95077688469539	1.61697128728404	1.77840883444794	1	1
"Gene3503"	"Gene3503"	0.134384435050347	1	0.134384435050347	0.94262684680845	0.735943058485334	1	1
"Gene3504"	"Gene3504"	2.76202985104732	1	2.76202985104732	1.7261378721858	0.718140065838629	1	1
"Gene3506"	"Gene3506"	3.56638022092331	1	3.56638022092331	1.04243791740611	2.29169385543965	1	1
"Gene3507"	"Gene3507"	0.736104908768887	1	0.736104908768887	0.857593111530723	0.400653505940413	0.963250397651789	1
"Gene3508"	"Gene3508"	1.33179354685984	1	1.33179354685984	1.31032053572386	0.710837292147414	1	1
"Gene3509"	"Gene3509"	4.21482861065818	47.7334937593276	53.7706366987983	0.769184838717055	1.55440059868899	1	1
"Gene3510"	"Gene3510"	8.40595969076439	1	8.40595969076439	1.59563735651975	0.78809821954898	1	0.897118136528703
"Gene3511"	"Gene3511"	0.171074032052151	1	0.171074032052151	0.659001641956729	1.80920607529002	1	0.92068646729555
"Gene3513"	"Gene3513"	1.33649769663787	1	1.33649769663787	1.77538707946952	0.489588945994513	1	1
"Gene3514"	"Gene3514"	0.928845861933397	1	0.928845861933397	1.33035024623864	0.468067224891649	1	1
"Gene3515"	"Gene3515"	0.32877082156072	1	0.32877082156072	2.654131099531	1.85847819542305	1	1
"Gene3516"	"Gene3516"	4.58644964159129	1	4.58644964159129	1.24661549328613	2.06461093576065	1	1
"Gene3517"	"Gene3517"	2.41931836781	1	2.41931836781	1.49413361711964	2.65716210042028	1	1
"Gene3518"	"Gene3518"	0.274521417082149	1	0.274521417082149	1.42160992300187	0.444437181789152	1	1
"Gene3519"	"Gene3519"	4.71270276058852	1	4.71270276058852	0.576818515059894	0.742435613527161	1	1
"Gene3520"	"Gene3520"	0.811619481984693	1	0.811619481984693	2.65075620770165	0.579513333671082	1	1
"Gene3521"	"Gene3521"	5.78555687679308	1	5.78555687679308	2.82876084322257	1.35296850853112	1	1
"Gene3522"	"Gene3522"	2.93547681161756	1	2.93547681161756	0.643252667138731	1.99322191547726	1	1
"Gene3523"	"Gene3523"	2.42248626679866	1	2.42248626679866	2.76197909941617	0.302096177626664	1	1
"Gene3524"	"Gene3524"	2.94628814362695	1	2.94628814362695	2.04319105909006	0.619783896799428	1	1
"Gene3526"	"Gene3526"	0.718910014650989	1	0.718910014650989	0.578514723562018	0.990257494012302	1	1
"Gene3527"	"Gene3527"	2.43365206414844	1	2.43365206414844	1.20732814560881	0.994770357189438	1	1
"Gene3528"	"Gene3528"	2.40461954366883	1	2.40461954366883	0.791081871593414	4.24235861563965	1	1
"Gene3529"	"Gene3529"	1.67699601392971	1	1.67699601392971	0.992547064857712	0.939619405212588	1	1
"Gene3531"	"Gene3531"	11.7021188300194	1	11.7021188300194	0.487077713528887	0.582842303499389	1	1
"Gene3532"	"Gene3532"	1.57354223714135	1	1.57354223714135	0.367331492585299	1.08104556950609	1	1
"Gene3534"	"Gene3534"	0.172182863766824	1	0.172182863766824	1.80289151417339	2.09397085469661	1	1
"Gene3536"	"Gene3536"	0.0912076206073361	1	0.0912076206073361	1.5182851231449	1.9662306617182	1	1
"Gene3537"	"Gene3537"	0.649733382348495	1	0.649733382348495	0.509751722845428	0.390360454244166	1	1
"Gene3538"	"Gene3538"	0.186801627341218	1	0.186801627341218	4.60992421624457	0.55946696137784	1	1
"Gene3539"	"Gene3539"	0.521550948905229	1	0.521550948905229	1.14803161763727	2.32196926414277	1	1
"Gene3540"	"Gene3540"	14.7108845702593	1	14.7108845702593	1.25970433978709	0.430961561953353	1	1
"Gene3541"	"Gene3541"	1.99255001610622	1	1.99255001610622	0.877645694595362	0.932180326622756	1	1
"Gene3542"	"Gene3542"	0.151373199673609	1	0.151373199673609	0.847909469971153	0.678883908460764	1	1
"Gene3543"	"Gene3543"	4.62137280311237	1	4.62137280311237	1.56057523868608	1.96688499914833	1	1
"Gene3544"	"Gene3544"	2.48622130428052	1	2.48622130428052	1.82030476426309	0.522644484439514	1	1
"Gene3545"	"Gene3545"	0.193650099658584	1	0.193650099658584	0.725865342165802	2.27054191578467	1	1
"Gene3546"	"Gene3546"	19.4652928405033	1	19.4652928405033	3.0139452616762	0.469192710501001	1	1
"Gene3547"	"Gene3547"	0.832199868160343	1	0.832199868160343	0.499474562047413	1.21239644089933	1	1
"Gene3548"	"Gene3548"	2.19912244106582	1	2.19912244106582	2.10552946770964	0.372223798268277	1	1
"Gene3549"	"Gene3549"	8.46636108257981	1	8.46636108257981	1.72737502744524	0.931925055243373	1	1
"Gene3552"	"Gene3552"	6.27744761233097	1	6.27744761233097	0.33087026931227	0.843037432182086	1	1
"Gene3553"	"Gene3553"	0.591643331088738	1	0.591643331088738	1.41008343294824	1.47619937408239	1	1
"Gene3554"	"Gene3554"	0.188215677468964	1	0.188215677468964	0.531365379308628	0.466800861270182	1.11034304276315	1
"Gene3555"	"Gene3555"	1.05577195514092	1	1.05577195514092	0.891882081000773	0.747274920183609	1	1
"Gene3556"	"Gene3556"	0.354988465266406	1	0.354988465266406	1.09209108949601	1.19187981545151	1	1
"Gene3559"	"Gene3559"	1.06883864326368	1	1.06883864326368	0.519910139702449	0.826302906080247	1	1
"Gene3560"	"Gene3560"	12.5788219580476	78.0301698960883	87.8991162512212	1.35206985120389	0.445005307477691	1	1
"Gene3561"	"Gene3561"	1.21308232266502	1	1.21308232266502	1.25589494322783	1.46888847263377	1	1
"Gene3562"	"Gene3562"	2.61777830336414	1	2.61777830336414	1.72543341046113	1.76491654097786	1	1
"Gene3564"	"Gene3564"	0.525010871669606	1	0.525010871669606	0.81969617691341	0.481050266908326	1	1
"Gene3565"	"Gene3565"	2.65643950119143	1	2.65643950119143	1.19045227587937	1.95826616611027	1	1
"Gene3566"	"Gene3566"	1.66411970365148	1	1.66411970365148	0.508806063446262	0.506384204021084	1	1
"Gene3567"	"Gene3567"	0.206776819247062	1	0.206776819247062	0.84468898051869	1.63549329152718	1	1.10045644166031
"Gene3568"	"Gene3568"	3.56741608755534	1	3.56741608755534	0.644066707295792	1.42281814475052	1	1
"Gene3569"	"Gene3569"	3.14759731117689	1	3.14759731117689	1.39147196030491	1.45032856988824	1	1
"Gene3570"	"Gene3570"	0.623780893763625	1	0.623780893763625	1.15519020398828	2.60520965797951	1	1
"Gene3571"	"Gene3571"	1.15540982206845	1	1.15540982206845	0.346954105174657	1.46405822495008	1	1
"Gene3572"	"Gene3572"	7.35808355257559	1	7.35808355257559	0.446013826975049	1.1404693173685	1	1
"Gene3574"	"Gene3574"	0.167784235313162	1	0.167784235313162	1.16200278338178	0.972290965719579	1	1
"Gene3576"	"Gene3576"	0.188163404059675	1	0.188163404059675	0.507698403394494	2.73074245559002	1	1
"Gene3577"	"Gene3577"	4.64281759616928	1	4.64281759616928	2.00297897546512	0.799323110826695	1.0504829519261	1
"Gene3578"	"Gene3578"	1.29062746695711	1	1.29062746695711	3.1601381982412	0.592465853172915	1	1
"Gene3579"	"Gene3579"	0.507975740035589	1	0.507975740035589	0.856067337133118	1.20639542452311	1	1
"Gene3580"	"Gene3580"	0.665827377328557	1	0.665827377328557	0.888082372773926	2.78814929526469	1	1
"Gene3582"	"Gene3582"	0.792446145516274	1	0.792446145516274	0.904291329028013	0.645795257533829	1	1
"Gene3583"	"Gene3583"	0.52794042571361	1	0.52794042571361	0.422191691396896	1.1667644653758	1	1
"Gene3584"	"Gene3584"	0.789823230841686	1	0.789823230841686	0.847080374657018	0.653595002917894	1	0.99760588301381
"Gene3585"	"Gene3585"	2.87791273387076	1	2.87791273387076	2.04437273929214	0.744767011654111	1	1
"Gene3588"	"Gene3588"	1.48581823091867	1	1.48581823091867	0.779343621963894	1.79912700213757	1	1
"Gene3589"	"Gene3589"	1.32628776188043	1	1.32628776188043	0.887845453248025	2.20733951418819	1	1
"Gene3590"	"Gene3590"	0.227932832756879	1	0.227932832756879	2.49522174978966	0.691891549751094	1	1
"Gene3591"	"Gene3591"	2.30534226265854	1	2.30534226265854	2.89975818868589	0.758364672224379	1	1
"Gene3592"	"Gene3592"	0.758391519328712	1	0.758391519328712	0.67592742993061	0.648441500409621	1	1
"Gene3593"	"Gene3593"	0.242118185724241	1	0.242118185724241	0.829732562624181	0.417060077379817	1	0.967093858526988
"Gene3594"	"Gene3594"	0.00401567182499591	38.9163788426062	43.8383680635083	0.71087914229345	1.88172894759771	1	1
"Gene3596"	"Gene3596"	0.114949311211099	1	0.114949311211099	0.860955094891756	1.19100779238566	1	1
"Gene3597"	"Gene3597"	1.97487630537761	33.6109556878492	37.8619360339109	0.74219415448139	0.700555408851832	1	1
"Gene3598"	"Gene3598"	1.69911932414397	1	1.69911932414397	1.42053654419552	1.13743930179955	1	1
"Gene3599"	"Gene3599"	1.67415336432176	1	1.67415336432176	1.37403511493535	0.826385927011372	1	1
"Gene3600"	"Gene3600"	0.234364496288926	1	0.234364496288926	2.19393437474067	1.1376955910662	1	0.905105760514296
"Gene3601"	"Gene3601"	1.60835778797541	1	1.60835778797541	0.495817942254932	2.20438220140937	1	1
"Gene3602"	"Gene3602"	0.137767913744004	1	0.137767913744004	2.32491974133709	1.87767681472713	1	1.08645590842083
"Gene3603"	"Gene3603"	0.247466431806977	1	0.247466431806977	2.38347519075415	0.5362629825225	1	1
"Gene3604"	"Gene3604"	1.1433203106688	1	1.1433203106688	2.15670160362655	1.32173435478204	1	1
"Gene3605"	"Gene3605"	0.258775887152655	1	0.258775887152655	1.04371801258549	1.17200270066285	1	0.92441391441371
"Gene3607"	"Gene3607"	0.092446328251719	1	0.092446328251719	1.02207779432996	1.574054441879	1	1
"Gene3608"	"Gene3608"	1.0467695810123	1	1.0467695810123	0.789298222273855	1.12400872576721	1	1
"Gene3609"	"Gene3609"	3.5319353964405	1	3.5319353964405	1.52718652595173	2.18097319613128	1	1
"Gene3610"	"Gene3610"	0.200894747473508	1	0.200894747473508	1.00406516431595	0.547905439073689	1	0.962532735084991
"Gene3611"	"Gene3611"	5.7366222870938	42.4629927002008	47.833543572956	0.541322237130601	0.529845529166719	1	1
"Gene3613"	"Gene3613"	1.95754643740327	1	1.95754643740327	0.820409684464197	0.991389505907554	1	1
"Gene3614"	"Gene3614"	7.44762059526462	1	7.44762059526462	1.09366134599896	0.639204378895135	0.857048790132434	1
"Gene3615"	"Gene3615"	2.63618395792744	1	2.63618395792744	2.1369128810332	0.857398463371089	1	1
"Gene3616"	"Gene3616"	0.129881472176849	1	0.129881472176849	0.660451938763641	1.71979415382587	1	1
"Gene3617"	"Gene3617"	0.781743297154768	1	0.781743297154768	2.64576960962241	0.917950745729864	1	1
"Gene3618"	"Gene3618"	1.20789172946717	1	1.20789172946717	2.2575653598102	1.90788893670389	1	1
"Gene3619"	"Gene3619"	0.975215552082093	1	0.975215552082093	0.859335650360903	0.317465144666154	1	1
"Gene3620"	"Gene3620"	0.745617123103141	1	0.745617123103141	1.75346608212567	0.801152721038769	1	1
"Gene3621"	"Gene3621"	0.712846939909375	1	0.712846939909375	1.0643948745342	1.72112534523034	1	1
"Gene3622"	"Gene3622"	4.78274736310056	1	4.78274736310056	0.331385927883448	1.37488636151476	1	1
"Gene3623"	"Gene3623"	2.60089969217895	1	2.60089969217895	1.35008623240627	0.436253107452454	0.881752071662081	1.14443626906578
"Gene3624"	"Gene3624"	2.38115318836481	1	2.38115318836481	1.0873907287089	1.03517756416592	1	1
"Gene3625"	"Gene3625"	0.854765598380019	1	0.854765598380019	0.799207380558867	1.98145280813189	1	1
"Gene3626"	"Gene3626"	1.8990624528964	1	1.8990624528964	0.969279531225854	0.620200281092032	1	1
"Gene3627"	"Gene3627"	0.326351294687593	1	0.326351294687593	1.14382316583611	0.683015898793296	1	1
"Gene3628"	"Gene3628"	0.277884501780171	1	0.277884501780171	0.989011139367949	0.50962584341816	1	1
"Gene3629"	"Gene3629"	4.10895909202055	1	4.10895909202055	0.780654822825945	0.786836092481	1	1
"Gene3630"	"Gene3630"	0.85035429543178	1	0.85035429543178	2.27036887706196	0.880906475755946	1	1
"Gene3631"	"Gene3631"	4.91948418881938	1	4.91948418881938	1.22482187517804	1.30380309944687	1	1
"Gene3633"	"Gene3633"	3.45328870300638	1	3.45328870300638	0.494849967371659	0.389395320116448	1	1
"Gene3636"	"Gene3636"	0.286457228858121	65.1761509017542	73.419371924341	0.721810759479211	1.0226939492927	1	1
"Gene3637"	"Gene3637"	3.58254968658576	1	3.58254968658576	0.884696026438702	2.10648458165123	0.859770807481582	1
"Gene3638"	"Gene3638"	0.161560426404202	1	0.161560426404202	0.842951519177842	2.69350301434924	1	1
"Gene3639"	"Gene3639"	0.199330694065839	1	0.199330694065839	2.8233944413883	1.16159327315798	0.822343811218038	1
"Gene3640"	"Gene3640"	1.70560318231819	1	1.70560318231819	1.34467026854966	1.20918777088293	1	1
"Gene3641"	"Gene3641"	2.05734494440114	1	2.05734494440114	1.38806614766286	0.529518668578172	1	1
"Gene3642"	"Gene3642"	3.50674976568808	1	3.50674976568808	1.52664458303897	0.521031475023429	1	1
"Gene3643"	"Gene3643"	4.15539781593172	1	4.15539781593172	0.947020385852217	1.18799993826875	1	1
"Gene3644"	"Gene3644"	0.770408128039085	1	0.770408128039085	0.933811964817189	0.540064971658357	1	1
"Gene3645"	"Gene3645"	1.28985932266909	40.1536701222775	45.2321470360939	1.02471605534187	1.44934160533074	1.00532599331576	0.870889175727186
"Gene3646"	"Gene3646"	9.29024892121191	1	9.29024892121191	1.21264007436218	1.20232154654325	1	1
"Gene3647"	"Gene3647"	3.23279662638868	1	3.23279662638868	1.27183991375228	2.48035323421817	1	0.886146568265055
"Gene3648"	"Gene3648"	0.942481274218757	1	0.942481274218757	0.688180851818769	1.56892611334576	1.22117009735827	1
"Gene3650"	"Gene3650"	4.02667807057172	68.437613925217	77.0933318533041	0.655536622065751	1.44306769571241	1	1
"Gene3651"	"Gene3651"	6.76193820106966	1	6.76193820106966	1.0842784479523	0.878208083593583	1	1
"Gene3652"	"Gene3652"	0.258621080686186	1	0.258621080686186	0.65352018539587	0.598604226002126	1.30475810550541	1
"Gene3653"	"Gene3653"	7.49615971161879	30.1145855369756	33.9233588559015	0.918296601824	0.847376165058789	1	1
"Gene3654"	"Gene3654"	1.94567808494963	1	1.94567808494963	2.68608408913631	3.34681552273524	1	1
"Gene3655"	"Gene3655"	0.715752497167991	1	0.715752497167991	1.59253685965814	0.628135459808816	1	1
"Gene3656"	"Gene3656"	7.46643951833739	1	7.46643951833739	0.8371357712146	2.01131775104238	1	1
"Gene3657"	"Gene3657"	0.0772429872092854	1	0.0772429872092854	0.773912530564597	1.12437838713877	1	1
"Gene3658"	"Gene3658"	1.86442085190823	1	1.86442085190823	1.05805073949746	0.866233914184817	1	1
"Gene3659"	"Gene3659"	0.470999696161087	1	0.470999696161087	0.461036601238167	0.667668496701466	1	1
"Gene3660"	"Gene3660"	7.61024905678789	1	7.61024905678789	0.677787153844951	0.968917939800853	1	1
"Gene3661"	"Gene3661"	3.82308906202705	1	3.82308906202705	0.8532663798127	1.36553493326126	1	1
"Gene3662"	"Gene3662"	0.917880916387785	1	0.917880916387785	2.64281204307276	0.963812453620408	1	1.17184633503582
"Gene3663"	"Gene3663"	0.242231237126892	1	0.242231237126892	0.486912456681414	0.844150607428218	1	1
"Gene3664"	"Gene3664"	1.84924939951064	1	1.84924939951064	2.04183155558495	0.847103321177902	1	1
"Gene3665"	"Gene3665"	1.47052100251161	1	1.47052100251161	1.21214493700834	0.55005231079879	1	1
"Gene3666"	"Gene3666"	0.321097316645964	82.4069056758121	92.8294042105468	0.818447366407394	1.06040917729272	1	1
"Gene3667"	"Gene3667"	0.686171177444324	1	0.686171177444324	0.601010138292711	0.509389002911652	1	1
"Gene3668"	"Gene3668"	0.123572372696461	1	0.123572372696461	0.63978474516676	0.765893649119601	1	1
"Gene3669"	"Gene3669"	1.88602692590154	1	1.88602692590154	1.66599262319376	1.40152920895846	1	1
"Gene3670"	"Gene3670"	0.129545080739245	1	0.129545080739245	0.68595533018957	0.410501871132995	1	1
"Gene3671"	"Gene3671"	0.301334255988394	1	0.301334255988394	1.78215914145971	0.384767828876544	1	1
"Gene3673"	"Gene3673"	0.267089407704164	1	0.267089407704164	1.42348380761184	1.45811141131271	0.789894619690424	1
"Gene3674"	"Gene3674"	1.7860745550969	1	1.7860745550969	1.85991747441827	0.545521412602919	1	1.17501765513255
"Gene3675"	"Gene3675"	0.193230782719485	1	0.193230782719485	1.14487088730805	0.424792719087595	0.994183475450736	1
"Gene3676"	"Gene3676"	5.47922267531396	1	5.47922267531396	1.78762824923232	0.748732294503062	1	1
"Gene3677"	"Gene3677"	2.0474248562899	1	2.0474248562899	0.445646854401201	0.772714691040634	1	1
"Gene3680"	"Gene3680"	1.60611521674838	1	1.60611521674838	0.940631601906519	0.901918745755358	1	1
"Gene3681"	"Gene3681"	3.3129315565903	1	3.3129315565903	0.668195862776656	1.56080417573354	1	1
"Gene3682"	"Gene3682"	6.30835549193616	66.2169943589717	74.5918571331663	0.402747251287738	0.952388469475666	1	1
"Gene3683"	"Gene3683"	4.97352828883078	1	4.97352828883078	3.41920938735083	0.62035062661115	1	1
"Gene3684"	"Gene3684"	4.93754159524068	1	4.93754159524068	1.32363465662581	0.730425367026102	1	1
"Gene3685"	"Gene3685"	0.877210699629796	1	0.877210699629796	1.17003561058659	0.413220707549758	1	1
"Gene3686"	"Gene3686"	0.307159690670437	1	0.307159690670437	0.600956202315767	2.40244098218765	1	1
"Gene3687"	"Gene3687"	0.559642039705777	1	0.559642039705777	0.922025236295924	1.54036598036961	1	1
"Gene3688"	"Gene3688"	7.08060133217299	1	7.08060133217299	1.08668472017982	2.85468956495784	1	1
"Gene3689"	"Gene3689"	0.56076827438748	1	0.56076827438748	0.656526436172452	0.752887728998942	1	1
"Gene3690"	"Gene3690"	2.53579981848873	1	2.53579981848873	1.55005162146318	0.764451216682542	1	1
"Gene3691"	"Gene3691"	0.815419710761709	39.0265840181098	43.9625115524432	1.14875245821193	0.971376153640103	1	1
"Gene3692"	"Gene3692"	0.574747045809085	1	0.574747045809085	1.35951919062415	1.16953847769625	1	1
"Gene3693"	"Gene3693"	0.634879157015948	1	0.634879157015948	2.45870021910738	0.479725411545528	1	1
"Gene3694"	"Gene3694"	0.123377183610874	1	0.123377183610874	1.28474010701177	1.11891760610871	1	1
"Gene3695"	"Gene3695"	0.518071962514374	1	0.518071962514374	1.00896879850619	3.3671340121385	1	1
"Gene3696"	"Gene3696"	7.39104837505293	1	7.39104837505293	0.782615783924469	1.01958249202163	1	1
"Gene3697"	"Gene3697"	0.704512046671442	1	0.704512046671442	1.11527818286336	1.11701410941068	1	1
"Gene3698"	"Gene3698"	0.550185545729697	1	0.550185545729697	2.03671638120145	0.397304585974843	1	0.937183637106004
"Gene3699"	"Gene3699"	1.66997054976777	1	1.66997054976777	0.866733817881048	0.775428802065274	1	1
"Gene3700"	"Gene3700"	1.53981283220449	1	1.53981283220449	1.31306088294656	1.94842786901975	1	1
"Gene3701"	"Gene3701"	0.778762152091533	1	0.778762152091533	0.619618743793239	1.14647787130309	1	1
"Gene3702"	"Gene3702"	6.4259889643162	1	6.4259889643162	0.855475120908895	0.632407957705651	1	1
"Gene3704"	"Gene3704"	0.519663788768808	1	0.519663788768808	1.98420385305261	0.798549068280462	1	1
"Gene3705"	"Gene3705"	8.31628232169497	1	8.31628232169497	0.634616850942619	1.13858453582786	1	1
"Gene3707"	"Gene3707"	0.742760862113593	1	0.742760862113593	0.447600632194452	1.51301499565475	1	0.985741229430946
"Gene3708"	"Gene3708"	0.0786549441748416	1	0.0786549441748416	1.68881885142615	0.851508746187051	1	1
"Gene3709"	"Gene3709"	0.374360505324371	1	0.374360505324371	0.724384038346276	0.878300496743406	1	1
"Gene3710"	"Gene3710"	1.85068879345083	50.045584252907	56.3751512263089	1.99730561394071	0.93323616645241	1	1
"Gene3711"	"Gene3711"	1.11792390532912	1	1.11792390532912	1.89570532145947	1.48222770882915	1	1
"Gene3712"	"Gene3712"	0.70913036138732	1	0.70913036138732	1.02949781323319	1.1579306282703	1	1.00662766338925
"Gene3713"	"Gene3713"	0.246590170783999	1	0.246590170783999	1.28840672518926	1.43825039717409	1	1
"Gene3714"	"Gene3714"	2.50717126782912	1	2.50717126782912	1.64531938425643	0.407350156723114	0.884575990385945	1
"Gene3715"	"Gene3715"	1.33068868606063	1	1.33068868606063	0.460240870682878	1.56998211343002	1	1
"Gene3716"	"Gene3716"	2.17565183419357	27.9045746832981	31.4338345962138	1.02402876708084	1.25195135020313	1	1
"Gene3718"	"Gene3718"	4.48226723872955	1	4.48226723872955	1.60543930733405	0.617941126076918	1	1
"Gene3719"	"Gene3719"	3.00163472367493	1	3.00163472367493	0.419010227345057	1.20315633341713	0.76434109888724	1
"Gene3720"	"Gene3720"	2.86959724993508	1	2.86959724993508	1.69666868919255	1.57513364898741	1	1
"Gene3721"	"Gene3721"	1.49128978890333	1	1.49128978890333	0.59260424254276	1.51513715038312	1	1
"Gene3722"	"Gene3722"	2.65833578209236	1	2.65833578209236	0.543340363487797	0.777775332505526	1	1
"Gene3723"	"Gene3723"	0.321543712560956	1	0.321543712560956	0.487144165033923	0.682644208895614	0.992412600087819	1
"Gene3724"	"Gene3724"	0.979510185912346	1	0.979510185912346	1.387906892706	0.916863757841488	1.35389813297072	1
"Gene3725"	"Gene3725"	1.14065827250655	1	1.14065827250655	1.11331068968715	2.05763477257935	1	1
"Gene3727"	"Gene3727"	0.786310448033689	1	0.786310448033689	1.17752667921237	1.92922314461514	1	1
"Gene3728"	"Gene3728"	0.928397251649484	1	0.928397251649484	1.63232154546884	0.86343009003161	1	0.898199032818024
"Gene3729"	"Gene3729"	5.2500092037739	1	5.2500092037739	0.667530810587416	0.464831066269321	1	1
"Gene3730"	"Gene3730"	0.76263835960959	1	0.76263835960959	0.441824102490108	0.319936192610586	1.08628028645773	1
"Gene3731"	"Gene3731"	0.445823806409881	1	0.445823806409881	0.819428058979504	0.95726928358808	1	1
"Gene3732"	"Gene3732"	0.950376444712952	1	0.950376444712952	0.903532625267932	1.72287987841194	1	1.12608315435162
"Gene3733"	"Gene3733"	5.75451801538575	1	5.75451801538575	0.844940545420002	0.712136026587023	1	1
"Gene3734"	"Gene3734"	6.50034611755063	1	6.50034611755063	0.546399819951239	1.45492000950654	1	1
"Gene3735"	"Gene3735"	0.929506235621926	1	0.929506235621926	1.41563617108012	0.431759795196673	1	1
"Gene3736"	"Gene3736"	1.60369469190119	1	1.60369469190119	0.535739429287731	1.9877114058803	1	1
"Gene3738"	"Gene3738"	0.888506482658133	1	0.888506482658133	0.653098130554902	0.538348036259399	1	1
"Gene3739"	"Gene3739"	1.05117256666834	1	1.05117256666834	0.748562809564938	1.03659824983851	1	1
"Gene3740"	"Gene3740"	4.22779538145549	1	4.22779538145549	2.23960759039178	0.790428852432324	1	1
"Gene3741"	"Gene3741"	3.47629253517028	1	3.47629253517028	0.919363251971584	1.61778820638043	1	1
"Gene3742"	"Gene3742"	0.127870049360702	1	0.127870049360702	1.93914025452382	0.505187840210276	1	1
"Gene3743"	"Gene3743"	1.82387277330024	1	1.82387277330024	1.34567355534489	0.576505592872065	1	1
"Gene3744"	"Gene3744"	3.89156437210494	1	3.89156437210494	2.11376394108624	0.550421384233231	1	1
"Gene3745"	"Gene3745"	0.811431928569249	1	0.811431928569249	1.57923976972934	1.31055766614169	0.962469146326957	1
"Gene3746"	"Gene3746"	2.55603295136362	1	2.55603295136362	1.76224954553387	0.350465742799554	1	1
"Gene3747"	"Gene3747"	3.31375141641649	1	3.31375141641649	1.10856584658242	1.14437842712176	1	1
"Gene3748"	"Gene3748"	1.78577193273155	1	1.78577193273155	1.18325330784111	2.3766213951685	1	1
"Gene3749"	"Gene3749"	2.35915660090894	1	2.35915660090894	1.62595943185657	2.32719857903762	1.00309061651519	1
"Gene3750"	"Gene3750"	0.834703247945265	1	0.834703247945265	0.377441623940902	0.840435130517709	1	1
"Gene3751"	"Gene3751"	2.38895193735218	1	2.38895193735218	0.993455519329305	0.874212474726993	1	0.855562676567302
"Gene3752"	"Gene3752"	1.00975735998727	1	1.00975735998727	0.758835775923369	2.33595377955544	1	1
"Gene3753"	"Gene3753"	0.287764903726848	1	0.287764903726848	0.431749356010456	1.12592066995139	0.983141129088641	1
"Gene3754"	"Gene3754"	1.08517940018454	1	1.08517940018454	1.14789729021113	0.606231977005061	1	1.05173884986961
"Gene3756"	"Gene3756"	0.610201578011573	1	0.610201578011573	0.553684572426844	2.04768419108371	1	1
"Gene3757"	"Gene3757"	0.0909890298495984	1	0.0909890298495984	0.700876163216541	1.44078267598778	1	1.04689358937888
"Gene3758"	"Gene3758"	1.2130718102334	1	1.2130718102334	2.47019756539204	0.339263657655119	1	1
"Gene3759"	"Gene3759"	5.32467464852674	1	5.32467464852674	0.458706866590079	3.24293514261412	1	1
"Gene3760"	"Gene3760"	1.48118786965362	1	1.48118786965362	2.41571204468187	1.5481468962334	1	1
"Gene3761"	"Gene3761"	0.893356614146419	1	0.893356614146419	0.470317671105093	1.49210779676551	1	1
"Gene3762"	"Gene3762"	0.533355997898984	1	0.533355997898984	1.01647702510505	1.30158186272223	1	1
"Gene3763"	"Gene3763"	0.486122793076723	1	0.486122793076723	0.6199548929313	0.557399186590627	1	1
"Gene3765"	"Gene3765"	6.22288457381052	1	6.22288457381052	0.493400368106672	0.98226545812473	1	1
"Gene3766"	"Gene3766"	0.842008898405088	1	0.842008898405088	0.858392281033077	1.80690261056907	1	1
"Gene3767"	"Gene3767"	3.10144925200643	1	3.10144925200643	0.251133512456511	1.08292869585264	1	1
"Gene3768"	"Gene3768"	1.79267540129703	1	1.79267540129703	1.17573859527081	0.522099097845272	1	1.00266507976464
"Gene3769"	"Gene3769"	0.492734813669695	1	0.492734813669695	1.44404058689426	1.29641770153384	1	0.935400114734475
"Gene3770"	"Gene3770"	2.08630003633576	1	2.08630003633576	0.682047791933404	2.85487042309597	1	1
"Gene3771"	"Gene3771"	2.91327382585997	1	2.91327382585997	0.489915742231301	0.592787510830149	1	1
"Gene3772"	"Gene3772"	0.406719161292642	56.4871432872089	63.6314130946249	1.25408265276956	0.34746708204974	1	1
"Gene3773"	"Gene3773"	3.59153661184418	38.9504373668581	43.8767341748028	0.663020779300229	0.735946707958246	1	1
"Gene3774"	"Gene3774"	0.128694993505239	1	0.128694993505239	1.34945895645758	0.971998990039868	1	1
"Gene3775"	"Gene3775"	0.0943661255304316	1	0.0943661255304316	1.07906670757958	0.59687795304857	1	1
"Gene3776"	"Gene3776"	3.66099722684304	1	3.66099722684304	0.61432076904028	1.859883419969	1	1
"Gene3777"	"Gene3777"	2.91125235854411	1	2.91125235854411	1.65091220555477	1.20305228955767	1	1
"Gene3778"	"Gene3778"	0.899249953525905	1	0.899249953525905	2.23791298190859	1.20421818203032	1	1
"Gene3779"	"Gene3779"	3.20537720338325	1	3.20537720338325	1.95762693974294	0.808693534365289	1	1
"Gene3780"	"Gene3780"	5.48681123102699	1	5.48681123102699	1.46148888273531	1.31871792555099	1	1
"Gene3781"	"Gene3781"	1.40995190879303	1	1.40995190879303	0.331025675508815	1.70675244585136	1	1
"Gene3782"	"Gene3782"	1.6478031911119	1	1.6478031911119	1.74039865955385	0.5806862469492	1	1
"Gene3784"	"Gene3784"	0.800312205925122	1	0.800312205925122	0.628966750965584	1.3358572612758	1	1
"Gene3785"	"Gene3785"	2.2905542110302	1	2.2905542110302	1.3721654810323	0.669774580294318	1	0.878738700911694
"Gene3787"	"Gene3787"	0.283449754132531	1	0.283449754132531	0.404144388419981	0.498066510430076	1	1
"Gene3788"	"Gene3788"	3.55527415331478	1	3.55527415331478	0.888341112964137	1.24906772313919	1	1
"Gene3790"	"Gene3790"	0.0524128125374268	65.8673511121728	74.1979923954916	0.916382537579839	1.1912816876821	1	1
"Gene3791"	"Gene3791"	3.90514860535082	1	3.90514860535082	2.2383355252067	1.74389542534194	1	1
"Gene3792"	"Gene3792"	1.71229180119864	1	1.71229180119864	1.64316553746897	0.941306294443646	0.912503075209732	1
"Gene3793"	"Gene3793"	0.911485295988112	1	0.911485295988112	0.537123418318759	0.961435262843839	1	1
"Gene3794"	"Gene3794"	4.07029889622231	1	4.07029889622231	0.924090367137017	1.48448109959036	1	1
"Gene3795"	"Gene3795"	4.80497234143773	1	4.80497234143773	0.954621597556014	2.41820096057815	0.995697431554895	1
"Gene3796"	"Gene3796"	0.837155491351245	1	0.837155491351245	0.443516530923821	0.294492088206981	1	1
"Gene3797"	"Gene3797"	0.923477982671684	1	0.923477982671684	0.421364650707104	0.833260522331992	1	1
"Gene3798"	"Gene3798"	0.0853509599213601	1	0.0853509599213601	1.21167393520659	1.0500988082174	1	1
"Gene3799"	"Gene3799"	0.149776639094284	1	0.149776639094284	1.74935015050233	0.920128604371475	1	1
"Gene3800"	"Gene3800"	0.536761090253463	1	0.536761090253463	0.496261382113403	0.738383059788784	0.875799328173287	1
"Gene3801"	"Gene3801"	0.109144869960366	66.8028574393791	75.2518178519576	0.421982480890805	0.859632617515056	1	1
"Gene3802"	"Gene3802"	3.834815298144	1	3.834815298144	1.84985545407877	0.791928242571462	1	1
"Gene3803"	"Gene3803"	0.746137885812682	1	0.746137885812682	0.855843241635214	1.23045555642101	1	1
"Gene3804"	"Gene3804"	0.278415115736158	1	0.278415115736158	0.770205735981222	1.28398952679236	1	1
"Gene3805"	"Gene3805"	1.02726951682689	1	1.02726951682689	0.810594155647578	4.18563109504616	1	1
"Gene3806"	"Gene3806"	2.50153240734677	1	2.50153240734677	0.36415496547959	1.62221170903939	1	1
"Gene3807"	"Gene3807"	1.6589043526781	1	1.6589043526781	1.15931919420854	3.39635841941515	1	1
"Gene3808"	"Gene3808"	1.41615727897108	1	1.41615727897108	2.10064226830206	1.25899856341318	1	1
"Gene3809"	"Gene3809"	0.190126176755134	1	0.190126176755134	1.89174343957309	1.28248059336893	1	1.23406673112143
"Gene3810"	"Gene3810"	2.21207976553605	1	2.21207976553605	0.878716872103592	0.355033066248351	1	1
"Gene3811"	"Gene3811"	0.24898526091192	1	0.24898526091192	0.473707531439801	2.3366785890716	1	1
"Gene3812"	"Gene3812"	14.78763624251	1	14.78763624251	0.922074000111663	0.210072258609737	1	1
"Gene3813"	"Gene3813"	3.65374459419292	1	3.65374459419292	1.23622029224803	2.07305748832256	1	1
"Gene3814"	"Gene3814"	1.04975623374212	1	1.04975623374212	1.73653201070146	0.491337664316699	1	1
"Gene3815"	"Gene3815"	0.63659000070051	1	0.63659000070051	0.811093047519842	0.598284898739847	1	1
"Gene3816"	"Gene3816"	2.01078509823223	1	2.01078509823223	0.708198342714584	1.8661629566787	1	0.966124773425162
"Gene3817"	"Gene3817"	0.60893361432289	1	0.60893361432289	0.994276270290164	0.876896764471281	1	1
"Gene3818"	"Gene3818"	0.885383154166657	1	0.885383154166657	3.44518492221033	2.31829386510767	1	1
"Gene3819"	"Gene3819"	0.385367157660732	1	0.385367157660732	1.66412788219977	1.25600744357827	1	1
"Gene3820"	"Gene3820"	0.870950054349518	1	0.870950054349518	0.530040515140822	1.25778986988996	1	1
"Gene3821"	"Gene3821"	1.67436388194182	1	1.67436388194182	1.60926093646549	0.612357906152372	1	1
"Gene3822"	"Gene3822"	3.64311070383145	1	3.64311070383145	0.630182004247319	0.543795366081385	1	1
"Gene3823"	"Gene3823"	0.820720078441747	1	0.820720078441747	2.15333742525313	0.961400397848837	1	1.21648949525708
"Gene3824"	"Gene3824"	0.403150765473358	1	0.403150765473358	0.537656234092306	1.305594651936	1	1
"Gene3825"	"Gene3825"	4.14130066480608	1	4.14130066480608	1.81826359663945	1.87204580680973	1	1
"Gene3826"	"Gene3826"	0.226017615260302	1	0.226017615260302	1.16097683977284	0.572013287352726	1	1
"Gene3827"	"Gene3827"	1.62392894722259	1	1.62392894722259	1.07573574797286	0.350091984948743	1	1
"Gene3829"	"Gene3829"	0.692854921994634	1	0.692854921994634	1.51888810906936	0.623939390780098	1	1
"Gene3830"	"Gene3830"	4.06201012817381	1	4.06201012817381	0.628934016470107	0.586737011630821	1	1.14797539591603
"Gene3831"	"Gene3831"	2.24980902033807	1	2.24980902033807	1.32209931475631	1.34863186043631	1	1
"Gene3832"	"Gene3832"	2.00404779317274	1	2.00404779317274	1.04279855508406	1.73602936703917	1	1
"Gene3833"	"Gene3833"	1.92762278556924	1	1.92762278556924	1.21260386270085	0.825522076056578	1.16517208641281	1
"Gene3834"	"Gene3834"	3.79787819346325	1	3.79787819346325	0.700830686152965	2.98909507808543	1	1
"Gene3835"	"Gene3835"	0.135939858407657	1	0.135939858407657	1.65146823017299	1.12218917252411	1	1
"Gene3836"	"Gene3836"	2.14035345474838	38.1642394924968	42.9911011120147	0.668833130673993	0.624530126700095	1	1
"Gene3837"	"Gene3837"	1.50522062056667	1	1.50522062056667	3.26443188774911	1.12093400787864	0.787405751571881	1
"Gene3839"	"Gene3839"	3.00437913797678	1	3.00437913797678	0.761109720588657	0.757887095194051	0.87012648434182	1
"Gene3840"	"Gene3840"	0.539909502799075	1	0.539909502799075	0.888150306497277	1.17655799277909	1	1
"Gene3841"	"Gene3841"	0.272224943655815	1	0.272224943655815	1.08868488627455	1.57348518557479	0.961360435914898	1
"Gene3842"	"Gene3842"	1.78890690426827	1	1.78890690426827	0.313897523914056	2.58295392740499	1	1
"Gene3843"	"Gene3843"	0.399970700762737	1	0.399970700762737	2.50743122444712	0.413705069638747	1	1
"Gene3844"	"Gene3844"	0.367932105466834	1	0.367932105466834	0.43493867743612	1.06578889053479	1	1
"Gene3845"	"Gene3845"	1.61048973364021	1	1.61048973364021	1.89118392873985	2.1355978506082	1	1
"Gene3846"	"Gene3846"	2.32943173023448	1	2.32943173023448	1.75454917533673	0.67436538485419	1	1
"Gene3847"	"Gene3847"	0.429896016412753	1	0.429896016412753	3.4037081390256	0.687633247549943	1	1
"Gene3848"	"Gene3848"	0.366524539195175	155.26340969695	174.900509850067	0.454526987183706	2.23185386881352	1	1
"Gene3849"	"Gene3849"	0.618779822072472	1	0.618779822072472	0.265018435591288	2.28745033324185	1	1
"Gene3850"	"Gene3850"	1.14588281916727	1	1.14588281916727	1.40505561388848	2.32701537446229	0.831188849575959	1
"Gene3851"	"Gene3851"	0.512299334846375	1	0.512299334846375	1.65859006134666	0.480552030136462	1.05717317747548	1
"Gene3852"	"Gene3852"	0.891089712670649	50.1927865356269	56.5409710698191	1.62342189681675	0.696756970988717	1	1
"Gene3853"	"Gene3853"	0.579570584560565	1	0.579570584560565	0.616435541904592	0.764783828152992	1	1
"Gene3854"	"Gene3854"	8.97454556142923	1	8.97454556142923	0.907766538454642	0.679107127818734	1	1
"Gene3855"	"Gene3855"	2.97925208246398	1	2.97925208246398	0.41071125293204	1.19517534123188	1	1
"Gene3856"	"Gene3856"	1.30997746461171	1	1.30997746461171	1.36290411258626	0.605091385520186	1	1
"Gene3857"	"Gene3857"	0.532058569583996	1	0.532058569583996	1.33923939419847	1.72911650581759	1	1
"Gene3858"	"Gene3858"	5.08752974835944	1	5.08752974835944	1.07369090774418	0.50038354123094	1	1
"Gene3859"	"Gene3859"	1.95849221687029	1	1.95849221687029	0.501670056840432	0.896081235777946	1	1
"Gene3860"	"Gene3860"	4.07056497575873	1	4.07056497575873	2.08414640623946	1.97618138219622	1	1
"Gene3861"	"Gene3861"	2.62140291113665	1	2.62140291113665	1.08241527131713	0.611729586947936	1	1.13063641509388
"Gene3862"	"Gene3862"	4.14697880703758	1	4.14697880703758	0.804153636316168	2.05126143684727	1	1
"Gene3863"	"Gene3863"	2.18156793570981	1	2.18156793570981	0.974492258231114	1.33702723078936	1	1
"Gene3864"	"Gene3864"	2.69390203533608	1	2.69390203533608	0.490849607829122	1.96769230233047	1	0.954403578931728
"Gene3865"	"Gene3865"	2.13168384243841	1	2.13168384243841	0.976555429161146	0.921917305367381	1	1
"Gene3866"	"Gene3866"	0.557019132392598	1	0.557019132392598	0.585168891132173	1.09810985370302	1	1
"Gene3867"	"Gene3867"	1.50126845975115	1	1.50126845975115	1.46930249782984	0.453787203697998	1	1
"Gene3868"	"Gene3868"	8.78100576357528	1	8.78100576357528	1.01584860251519	1.52909046520291	1	1.30277405548747
"Gene3869"	"Gene3869"	0.729993466818781	1	0.729993466818781	2.17727837022601	0.951950325563721	1	1
"Gene3870"	"Gene3870"	4.97364366868526	1	4.97364366868526	0.796460927251249	0.493216682253245	1	1
"Gene3871"	"Gene3871"	0.762811064538305	1	0.762811064538305	1.9076654795904	1.27481384029448	1	1
"Gene3872"	"Gene3872"	0.496247203865913	1	0.496247203865913	0.76605277711896	0.923692452279664	1	1
"Gene3873"	"Gene3873"	1.8110055699381	1	1.8110055699381	0.442965718137365	1.25450206590613	1	1
"Gene3874"	"Gene3874"	1.0314169814404	1	1.0314169814404	1.51786305730274	1.0318283255928	1	1
"Gene3875"	"Gene3875"	3.85022461865018	1	3.85022461865018	0.508771053623809	0.457409052703397	1	1
"Gene3876"	"Gene3876"	0.427328586984602	1	0.427328586984602	1.90200456642131	0.594688098834419	1	1
"Gene3877"	"Gene3877"	4.48105850907874	1	4.48105850907874	1.6628929037782	0.860408086437686	1	1
"Gene3878"	"Gene3878"	0.966068445697522	1	0.966068445697522	0.67362453095061	2.58247395788981	1.23936669146843	1
"Gene3879"	"Gene3879"	0.424107717217377	1	0.424107717217377	0.650003322316837	0.425673208664637	1	1
"Gene3880"	"Gene3880"	1.05055053422056	1	1.05055053422056	0.30413391953355	1.06448571967387	1	1
"Gene3881"	"Gene3881"	0.599105210983021	1	0.599105210983021	1.04865652123827	0.966370755151812	1	1
"Gene3882"	"Gene3882"	1.08277877551798	1	1.08277877551798	0.798697599407754	0.714752373952844	1	1
"Gene3883"	"Gene3883"	7.75151597308587	1	7.75151597308587	0.787020468623662	0.336535177930288	1	1
"Gene3884"	"Gene3884"	1.47364970386462	101.922989101719	114.813804450951	1.38515109849702	0.46055599396532	1	1
"Gene3885"	"Gene3885"	3.08481874731063	1	3.08481874731063	0.897958305902707	0.57494951175382	1	1
"Gene3886"	"Gene3886"	0.338504313695421	1	0.338504313695421	1.22495107773406	3.9670635941986	1	1
"Gene3887"	"Gene3887"	0.294800769158454	1	0.294800769158454	0.589731041159523	0.862090484424347	1	1
"Gene3888"	"Gene3888"	5.6167899023954	1	5.6167899023954	0.496070032134608	1.6715855770423	1	1
"Gene3889"	"Gene3889"	0.118915960009026	52.7419050117396	59.4124919388413	1.21217843847889	1.42722505141908	1	1
"Gene3890"	"Gene3890"	0.734710520515249	1	0.734710520515249	0.802055019139932	1.06231462674725	0.876273513712696	1
"Gene3891"	"Gene3891"	1.77835237881261	1	1.77835237881261	0.905031276895834	2.05633535977118	1	1
"Gene3893"	"Gene3893"	0.0510465354721674	90.3198270034951	101.74312043845	0.830171722135523	0.842258944709981	1.20518846718142	1
"Gene3894"	"Gene3894"	0.110883642581665	1	0.110883642581665	0.618670091355384	1.10592718649443	1	1
"Gene3896"	"Gene3896"	0.345282585283423	1	0.345282585283423	0.806369410908139	1.90857279109946	1	1
"Gene3897"	"Gene3897"	4.03287716849004	1	4.03287716849004	2.01535601384686	0.516820754565836	0.996226164733975	1
"Gene3898"	"Gene3898"	4.49873564538689	1	4.49873564538689	0.784378142907322	0.456356541936093	1	1
"Gene3899"	"Gene3899"	0.541612841619399	1	0.541612841619399	1.37302382636903	1.83367884202654	1	1
"Gene3900"	"Gene3900"	2.82347680652151	1	2.82347680652151	1.73366934204101	0.55325597005946	1	1
"Gene3901"	"Gene3901"	7.15899951882028	1	7.15899951882028	1.66044072981873	1.28129219858843	1	1
"Gene3902"	"Gene3902"	0.10937140269104	1	0.10937140269104	2.14713824622351	1.32655364860763	1	1
"Gene3903"	"Gene3903"	0.874499026848437	1	0.874499026848437	0.910776441742883	1.61803119245331	1	1.24946205554668
"Gene3904"	"Gene3904"	0.855633425908713	1	0.855633425908713	2.30844568152098	0.715033915443057	1.18823201677624	1
"Gene3905"	"Gene3905"	0.319000797798085	1	0.319000797798085	1.33673197940593	0.847391043044157	1	1
"Gene3906"	"Gene3906"	1.01556631606589	1	1.01556631606589	1.0014060265431	0.484789851297415	0.883897480188714	1
"Gene3907"	"Gene3907"	0.785200069542055	1	0.785200069542055	0.437031870014469	1.32791175956119	1	1
"Gene3908"	"Gene3908"	0.152273063733045	1	0.152273063733045	2.11244200030277	0.792012666992529	1	1.21545767689517
"Gene3910"	"Gene3910"	2.05637179747261	1	2.05637179747261	1.65134572169029	0.507221819518917	1	1
"Gene3911"	"Gene3911"	0.505706816640669	1	0.505706816640669	1.90891529123961	1.90038961507236	1	1
"Gene3912"	"Gene3912"	0.0986165307346043	1	0.0986165307346043	1.11895936541884	1.53516089889522	1.09049909613147	1
"Gene3913"	"Gene3913"	1.11040666811164	1	1.11040666811164	1.38953315174574	0.303287436103243	1	1
"Gene3914"	"Gene3914"	0.88262272322829	1	0.88262272322829	1.23693630801791	1.74597597585441	1	1
"Gene3915"	"Gene3915"	1.37491890439602	1	1.37491890439602	1.56606735683213	0.646475672728233	1	1
"Gene3916"	"Gene3916"	1.52149386667347	1	1.52149386667347	2.52016395610627	1.7178768151763	1	1
"Gene3917"	"Gene3917"	5.56786973372345	1	5.56786973372345	0.872759695778543	0.511802906468392	1	1
"Gene3918"	"Gene3918"	2.44718506407438	1	2.44718506407438	1.81730987477716	1.00885259313662	1	1
"Gene3919"	"Gene3919"	1.29462088563422	1	1.29462088563422	1.52550213362159	0.603619544939315	1	1
"Gene3920"	"Gene3920"	4.11434734954788	1	4.11434734954788	2.06673360699185	1.45553771463714	1	1
"Gene3921"	"Gene3921"	1.22311104026199	1	1.22311104026199	1.78532796664159	1.8467886869824	1	1
"Gene3922"	"Gene3922"	4.47799541590039	1	4.47799541590039	0.555813416290335	1.28091125791997	1	1
"Gene3923"	"Gene3923"	1.56166601204558	1	1.56166601204558	2.24637623391906	0.984671127207092	1	1
"Gene3924"	"Gene3924"	0.961674684964511	1	0.961674684964511	0.486656756453754	1.23576165111681	1	1
"Gene3925"	"Gene3925"	5.82737727606354	1	5.82737727606354	1.00325811568024	0.695076384837946	1	1
"Gene3926"	"Gene3926"	0.848927885502783	1	0.848927885502783	0.646829569828897	1.0079940271481	1	1
"Gene3927"	"Gene3927"	0.333839693777597	1	0.333839693777597	1.40007322063388	0.559857797674465	1	1
"Gene3929"	"Gene3929"	4.36070632729666	1	4.36070632729666	0.295137329625623	0.553840115617772	1	1
"Gene3930"	"Gene3930"	0.825639229837417	1	0.825639229837417	1.28452957615452	2.31144642919773	1	1
"Gene3931"	"Gene3931"	8.78740888713967	1	8.78740888713967	1.06798869215111	1.60453650619596	1	1
"Gene3932"	"Gene3932"	4.7922755961163	1	4.7922755961163	0.379576727143319	0.862825511092938	1	1
"Gene3933"	"Gene3933"	0.16941094086257	1	0.16941094086257	1.00533370430528	0.618781656461154	1	1
"Gene3935"	"Gene3935"	2.45231762738568	49.1806646882953	55.400840066164	0.838819229087657	0.378236990743579	1	1
"Gene3936"	"Gene3936"	2.04161994313654	1	2.04161994313654	1.29461202420119	0.521485656741629	1	0.839162645453955
"Gene3937"	"Gene3937"	2.15146571734617	1	2.15146571734617	1.03510506483648	0.219736513704272	1	1
"Gene3938"	"Gene3938"	0.891975663453604	1	0.891975663453604	0.476416136991247	1.17636812783506	1	1
"Gene3939"	"Gene3939"	3.25041420347839	1	3.25041420347839	1.47924367969739	1.14843269146251	1	1
"Gene3940"	"Gene3940"	2.74415535898884	1	2.74415535898884	1.10724105134359	1.19780591305495	1	1
"Gene3941"	"Gene3941"	1.40495909464732	1	1.40495909464732	0.297804029399772	0.914399213715251	1	1.19126848134128
"Gene3942"	"Gene3942"	0.164762705927079	1	0.164762705927079	0.576752130326106	1.08031850163721	1	1.19065025572044
"Gene3943"	"Gene3943"	1.10843827957653	1	1.10843827957653	0.558796879538837	0.765456564347402	1	1
"Gene3944"	"Gene3944"	0.582440039735049	1	0.582440039735049	1.41711305330189	0.781670407031315	1	1
"Gene3945"	"Gene3945"	0.272155844741293	1	0.272155844741293	1.19549205105298	0.848555920904465	1	1
"Gene3947"	"Gene3947"	1.3503377625926	1	1.3503377625926	2.23273668701451	0.377150007705673	1	1
"Gene3948"	"Gene3948"	2.52949135314752	1	2.52949135314752	2.34021825892794	0.593795731773282	1	1
"Gene3949"	"Gene3949"	0.215063946631813	1	0.215063946631813	1.27099733148911	0.547664826453234	1	1
"Gene3950"	"Gene3950"	1.22146329578085	1	1.22146329578085	1.47286803221737	1.16575150318484	1.15582589980965	1.37951366037698
"Gene3951"	"Gene3951"	1.16296018140519	1	1.16296018140519	2.35433700290906	0.571212989688993	1	1
"Gene3952"	"Gene3952"	0.0748050811158946	1	0.0748050811158946	2.07994035811319	1.20514304879619	1	1
"Gene3953"	"Gene3953"	0.201187769680193	1	0.201187769680193	0.693177830402214	0.767151025126943	1	1
"Gene3954"	"Gene3954"	0.43605154032034	1	0.43605154032034	0.87420256252209	0.592877054113937	1	1
"Gene3955"	"Gene3955"	1.4462317690685	1	1.4462317690685	0.867343007684959	1.77610580421095	1	1.14378871451432
"Gene3956"	"Gene3956"	0.394927175603272	1	0.394927175603272	2.14826149272476	1.6817550141562	1	0.837284808004141
"Gene3957"	"Gene3957"	0.706709087836221	1	0.706709087836221	0.516017786845649	0.724170330160647	1	1
"Gene3958"	"Gene3958"	4.84974241555102	1	4.84974241555102	0.571199955729813	1.26736724916437	1	1
"Gene3959"	"Gene3959"	0.182393193508352	1	0.182393193508352	0.440754853522555	0.584900694448402	0.953235140922422	1
"Gene3960"	"Gene3960"	1.92967217360483	1	1.92967217360483	1.63399643074182	2.47960118530121	1	1
"Gene3962"	"Gene3962"	0.153111473130677	1	0.153111473130677	1.49504197372007	1.03096683840832	1	1
"Gene3963"	"Gene3963"	1.46957134250693	1	1.46957134250693	0.517216768715568	0.548689356364463	1	1
"Gene3965"	"Gene3965"	2.16803792273914	1	2.16803792273914	0.567761982603383	1.15230619861339	1	1
"Gene3966"	"Gene3966"	2.45700414184028	36.3607004518923	40.9594576079083	1.028291579826	0.952168195560344	1	1
"Gene3967"	"Gene3967"	0.18015001523018	1	0.18015001523018	0.748356281444189	1.00500216384248	1	1
"Gene3968"	"Gene3968"	1.92253990122694	1	1.92253990122694	0.693747809325784	2.6442429261204	1	1
"Gene3969"	"Gene3969"	0.311066981526364	1	0.311066981526364	1.3741122994937	2.23030044409325	1	1
"Gene3970"	"Gene3970"	0.144380955072243	1	0.144380955072243	0.503071956843799	0.806860351437586	1.00314224681908	1
"Gene3971"	"Gene3971"	0.203089860114075	1	0.203089860114075	0.703850824217611	1.18485847160284	1	1
"Gene3972"	"Gene3972"	14.4014659301101	1	14.4014659301101	2.69217909105339	0.853742348760414	1	1.21595160309564
"Gene3973"	"Gene3973"	5.21407733502694	40.5541163482557	45.6832401122271	1.54896167020157	1.89937473837317	1	1
"Gene3974"	"Gene3974"	0.371310406596804	1	0.371310406596804	1.0139104249696	2.21292034274808	1	1
"Gene3975"	"Gene3975"	0.156313803480879	1	0.156313803480879	1.0508833870565	0.883044767727947	1.17577440228463	1
"Gene3976"	"Gene3976"	0.140238263384221	1	0.140238263384221	0.658877663537599	0.55411122089212	1	1
"Gene3978"	"Gene3978"	3.07918463782596	1	3.07918463782596	0.664875163967851	1.12350462683696	1	1
"Gene3979"	"Gene3979"	0.703265881096744	1	0.703265881096744	0.42926424146252	0.549301685369691	1	1
"Gene3980"	"Gene3980"	1.6439141312542	1	1.6439141312542	1.92557858420907	0.644620197925278	1	1
"Gene3982"	"Gene3982"	1.6595460434336	1	1.6595460434336	1.31630194277085	0.732861758194928	1	1
"Gene3983"	"Gene3983"	0.684478499946989	1	0.684478499946989	1.43932299273225	0.84635108469733	1	1
"Gene3984"	"Gene3984"	0.260349871967194	1	0.260349871967194	1.63834115077699	1.3520448468102	1	1
"Gene3985"	"Gene3985"	0.175884822035811	1	0.175884822035811	3.51720284250599	1.15417506396379	1	1
"Gene3986"	"Gene3986"	10.381522030026	1	10.381522030026	1.56554656297039	0.674499085452966	1	1
"Gene3987"	"Gene3987"	3.03122568906974	1	3.03122568906974	0.283394319938724	0.638702301199327	1.13141936589438	1
"Gene3988"	"Gene3988"	0.839729625695593	1	0.839729625695593	1.42752190549189	0.226336389737575	1	1
"Gene3989"	"Gene3989"	3.34328580244461	1	3.34328580244461	0.602277290940699	0.751955867866587	1	1
"Gene3990"	"Gene3990"	2.25715696622239	1	2.25715696622239	1.73689428615621	0.85883487353936	1	1
"Gene3991"	"Gene3991"	6.2681799201273	1	6.2681799201273	0.795656307072405	1.31632354533279	1	1
"Gene3992"	"Gene3992"	4.28994927511202	1	4.28994927511202	0.425821891987702	0.318887309165926	1	1
"Gene3993"	"Gene3993"	0.209913536430631	1	0.209913536430631	3.44875786668678	0.960747219388699	1	1
"Gene3995"	"Gene3995"	0.355303796505296	1	0.355303796505296	1.2242995696111	0.475424463161927	1	0.837680494995806
"Gene3997"	"Gene3997"	2.12369150016862	1	2.12369150016862	0.267256600377474	0.54382788365855	1	1
"Gene3998"	"Gene3998"	1.01245415632266	1	1.01245415632266	0.676216980912711	0.984367600586268	1	1
"Gene3999"	"Gene3999"	0.725971116971491	1	0.725971116971491	0.877712325239647	1.23065659992024	1	1
"Gene4000"	"Gene4000"	0.460019787627475	1	0.460019787627475	1.45137222522197	0.557459459485196	1	1
"Gene4001"	"Gene4001"	2.90757127026338	1	2.90757127026338	0.46346691802191	1.26136749122921	1	1
"Gene4002"	"Gene4002"	15.7644031381249	1	15.7644031381249	0.916673180102777	0.999436456058524	1	1
"Gene4003"	"Gene4003"	5.40627958739623	1	5.40627958739623	1.32841433992967	1.93647588226962	1	1.03601024346978
"Gene4004"	"Gene4004"	3.84286297889064	1	3.84286297889064	0.922099832414603	0.660177121717838	1	1
"Gene4005"	"Gene4005"	3.79221293512728	1	3.79221293512728	0.342347848499597	1.46923724736043	1	1
"Gene4006"	"Gene4006"	6.99244588998198	1	6.99244588998198	0.216731336731985	2.01111696046234	1	1
"Gene4007"	"Gene4007"	0.189313374550839	1	0.189313374550839	0.743998070084932	0.477409266582595	1	1
"Gene4008"	"Gene4008"	2.04210996905612	1	2.04210996905612	0.75821798102883	0.429265858057804	1	1.10411623403573
"Gene4009"	"Gene4009"	0.566768492745684	1	0.566768492745684	2.21152525624568	0.581050829113434	1	1
"Gene4010"	"Gene4010"	1.99334342251073	1	1.99334342251073	0.562935239745965	1.51413483645158	1	1
"Gene4011"	"Gene4011"	0.288295072369383	1	0.288295072369383	0.646902151590047	0.799640064649268	1	1
"Gene4012"	"Gene4012"	2.6300942694374	1	2.6300942694374	0.885931412429856	0.456061060273727	1.10131208488334	1
"Gene4013"	"Gene4013"	1.33930311762518	1	1.33930311762518	2.41788553023906	0.868510298128193	1	1
"Gene4014"	"Gene4014"	2.79575804656832	1	2.79575804656832	2.26424637683783	0.537191811547164	1	1
"Gene4015"	"Gene4015"	0.932508218066282	1	0.932508218066282	2.36727130794759	0.552942763157526	0.977720123997849	1
"Gene4016"	"Gene4016"	0.509422423025951	1	0.509422423025951	0.369154057760567	1.37217627227098	1	1
"Gene4018"	"Gene4018"	7.49364991642416	1	7.49364991642416	1.39760632888708	1.05447716019673	1	1
"Gene4019"	"Gene4019"	0.357151894499886	1	0.357151894499886	1.90660059244597	0.512836066551741	1	1
"Gene4020"	"Gene4020"	1.96940670278766	1	1.96940670278766	1.45316184048562	0.475469739195945	1	1
"Gene4021"	"Gene4021"	0.848835820099259	1	0.848835820099259	0.520241188326545	0.622627350514763	1	1
"Gene4022"	"Gene4022"	0.406562398351833	1	0.406562398351833	0.537255635479067	0.466436923545582	1	1
"Gene4023"	"Gene4023"	3.09034429578201	1	3.09034429578201	1.0328884883982	1.69394940294653	1.17244561001516	0.94734879518217
"Gene4026"	"Gene4026"	1.7271820676806	1	1.7271820676806	1.70953550746543	1.22339629485355	0.839853694818184	1
"Gene4027"	"Gene4027"	1.33748430097161	1	1.33748430097161	1.97960659307171	0.556952209650451	1	1
"Gene4028"	"Gene4028"	0.331508301146969	1	0.331508301146969	1.15475069822825	1.88893234613944	1	1
"Gene4029"	"Gene4029"	0.609764067310904	1	0.609764067310904	0.794747506568752	0.569057791597684	1	1
"Gene4030"	"Gene4030"	2.31100015838464	1	2.31100015838464	0.675420651155899	0.521006462579436	1	1
"Gene4031"	"Gene4031"	1.69813938580212	1	1.69813938580212	1.31247829898073	3.62378399187676	1	1.1900047080745
"Gene4032"	"Gene4032"	2.19567650385974	1	2.19567650385974	1.01312396788396	0.441568824375168	1	1
"Gene4033"	"Gene4033"	1.22002971429206	1	1.22002971429206	0.478122429735578	1.06699579281523	1	1
"Gene4035"	"Gene4035"	1.23242157291083	1	1.23242157291083	1.20857882184165	0.715288734994262	1	1
"Gene4037"	"Gene4037"	0.485612205043293	1	0.485612205043293	0.666014902484816	1.85032057653834	1	1
"Gene4038"	"Gene4038"	2.64231330257971	1	2.64231330257971	2.44803122259547	0.33758209754597	0.945804782036265	1
"Gene4039"	"Gene4039"	0.0530181654164873	1	0.0530181654164873	2.36444955662903	2.27585321480258	1.12929594159414	1
"Gene4040"	"Gene4040"	0.449995538215637	1	0.449995538215637	0.877123398718235	0.456616482890274	1	1
"Gene4041"	"Gene4041"	0.461891118574774	1	0.461891118574774	0.647019091499389	0.944128185261818	1	1
"Gene4042"	"Gene4042"	9.34453854370436	1	9.34453854370436	1.15775897418415	1.0019970836598	1	1
"Gene4043"	"Gene4043"	1.62901900513868	1	1.62901900513868	1.56878380210467	0.724680217603418	1	1.05156276811188
"Gene4045"	"Gene4045"	7.49858370368062	1	7.49858370368062	1.80854089016264	1.83980771653184	1	1
"Gene4046"	"Gene4046"	0.458177309562706	1	0.458177309562706	0.977772223426845	0.486970718128241	1	1
"Gene4047"	"Gene4047"	0.503172887133819	1	0.503172887133819	2.65729917333429	1.57495443082581	1	1
"Gene4048"	"Gene4048"	1.53044425116572	1	1.53044425116572	1.37096571290293	0.916027884289995	1	1
"Gene4049"	"Gene4049"	2.24214448930001	1	2.24214448930001	0.737437869464342	0.37658014247164	1	1
"Gene4050"	"Gene4050"	0.971318599903871	1	0.971318599903871	0.391969372931876	2.17867219083773	1	1
"Gene4052"	"Gene4052"	0.699556579607327	1	0.699556579607327	0.57666386611954	0.718872253899608	1	1
"Gene4053"	"Gene4053"	4.37130288539533	1	4.37130288539533	0.886996296969891	1.10650498027732	1	1
"Gene4055"	"Gene4055"	3.2156489563408	1	3.2156489563408	1.27901722724352	0.78251620465631	1	1
"Gene4056"	"Gene4056"	3.60067103895828	1	3.60067103895828	1.07666768919377	1.56715389919049	1.0145968209051	1
"Gene4057"	"Gene4057"	0.21705548858962	1	0.21705548858962	2.63100141225199	0.309510107041704	1	1
"Gene4058"	"Gene4058"	0.221696111982441	1	0.221696111982441	0.677471126663504	1.2073435130238	1	1
"Gene4059"	"Gene4059"	1.13186981467993	1	1.13186981467993	1.06098934606511	1.27768664692081	1.10435508516798	1
"Gene4060"	"Gene4060"	6.07777461657537	1	6.07777461657537	2.39966513305404	0.96807969144425	1.14228056647076	1
"Gene4061"	"Gene4061"	0.292727997408348	1	0.292727997408348	1.65574332674049	0.669596729025371	1	1
"Gene4063"	"Gene4063"	0.766515540152805	1	0.766515540152805	0.718843391436445	1.91298859861249	1	1
"Gene4064"	"Gene4064"	3.82897115817995	1	3.82897115817995	0.535420165289023	0.358480217344274	1	1
"Gene4065"	"Gene4065"	4.01664452802357	1	4.01664452802357	1.27879484366839	1.58024822774339	1	1
"Gene4066"	"Gene4066"	8.1238900377918	1	8.1238900377918	1.65714748995672	1.97479311411226	1.10855117166227	1.07927279207137
"Gene4067"	"Gene4067"	1.80469971079371	1	1.80469971079371	1.80194906994473	0.451300670068667	1	1
"Gene4068"	"Gene4068"	0.451344660766478	1	0.451344660766478	0.876908036396549	0.671425278032235	1	1
"Gene4069"	"Gene4069"	0.399809463670237	1	0.399809463670237	3.16477421924707	1.01551682183537	1	1
"Gene4070"	"Gene4070"	3.53988528690006	1	3.53988528690006	3.23333912507031	0.908644639270655	1	1
"Gene4071"	"Gene4071"	0.183194604815577	1	0.183194604815577	1.24475967693774	1.55153375588896	1	1
"Gene4072"	"Gene4072"	0.243807446885107	1	0.243807446885107	0.745336873708067	0.417185111292862	1	1
"Gene4073"	"Gene4073"	1.41082867611199	1	1.41082867611199	1.32103014923392	3.4594310475807	1	1
"Gene4074"	"Gene4074"	2.67498905503345	1	2.67498905503345	1.75056864736791	2.69262046601528	1	1
"Gene4075"	"Gene4075"	2.54757760659088	1	2.54757760659088	1.33504707737043	1.48505741385875	1	1
"Gene4076"	"Gene4076"	0.183682337512561	1	0.183682337512561	1.99955444355243	1.71797275054171	1	1
"Gene4077"	"Gene4077"	0.195748325275388	1	0.195748325275388	1.74654907190627	0.862402633699717	1	1
"Gene4078"	"Gene4078"	2.96785562410295	1	2.96785562410295	0.746948632833795	1.12837931914176	1	1
"Gene4080"	"Gene4080"	0.0494243157990664	1	0.0494243157990664	1.85014888642469	2.29818403652248	1	1
"Gene4082"	"Gene4082"	9.33472325330228	1	9.33472325330228	1.78271611778242	2.2067397689818	1	1
"Gene4083"	"Gene4083"	0.0868677831719872	1	0.0868677831719872	0.556103063148849	0.946124838879186	1	1
"Gene4085"	"Gene4085"	0.120709144018992	1	0.120709144018992	1.43006262938439	1.40197402707464	0.797092056422073	1.02524206923199
"Gene4086"	"Gene4086"	2.88533512131397	1	2.88533512131397	0.812806300090112	1.51204453217654	1.22534943259454	1
"Gene4088"	"Gene4088"	0.165333507388763	1	0.165333507388763	1.25084287110299	1.24131171396699	1	1
"Gene4089"	"Gene4089"	1.84920145666027	1	1.84920145666027	0.929239196325795	1.48521102286455	1	1
"Gene4090"	"Gene4090"	2.45049528827307	1	2.45049528827307	0.520226831081726	0.854920093169089	1	1
"Gene4091"	"Gene4091"	12.319536847256	1	12.319536847256	2.43909254840652	1.02763156510453	0.987522551759686	1.09670449994192
"Gene4092"	"Gene4092"	0.391765459180051	1	0.391765459180051	1.466707512045	0.683053936802581	1	1
"Gene4093"	"Gene4093"	6.27980704497502	1	6.27980704497502	1.93649806879024	0.549487888030127	1	1.02513800064958
"Gene4094"	"Gene4094"	0.318282378723316	1	0.318282378723316	1.7272988153577	2.96010089178036	1	1
"Gene4095"	"Gene4095"	3.57924956398292	1	3.57924956398292	2.19378678457978	1.44704207360025	1	1
"Gene4096"	"Gene4096"	1.9978441053655	1	1.9978441053655	1.46781253010959	0.649044501537663	1	1
"Gene4097"	"Gene4097"	7.18080418336069	1	7.18080418336069	1.19212622570488	0.858325483450117	1	1
"Gene4098"	"Gene4098"	0.261294510604901	1	0.261294510604901	0.866708413698414	0.543848270267632	1	1
"Gene4100"	"Gene4100"	1.47455932434436	100.735093109068	113.475668085345	1.27815856170485	1.17367000411457	1	1
"Gene4101"	"Gene4101"	1.35895490569333	1	1.35895490569333	0.728004551200029	1.20490100134647	1	1
"Gene4102"	"Gene4102"	6.94588606522056	1	6.94588606522056	1.70178679894141	1.38637012650178	1	1
"Gene4103"	"Gene4103"	3.94424698861164	1	3.94424698861164	1.3476185560929	0.466472683734566	1	1
"Gene4104"	"Gene4104"	0.868415907846665	1	0.868415907846665	1.11279277394581	0.842873582466726	1	1
"Gene4106"	"Gene4106"	0.9512494377716	1	0.9512494377716	2.82427647744578	1.34131351411891	1	0.941552088925867
"Gene4108"	"Gene4108"	0.162806853617646	1	0.162806853617646	0.598126948745329	1.29227262561907	1	1.20878462434449
"Gene4109"	"Gene4109"	0.609693330009419	1	0.609693330009419	1.03155814661695	0.441686688086984	0.998144040201796	1
"Gene4110"	"Gene4110"	3.16501897817677	1	3.16501897817677	1.07768547149011	0.717546821304973	1	1
"Gene4111"	"Gene4111"	0.14591397566526	1	0.14591397566526	1.67739610962524	0.602194245021747	1	1
"Gene4112"	"Gene4112"	2.74466392047945	1	2.74466392047945	1.69382969815948	0.628119322800425	1	1
"Gene4113"	"Gene4113"	0.330244966253364	1	0.330244966253364	0.567630696855537	1.31948117144157	1	1
"Gene4114"	"Gene4114"	1.46193372349008	52.7789446058266	59.4542161538582	3.46588162139994	1.13878596152498	1	1.16450398431087
"Gene4115"	"Gene4115"	5.72104162831336	1	5.72104162831336	0.592731699603015	1.7812198932392	1	1.12004478533972
"Gene4116"	"Gene4116"	7.05932097813821	1	7.05932097813821	1.04003150537708	0.575776396706973	1	1
"Gene4117"	"Gene4117"	4.5763654636019	1	4.5763654636019	0.812275837191924	1.23551899557104	1.07506723367706	1
"Gene4118"	"Gene4118"	1.56232582562015	1	1.56232582562015	0.871471581358036	0.694014768188912	1	1
"Gene4119"	"Gene4119"	3.19490730232584	1	3.19490730232584	1.95139061615127	1.06687219389152	1	1
"Gene4120"	"Gene4120"	0.437964375621275	1	0.437964375621275	0.275275187654451	1.44961857720923	1	1
"Gene4121"	"Gene4121"	1.02883890578423	1	1.02883890578423	0.438175765135122	2.58592444991496	1	1
"Gene4122"	"Gene4122"	1.03426449966308	1	1.03426449966308	1.48105882457476	1.57868914562479	1	0.779911518366298
"Gene4123"	"Gene4123"	0.29221064224249	1	0.29221064224249	0.700574483772957	0.476339145474706	1	1
"Gene4124"	"Gene4124"	5.07588445979296	1	5.07588445979296	1.83259151756043	1.35625113082588	1	1
"Gene4125"	"Gene4125"	1.21641629281834	1	1.21641629281834	1.02441144117025	0.899466022878743	1	0.902880748654114
"Gene4126"	"Gene4126"	3.55395690210506	1	3.55395690210506	0.569777296897338	0.830839418932776	1	1.21374949801263
"Gene4127"	"Gene4127"	2.14052496324492	1	2.14052496324492	0.653020325925462	0.965842842461898	1	1
"Gene4128"	"Gene4128"	0.776389013722779	1	0.776389013722779	0.807127624730247	1.06722333042324	1	1
"Gene4129"	"Gene4129"	3.01635431101384	1	3.01635431101384	0.895334089909059	0.741672368236846	1.08635160104789	1
"Gene4130"	"Gene4130"	4.84732961500682	1	4.84732961500682	1.58293611445609	0.701309386150238	1	1
"Gene4131"	"Gene4131"	4.054452256035	1	4.054452256035	0.534488892575504	0.604945663112592	1	1
"Gene4132"	"Gene4132"	0.502673966606499	1	0.502673966606499	1.75540157591516	1.02597614051685	1	1
"Gene4133"	"Gene4133"	0.356670763727373	1	0.356670763727373	1.42328420258471	1.54880934486588	1	1
"Gene4134"	"Gene4134"	6.35985717748921	1	6.35985717748921	0.307815306852307	0.749407058979286	0.899947053908404	1
"Gene4135"	"Gene4135"	0.299389759030972	1	0.299389759030972	1.79901986150337	0.42996305594191	1.02419699755944	1
"Gene4136"	"Gene4136"	0.57204790494849	1	0.57204790494849	1.11122941704414	2.30189024134139	1	1
"Gene4137"	"Gene4137"	4.5214223692842	1	4.5214223692842	1.3303328944068	3.45348229824693	1	0.83091799653182
"Gene4138"	"Gene4138"	0.200974612677814	1	0.200974612677814	1.26997417299873	0.641593516347941	1	1
"Gene4139"	"Gene4139"	1.76157298949826	1	1.76157298949826	1.14984688320238	0.909905708661771	0.919273763392791	1
"Gene4140"	"Gene4140"	0.19896375451627	1	0.19896375451627	0.967717970057532	1.22966476018353	1	1
"Gene4141"	"Gene4141"	1.36481218295572	1	1.36481218295572	1.20940171354724	0.456293496850106	1	1
"Gene4142"	"Gene4142"	0.462911085665756	1	0.462911085665756	0.810933699118237	2.24718375282671	1	1
"Gene4143"	"Gene4143"	3.57679324520031	1	3.57679324520031	1.53042591053023	1.83274706266942	1	1
"Gene4144"	"Gene4144"	0.445233428490627	1	0.445233428490627	1.40068937294359	0.779646310241716	1	1
"Gene4145"	"Gene4145"	2.56951278536628	1	2.56951278536628	1.74590973750107	0.603847268065574	1	1
"Gene4146"	"Gene4146"	1.56721745537131	1	1.56721745537131	0.863547256401649	1.42027044000469	1	1
"Gene4147"	"Gene4147"	0.275846046505095	1	0.275846046505095	1.94982648658146	1.55586964868147	1	1
"Gene4148"	"Gene4148"	1.31096285226054	1	1.31096285226054	1.26035301099212	0.327452945235548	1	1
"Gene4149"	"Gene4149"	1.15042018370879	1	1.15042018370879	1.99646619024779	0.810693013651488	1	1.06032907279705
"Gene4150"	"Gene4150"	2.17513462703312	1	2.17513462703312	3.13927025026651	2.03733725343599	1	1
"Gene4151"	"Gene4151"	2.32527620741727	1	2.32527620741727	0.990236946021714	0.385085418992581	1	1
"Gene4152"	"Gene4152"	0.980516477581609	1	0.980516477581609	0.864330957016892	1.48785921683705	1	1
"Gene4153"	"Gene4153"	0.995805696749779	1	0.995805696749779	0.801466996727269	1.40442790060122	1	1
"Gene4154"	"Gene4154"	4.39064316595404	1	4.39064316595404	0.632259957470657	0.690760604878123	1	1
"Gene4157"	"Gene4157"	9.98060071359142	45.8713701234907	51.6729990522503	0.55282693934139	1.02156120162577	1	1
"Gene4158"	"Gene4158"	1.27151903505882	1	1.27151903505882	2.20686369362523	0.681507732886134	1	1
"Gene4159"	"Gene4159"	0.10894882512248	1	0.10894882512248	1.48239255062145	1.75511422334888	0.74629321583997	1.01067498489044
"Gene4160"	"Gene4160"	1.02305613693459	1	1.02305613693459	1.48071483063189	1.8810306464935	1	1
"Gene4162"	"Gene4162"	0.0496637412867168	99.8001304574258	112.422455066371	1.08860999056251	0.931585528834988	1	1
"Gene4163"	"Gene4163"	3.70493601743675	1	3.70493601743675	0.620781777509004	1.21952350082068	1	1
"Gene4164"	"Gene4164"	1.88169230742849	1	1.88169230742849	1.37429223944293	2.74787200465299	1	1
"Gene4165"	"Gene4165"	3.72278233233697	1	3.72278233233697	1.99681864526319	2.07629108730246	1	1
"Gene4166"	"Gene4166"	5.32163737678053	1	5.32163737678053	1.68346591942596	0.635222776732735	1	1
"Gene4167"	"Gene4167"	0.186961030376367	1	0.186961030376367	0.779503139023369	0.658186022211174	1	1
"Gene4168"	"Gene4168"	7.8266341715103	1	7.8266341715103	2.01312096432311	1.01318092919304	1	1
"Gene4169"	"Gene4169"	0.256088095390014	1	0.256088095390014	2.62172079127535	0.375485244502716	1	1
"Gene4170"	"Gene4170"	2.4548799904594	1	2.4548799904594	0.534207494826756	0.72567475090478	1	1
"Gene4171"	"Gene4171"	4.81991286841821	1	4.81991286841821	1.93434060989836	1.27899567903639	1	1
"Gene4172"	"Gene4172"	0.680716398364739	1	0.680716398364739	1.61673912980568	1.16211763308372	0.823448698530644	1
"Gene4173"	"Gene4173"	2.89131255358997	1	2.89131255358997	0.519210490094258	0.921850648282558	1	1
"Gene4174"	"Gene4174"	0.355087730675839	1	0.355087730675839	2.2200554426609	0.959963780254609	1	1
"Gene4175"	"Gene4175"	0.168497169893533	1	0.168497169893533	1.26611474493994	0.318629732102777	1	1
"Gene4176"	"Gene4176"	0.166770166329166	1	0.166770166329166	0.880799324426529	1.77832193577012	1	1
"Gene4177"	"Gene4177"	1.87116883107567	1	1.87116883107567	0.671620437056104	1.04133578206032	1	1
"Gene4178"	"Gene4178"	4.91109323884073	1	4.91109323884073	2.20050206731393	1.3129533794644	1	1.02760647701414
"Gene4179"	"Gene4179"	0.604020641353726	1	0.604020641353726	1.46117673083918	1.30870955772558	1	1
"Gene4180"	"Gene4180"	0.760528589921761	1	0.760528589921761	0.376143156583633	1.01910276137262	1	1
"Gene4182"	"Gene4182"	3.36654819387646	1	3.36654819387646	0.53346412581315	0.941673372623394	1	1.04342724339603
"Gene4183"	"Gene4183"	3.26651832515997	1	3.26651832515997	0.797653867460341	0.385480379883251	1	1
"Gene4184"	"Gene4184"	0.84303347875578	1	0.84303347875578	0.686090812005544	1.91883584282142	1.37168632128678	1
"Gene4185"	"Gene4185"	2.64230191662536	1	2.64230191662536	2.28012458084354	0.656520277910771	1	1
"Gene4186"	"Gene4186"	8.19279655444511	1	8.19279655444511	0.333869712813538	1.1446374249367	1	1
"Gene4187"	"Gene4187"	4.59190412804586	1	4.59190412804586	0.566527935719875	0.549084270930052	1	1
"Gene4188"	"Gene4188"	5.015487042109	1	5.015487042109	1.19665599549056	0.406179849977059	1	1
"Gene4189"	"Gene4189"	0.357819715004786	49.222164976564	55.4475891462679	1.58838809431196	0.476759252131317	1	1
"Gene4190"	"Gene4190"	0.322694663577356	1	0.322694663577356	0.6618328155768	1.98666339359524	1	1
"Gene4192"	"Gene4192"	0.372739522357623	1	0.372739522357623	0.74611780307829	0.869777839083125	1	1
"Gene4193"	"Gene4193"	1.75289947900393	1	1.75289947900393	0.849786668806507	0.534570329377458	1	1
"Gene4194"	"Gene4194"	0.569027569542052	1	0.569027569542052	0.990003975752519	2.00382537609825	1.10434006513181	1
"Gene4195"	"Gene4195"	0.843689136536659	1	0.843689136536659	0.601612850659294	1.18820900368811	1	1
"Gene4196"	"Gene4196"	0.793930393695345	1	0.793930393695345	1.72510361962825	0.799901681103985	1	1
"Gene4197"	"Gene4197"	0.741884108207112	1	0.741884108207112	0.812471475645288	0.646958188179949	1	1
"Gene4198"	"Gene4198"	1.75140012001825	1	1.75140012001825	0.811043751069209	0.591083436079003	1	1
"Gene4199"	"Gene4199"	5.91251176918668	41.7159982311796	46.9920722067018	0.51134629389004	2.41637894882515	1.02246653351813	1
"Gene4200"	"Gene4200"	1.59841016937446	1	1.59841016937446	1.06328531373209	2.60223994985024	1	1
"Gene4201"	"Gene4201"	4.32520791830847	1	4.32520791830847	0.780470883967408	0.985640120615563	1	1
"Gene4202"	"Gene4202"	11.3989602292493	1	11.3989602292493	0.519341021921673	1.27887921007745	1	1
"Gene4203"	"Gene4203"	0.671467499355425	1	0.671467499355425	1.05123613559423	0.398947875770243	1	1
"Gene4204"	"Gene4204"	2.06500694103723	1	2.06500694103723	1.04907165881871	1.64654959134301	1	1
"Gene4205"	"Gene4205"	0.937866787418124	1	0.937866787418124	0.851446517320464	1.02964790605332	1	1
"Gene4206"	"Gene4206"	1.32661435519771	1	1.32661435519771	2.13720055715304	1.64957682149264	1	1
"Gene4207"	"Gene4207"	0.263492436340721	1	0.263492436340721	0.570706559659352	1.05481994868375	1	1
"Gene4208"	"Gene4208"	0.307716312915193	1	0.307716312915193	1.27046447392903	1.13254539097322	1	1
"Gene4209"	"Gene4209"	6.9492479530762	1	6.9492479530762	0.592004069760154	1.34764875994618	1	1
"Gene4210"	"Gene4210"	1.63662601149347	1	1.63662601149347	1.14911964839003	1.28689526317041	1	1
"Gene4211"	"Gene4211"	0.10554651980706	1	0.10554651980706	2.35242487522088	1.4297976157016	1	1
"Gene4212"	"Gene4212"	0.193687099149523	1	0.193687099149523	3.29508351606936	2.52986175280756	1	1
"Gene4213"	"Gene4213"	0.115997188237733	1	0.115997188237733	2.4803816332355	1.77827522666678	1	1
"Gene4214"	"Gene4214"	3.71508684335369	1	3.71508684335369	1.83524225936531	1.20512914177763	1.08941203227974	1
"Gene4215"	"Gene4215"	2.22750271686793	1	2.22750271686793	1.39200548277866	0.388388569730864	1	1
"Gene4216"	"Gene4216"	0.837978892061066	1	0.837978892061066	0.374979038252295	0.597704486428712	1	1
"Gene4217"	"Gene4217"	4.1428780990133	1	4.1428780990133	3.14285135823867	2.21257211417321	1	1
"Gene4219"	"Gene4219"	0.967860666915062	1	0.967860666915062	0.789052944889487	1.38488240607885	0.850459782725018	1
"Gene4220"	"Gene4220"	0.70840261942123	1	0.70840261942123	0.691236277446966	1.27725762473429	1	1
"Gene4222"	"Gene4222"	1.40123058469418	1	1.40123058469418	0.406344257311471	1.47014601893893	1	1
"Gene4223"	"Gene4223"	0.104885480398114	1	0.104885480398114	1.3527503623273	3.86537651024808	1	1
"Gene4224"	"Gene4224"	6.89133543852483	1	6.89133543852483	1.31549552887189	0.607941656108654	1.06766911059281	1
"Gene4225"	"Gene4225"	13.163250243579	1	13.163250243579	1.46478491136735	0.612941024646617	1	1
"Gene4226"	"Gene4226"	3.64367534700091	1	3.64367534700091	0.475776007976	1.00562216388328	1.22496221331398	1
"Gene4227"	"Gene4227"	4.00571347720502	1	4.00571347720502	0.996980735377463	1.67366751704067	1	1
"Gene4228"	"Gene4228"	1.03505098987361	1	1.03505098987361	1.17547662080081	0.274661691227861	1	1.09254117361415
"Gene4229"	"Gene4229"	0.559399143354791	1	0.559399143354791	1.43175836667064	1.26946880220093	1	1
"Gene4230"	"Gene4230"	0.374393722917115	1	0.374393722917115	0.533927704334073	0.619239284234315	1	1
"Gene4231"	"Gene4231"	2.67283639822905	1	2.67283639822905	0.771452823517605	0.535729247396041	1	1
"Gene4232"	"Gene4232"	2.01595147595483	1	2.01595147595483	0.748053298885229	1.68827246383645	1	1
"Gene4233"	"Gene4233"	0.570680516275507	1	0.570680516275507	0.726904170804225	2.25388401925276	1	1.05550391051436
"Gene4234"	"Gene4234"	0.162521926715158	1	0.162521926715158	1.52555197255194	0.755557446768735	1	1
"Gene4235"	"Gene4235"	0.611049313455234	1	0.611049313455234	0.400254919597475	0.580077383289098	1	1.07031443387456
"Gene4236"	"Gene4236"	1.60616819226717	1	1.60616819226717	1.08118009279312	0.976793122636005	1	1
"Gene4237"	"Gene4237"	9.66120348089569	1	9.66120348089569	0.536074422449003	2.04837470375519	1	1
"Gene4238"	"Gene4238"	1.40903555662934	1	1.40903555662934	0.716429046816907	0.874607290756551	1	1
"Gene4239"	"Gene4239"	0.118549371125539	1	0.118549371125539	1.91410402467867	0.77890419882282	1	1
"Gene4240"	"Gene4240"	0.936870306688807	1	0.936870306688807	1.24080781575787	2.48573660276071	1	1
"Gene4241"	"Gene4241"	3.12520183241899	1	3.12520183241899	0.73600203390331	1.30869196952665	1	1
"Gene4242"	"Gene4242"	0.554048986451015	52.6690062813664	59.3303732662281	2.89669125828454	0.501682410976423	1	1
"Gene4243"	"Gene4243"	5.548001948556	48.677468990841	54.8340021729933	0.883818294681631	0.694495474416664	1	0.980117184377925
"Gene4244"	"Gene4244"	1.28844347085356	1	1.28844347085356	1.37152699601438	0.927686531140069	0.863486871807485	1
"Gene4245"	"Gene4245"	0.613144837259163	1	0.613144837259163	1.43505361503796	1.12421917707434	1.03080878997734	1
"Gene4246"	"Gene4246"	1.3776665299101	1	1.3776665299101	0.438843799486376	0.6819760867247	1	1
"Gene4247"	"Gene4247"	1.42313740809269	1	1.42313740809269	0.789750563674093	0.89360350935608	1	1
"Gene4248"	"Gene4248"	0.391312059729378	1	0.391312059729378	0.748699456408672	1.26711116827964	1	1
"Gene4250"	"Gene4250"	4.83399275957038	1	4.83399275957038	0.452082751962926	0.516890331074047	1	1
"Gene4251"	"Gene4251"	1.1747127821847	1	1.1747127821847	0.482782384653412	0.482473487350409	0.935423218001773	1
"Gene4252"	"Gene4252"	0.464450281369092	1	0.464450281369092	1.11298199350762	0.558949814771148	1	1
"Gene4255"	"Gene4255"	0.754736250136971	1	0.754736250136971	0.230880730519932	1.91406406844206	1	1.15278238153366
"Gene4256"	"Gene4256"	1.12364233470255	1	1.12364233470255	1.64676633511774	0.507576135641563	1	1
"Gene4257"	"Gene4257"	0.157594941298872	1	0.157594941298872	2.87006530797812	1.01678197076904	1	1
"Gene4258"	"Gene4258"	4.70869099135561	1	4.70869099135561	1.63794209501179	0.539030789731251	1	1
"Gene4259"	"Gene4259"	0.379203122909549	1	0.379203122909549	1.52530924154097	1.46753223849544	1	1
"Gene4261"	"Gene4261"	0.645147834012658	1	0.645147834012658	0.827644441757774	0.294308034719032	1	1
"Gene4262"	"Gene4262"	0.487788589905239	1	0.487788589905239	0.841967096634482	1.57190925882899	1	1
"Gene4264"	"Gene4264"	2.4803107309362	1	2.4803107309362	3.23960091067066	0.97038369613388	1	1
"Gene4265"	"Gene4265"	0.838825723342827	1	0.838825723342827	1.09214066724135	0.441056598036557	1	1
"Gene4266"	"Gene4266"	0.973205587427102	17.2108730389164	19.3876359880713	2.7223158903825	0.663989381061208	1	1
"Gene4267"	"Gene4267"	0.585800176760528	1	0.585800176760528	1.34800005503532	1.14420482913758	1	1
"Gene4268"	"Gene4268"	2.0874702337626	1	2.0874702337626	0.483001663243771	1.57224882568113	1	1
"Gene4269"	"Gene4269"	1.19864814405818	1	1.19864814405818	2.69453739854671	0.407056163899596	1	1
"Gene4270"	"Gene4270"	6.65561390405233	1	6.65561390405233	1.38365746600585	0.436975757816583	1	1
"Gene4271"	"Gene4271"	5.53857624012955	1	5.53857624012955	2.02170302440237	1.19602832871262	1	1
"Gene4272"	"Gene4272"	0.679413076164822	1	0.679413076164822	0.419307602850119	0.624099491185473	1	1
"Gene4273"	"Gene4273"	5.68855711775455	1	5.68855711775455	0.771952283391963	0.376090236490856	1	1
"Gene4274"	"Gene4274"	0.292537404924072	1	0.292537404924072	1.37930602454626	1.51492549923747	1	1
"Gene4275"	"Gene4275"	7.88746047664294	1	7.88746047664294	0.789276162668348	0.838432845390732	1	1
"Gene4276"	"Gene4276"	4.50025890466978	1	4.50025890466978	0.416845266491509	1.89378420176981	1	1
"Gene4277"	"Gene4277"	0.693656974572736	1	0.693656974572736	1.55311335597635	0.619617139703618	1	1
"Gene4278"	"Gene4278"	2.27388905839605	1	2.27388905839605	1.23250352621841	0.670795808722207	1	1
"Gene4279"	"Gene4279"	1.83804283468293	1	1.83804283468293	0.471499005455117	0.511727719126903	1	1
"Gene4280"	"Gene4280"	2.16344933221169	1	2.16344933221169	0.660359807407434	0.837114233765659	1	1
"Gene4281"	"Gene4281"	2.04538734851821	1	2.04538734851821	0.972132688561775	0.813277319092139	1	1
"Gene4282"	"Gene4282"	2.47961702290128	1	2.47961702290128	1.20208420439586	0.912327823316228	1	1
"Gene4283"	"Gene4283"	1.35240882427316	1	1.35240882427316	1.12768368374977	1.61676131782533	1	1
"Gene4284"	"Gene4284"	3.30405195373602	1	3.30405195373602	1.45037337578605	1.16840775431599	1	1
"Gene4285"	"Gene4285"	0.396228563805427	1	0.396228563805427	1.24948740097626	1.05853301798048	1	1
"Gene4286"	"Gene4286"	0.259973532560132	63.5445959365712	71.5814643592818	3.07460365860152	1.17324306209122	1	1
"Gene4288"	"Gene4288"	0.314061531025516	1	0.314061531025516	0.718928015114519	1.20519393394775	1	1
"Gene4289"	"Gene4289"	0.224914190338087	1	0.224914190338087	0.48720403602039	0.368626235852652	1	1
"Gene4290"	"Gene4290"	0.309048395738422	1	0.309048395738422	0.739238310788711	1.80233359715936	1	1
"Gene4291"	"Gene4291"	0.058866005935056	1	0.058866005935056	2.61416454363946	2.51570256324312	1	1
"Gene4292"	"Gene4292"	1.06230069680459	1	1.06230069680459	1.38199486825284	2.06661254786396	1	1
"Gene4294"	"Gene4294"	1.0062191142536	1	1.0062191142536	0.799281211130639	0.384246805856115	1	1
"Gene4295"	"Gene4295"	0.810431185274402	1	0.810431185274402	1.79546437430425	2.20152455182865	1	1
"Gene4296"	"Gene4296"	1.64657926814296	1	1.64657926814296	1.01018742002134	1.12050872967428	1	1
"Gene4297"	"Gene4297"	0.225866892246838	1	0.225866892246838	1.60374178632795	0.727534102924685	1	1
"Gene4298"	"Gene4298"	0.816913443499166	1	0.816913443499166	0.786642980927656	1.26721274756663	1	1
"Gene4300"	"Gene4300"	1.30286024796254	1	1.30286024796254	0.396032820276291	2.71747285389672	1	1
"Gene4301"	"Gene4301"	0.794576243039452	1	0.794576243039452	0.718430425692374	2.58457573670533	1.22432954631809	0.879325737416795
"Gene4303"	"Gene4303"	2.39106286971837	1	2.39106286971837	1.29933130504963	1.69664024937163	1	1
"Gene4304"	"Gene4304"	1.42395437624618	1	1.42395437624618	0.61155997813878	1.74708673180172	1	1
"Gene4305"	"Gene4305"	5.07741808171017	1	5.07741808171017	1.29364531168969	0.486681130444109	1	0.936145656172864
"Gene4306"	"Gene4306"	1.69574681536522	1	1.69574681536522	0.412317694217998	0.614970422020007	1	1
"Gene4307"	"Gene4307"	2.77716803608533	1	2.77716803608533	2.17833416378716	2.25641949628839	1	1
"Gene4308"	"Gene4308"	5.60539517567385	1	5.60539517567385	1.62887849860546	0.612882209111269	1	0.734454777075328
"Gene4309"	"Gene4309"	0.343971204243386	1	0.343971204243386	2.14536717772994	1.92382596840568	1.04176106037784	1
"Gene4311"	"Gene4311"	1.52736682351016	1	1.52736682351016	1.49230010970647	0.592693704996232	1	1
"Gene4312"	"Gene4312"	0.971593253517905	1	0.971593253517905	1.93043699702921	0.958279491767434	1	1
"Gene4314"	"Gene4314"	0.135802851122115	39.291614506621	44.2610620458072	0.781560117649367	0.651093342005825	1	1
"Gene4315"	"Gene4315"	0.107401813041493	62.3898336366529	70.2806523044289	0.878906875260581	0.763280993754315	1	0.806288562145949
"Gene4316"	"Gene4316"	2.52422887276606	1	2.52422887276606	1.26713996739862	1.77096685328077	1	1
"Gene4317"	"Gene4317"	1.96536016076204	1	1.96536016076204	1.18951855053539	1.66979581336299	1	1
"Gene4318"	"Gene4318"	3.84209235643832	1	3.84209235643832	1.69920078408734	1.21029547062518	1	1
"Gene4319"	"Gene4319"	3.74141028194657	1	3.74141028194657	1.31661648231393	0.912309188294811	1	1
"Gene4320"	"Gene4320"	0.533704301167732	1	0.533704301167732	0.239420749310749	0.278718662440209	1	1
"Gene4321"	"Gene4321"	8.48051738423767	1	8.48051738423767	2.47884287077617	1.7345509824353	1	1
"Gene4322"	"Gene4322"	5.28699148570507	1	5.28699148570507	1.38700900229269	0.647186829334926	1	0.885030102176943
"Gene4323"	"Gene4323"	6.38775002950682	1	6.38775002950682	1.76421774953073	1.19678096021011	1	1
"Gene4324"	"Gene4324"	0.360498806645859	1	0.360498806645859	1.46316467194411	0.661436198906296	1	1
"Gene4327"	"Gene4327"	2.6428025732611	1	2.6428025732611	1.46463057888428	1.29606743385684	1	1
"Gene4328"	"Gene4328"	0.925066735907995	1	0.925066735907995	1.37935388628153	1.37605885439156	1.15547075491661	1
"Gene4329"	"Gene4329"	0.156023951273505	1	0.156023951273505	1.37584529659637	1.63841272783712	0.828683406380039	1
"Gene4331"	"Gene4331"	0.573593406905792	1	0.573593406905792	1.4591896796567	2.12353789636412	1	1
"Gene4332"	"Gene4332"	2.91936772066259	1	2.91936772066259	0.703350967802519	0.426541160208277	1	1
"Gene4333"	"Gene4333"	2.1467736617554	1	2.1467736617554	0.888152212393745	0.855718236935975	1	1
"Gene4334"	"Gene4334"	4.6341539356795	1	4.6341539356795	0.425688901273138	0.4698860529481	1	1
"Gene4337"	"Gene4337"	3.2181942795792	1	3.2181942795792	0.841198602803895	1.46372818710494	1	1
"Gene4338"	"Gene4338"	0.46570657383144	1	0.46570657383144	2.17131536590445	0.471981245809827	1	1
"Gene4339"	"Gene4339"	1.22720574680391	58.0539111664832	65.3963395601498	1.4991863436852	0.646778174022511	1	1
"Gene4342"	"Gene4342"	9.01657593537436	1	9.01657593537436	0.945373713028819	1.45196087487508	1	1
"Gene4344"	"Gene4344"	8.82948985501657	1	8.82948985501657	1.81318648083715	1.98894737851013	1	1
"Gene4346"	"Gene4346"	2.19511093686982	1	2.19511093686982	1.99647923655191	0.583916285031776	1	1
"Gene4347"	"Gene4347"	0.722267185649349	1	0.722267185649349	0.4703677756331	2.29886463101649	1	1
"Gene4348"	"Gene4348"	0.358575211176358	1	0.358575211176358	3.12872969787206	1.05353403855631	1	1
"Gene4349"	"Gene4349"	4.20520725080256	1	4.20520725080256	1.07455027698684	0.415332499979568	0.73817650915195	1
"Gene4350"	"Gene4350"	0.917799983960181	1	0.917799983960181	0.582736615575461	0.621955367094777	1	1
"Gene4352"	"Gene4352"	2.68746091441113	1	2.68746091441113	2.21588867281669	1.51753195082911	1	1
"Gene4354"	"Gene4354"	0.633203397514997	1	0.633203397514997	1.0368962081127	0.893973303601789	1	1.07636245214641
"Gene4355"	"Gene4355"	1.26407134094354	1	1.26407134094354	0.665555840817829	0.85978251923724	1	1
"Gene4356"	"Gene4356"	2.64343316598009	1	2.64343316598009	0.27941137920931	0.840671822592145	1	1
"Gene4357"	"Gene4357"	0.170690660864459	1	0.170690660864459	1.18615676630088	0.876982637462921	1	1
"Gene4358"	"Gene4358"	0.83676094751681	1	0.83676094751681	1.07185512136374	0.521810547897195	1.02259859925869	1
"Gene4359"	"Gene4359"	0.153221832029207	1	0.153221832029207	1.60958671825858	0.779510183400652	1	1
"Gene4360"	"Gene4360"	7.89247216572162	1	7.89247216572162	3.1489487043732	0.641232269631539	1	1
"Gene4361"	"Gene4361"	15.1966846327527	1	15.1966846327527	0.636558797598052	1.80025305275982	1	1
"Gene4362"	"Gene4362"	2.94522317949141	1	2.94522317949141	1.37246199588657	0.606499515208363	1	1
"Gene4363"	"Gene4363"	0.739981234804918	1	0.739981234804918	0.505576857070565	0.856941172637979	1	1
"Gene4365"	"Gene4365"	1.0822555732448	1	1.0822555732448	1.76634293265337	1.22021384571207	1	1
"Gene4366"	"Gene4366"	0.76512617594812	1	0.76512617594812	0.525145611263623	1.27784739375209	1	1.01249485699386
"Gene4367"	"Gene4367"	1.317433566122	1	1.317433566122	1.89756544059426	1.30591797177355	0.987145896245452	1
"Gene4368"	"Gene4368"	0.0911953277727321	1	0.0911953277727321	1.27125184344764	1.01026992674409	1	1.04239077230992
"Gene4369"	"Gene4369"	0.518378922689393	1	0.518378922689393	0.982313594284072	2.70294673920492	1	1
"Gene4370"	"Gene4370"	0.838666795035396	1	0.838666795035396	1.00745098097691	1.39267532751855	1	1
"Gene4371"	"Gene4371"	0.0509148988589122	1	0.0509148988589122	2.88903247981589	1.72393301710634	1	1
"Gene4373"	"Gene4373"	0.488120739303331	1	0.488120739303331	0.756504793579191	1.71104118106633	1	1
"Gene4375"	"Gene4375"	3.31239566627409	1	3.31239566627409	0.77794678633201	1.09393398318935	1	1
"Gene4376"	"Gene4376"	0.264508046507969	1	0.264508046507969	1.32745328140084	0.966369272458605	1.05216775845787	1
"Gene4378"	"Gene4378"	1.22658009306836	1	1.22658009306836	1.21839258835639	0.496449736137504	1	1
"Gene4380"	"Gene4380"	1.13130209563476	1	1.13130209563476	0.733585344361193	0.67880232588016	1	1
"Gene4381"	"Gene4381"	0.383822143281904	1	0.383822143281904	1.80476081544303	0.665724779229912	1	1
"Gene4382"	"Gene4382"	0.000692413615114379	58.9859694140099	66.4462808374962	0.812053797454543	1.0405882101623	1	1.17267971401729
"Gene4384"	"Gene4384"	0.0872681932406732	1	0.0872681932406732	0.405429654196531	0.955603731967722	1	1.26162132236192
"Gene4385"	"Gene4385"	0.0680201041978405	1	0.0680201041978405	2.15260144597249	1.47977220965226	1	0.928203162476161
"Gene4386"	"Gene4386"	0.694243622274291	1	0.694243622274291	0.992577517357252	0.537197139422398	1	1
"Gene4387"	"Gene4387"	0.110556283785791	1	0.110556283785791	2.17087188331003	0.763777023888193	1	1
"Gene4389"	"Gene4389"	2.31991068999952	1	2.31991068999952	0.794482441233395	0.480980297525322	1	1
"Gene4390"	"Gene4390"	0.273231544052934	1	0.273231544052934	0.960801689975829	0.724729689670492	1	1
"Gene4391"	"Gene4391"	5.26175283807587	1	5.26175283807587	0.6320114199067	2.93447592702306	1	1
"Gene4393"	"Gene4393"	7.99323085716041	1	7.99323085716041	0.426395973226369	0.981077909801373	1	1
"Gene4394"	"Gene4394"	1.31047040508026	1	1.31047040508026	0.457549470170756	0.823847622449535	1	1
"Gene4396"	"Gene4396"	2.09922176253472	1	2.09922176253472	1.19693420644999	0.391189270044087	1	1
"Gene4397"	"Gene4397"	1.56305750554343	1	1.56305750554343	0.850670654053103	0.912518696096472	1	1
"Gene4398"	"Gene4398"	1.47464679731717	1	1.47464679731717	0.71537906585941	1.4954636286745	1	1
"Gene4400"	"Gene4400"	0.153827301636301	1	0.153827301636301	1.16858713766304	1.46445853128986	1	1
"Gene4401"	"Gene4401"	0.498783573123955	1	0.498783573123955	1.61907889698464	0.574172307354157	1	1
"Gene4402"	"Gene4402"	5.73792726157781	1	5.73792726157781	0.741020904599655	1.16546669323507	1	1
"Gene4403"	"Gene4403"	5.13507767777902	1	5.13507767777902	2.38294832018078	1.17373708428769	1	1.00193305840951
"Gene4404"	"Gene4404"	1.36064877124865	1	1.36064877124865	1.25502569420857	2.45174387782131	1	1
"Gene4405"	"Gene4405"	0.867178296155271	1	0.867178296155271	1.24339159737729	0.753941084485752	1.22701347461127	1
"Gene4406"	"Gene4406"	0.901440207503442	1	0.901440207503442	0.332779376654414	0.821097818534017	1	1
"Gene4407"	"Gene4407"	2.9166821607296	1	2.9166821607296	1.57057472912229	1.23763248599578	1	1
"Gene4408"	"Gene4408"	0.614643180870605	1	0.614643180870605	2.16268594835574	0.574968945774441	1	0.874051649061667
"Gene4409"	"Gene4409"	0.693928031404047	69.6702812869306	78.4819020931311	0.963296672591517	0.599206643509316	1	1
"Gene4411"	"Gene4411"	4.57635075590925	1	4.57635075590925	0.564672374505582	1.43410786273862	1	0.942019121479466
"Gene4412"	"Gene4412"	8.80020205372667	1	8.80020205372667	1.15008627200821	2.65241271671797	1	1
"Gene4413"	"Gene4413"	2.06161263746784	1	2.06161263746784	0.825033567546322	1.24925649352284	1	1
"Gene4414"	"Gene4414"	0.0545607153133337	36.5776986618904	41.2039008907094	0.777892399287604	0.611937824091953	1.0837002854849	1
"Gene4415"	"Gene4415"	0.134834830185758	1	0.134834830185758	2.66391859607914	0.889940391794712	1	1
"Gene4416"	"Gene4416"	1.04665134918362	1	1.04665134918362	0.846078974892659	0.719106877787711	1	1
"Gene4417"	"Gene4417"	1.22471028215111	1	1.22471028215111	0.896075987910106	2.66576005006421	1	1
"Gene4419"	"Gene4419"	0.300945876953999	1	0.300945876953999	1.00648384284887	0.396265149736917	1	1
"Gene4420"	"Gene4420"	2.09183838819038	1	2.09183838819038	0.621413231878894	1.65280923271032	1	1
"Gene4421"	"Gene4421"	0.296946821537568	1	0.296946821537568	1.78836717554903	0.83385879558046	1	1
"Gene4422"	"Gene4422"	1.90515928895183	1	1.90515928895183	3.59967236443125	0.667259266376653	1	1
"Gene4423"	"Gene4423"	1.34449740619922	1	1.34449740619922	0.827137452788335	0.72937565611471	1	1
"Gene4425"	"Gene4425"	1.17724990062043	1	1.17724990062043	0.586133759058809	0.845961795379983	0.914994562144175	1
"Gene4426"	"Gene4426"	8.83617379153885	73.4719254022965	82.7643630756884	0.6720694028669	0.865989301764011	1	1
"Gene4427"	"Gene4427"	0.108424024488969	1	0.108424024488969	0.596921983012118	1.39055362555711	1	1
"Gene4428"	"Gene4428"	1.49349574373903	1	1.49349574373903	1.89611411027838	0.703287443969415	1	1
"Gene4429"	"Gene4429"	5.21697095549568	71.6437775818182	80.7049983708489	1.10230741389238	0.393151162736893	1	1
"Gene4430"	"Gene4430"	0.389306115244881	1	0.389306115244881	1.57092502016364	0.509494505081868	0.909983137101251	1
"Gene4431"	"Gene4431"	2.59209837241497	1	2.59209837241497	1.10821236173497	1.68920858525036	1	1
"Gene4432"	"Gene4432"	0.56041745120352	1	0.56041745120352	1.44191006379433	1.19809293317386	1	1
"Gene4433"	"Gene4433"	1.23464199010636	1	1.23464199010636	1.59957544004225	1.59103192381044	1	1
"Gene4434"	"Gene4434"	5.42384300033612	1	5.42384300033612	0.477399907730974	1.42301447004567	1	1
"Gene4435"	"Gene4435"	0.0958719011096889	1	0.0958719011096889	0.95048073153507	1.0238491814688	1	1
"Gene4436"	"Gene4436"	2.55646078240154	1	2.55646078240154	1.50462970899653	1.75037760356433	1	1
"Gene4437"	"Gene4437"	4.85645235557498	1	4.85645235557498	1.68078146026144	2.20335652848726	1	1
"Gene4438"	"Gene4438"	6.34922248343922	1	6.34922248343922	0.594938828474644	0.537266269712041	1	1
"Gene4439"	"Gene4439"	3.5139739723295	1	3.5139739723295	0.787708603416032	0.677873795151448	1	1
"Gene4440"	"Gene4440"	0.313295247653887	1	0.313295247653887	0.669032347358923	0.390543296314427	1	1
"Gene4441"	"Gene4441"	0.507430577567682	1	0.507430577567682	1.35067911161091	1.19942549880748	1	1
"Gene4442"	"Gene4442"	3.92118644801581	1	3.92118644801581	0.433524427254441	1.67430104951846	1	1
"Gene4443"	"Gene4443"	0.285952942006872	1	0.285952942006872	0.597441027137768	1.72020718977164	1	0.980209790784371
"Gene4444"	"Gene4444"	1.27905600243669	1	1.27905600243669	1.35594034914282	0.761236176058902	1	1.11376267253014
"Gene4445"	"Gene4445"	1.18924162678724	1	1.18924162678724	1.76331530579392	0.927858710025351	1	1
"Gene4446"	"Gene4446"	1.27244224352377	1	1.27244224352377	1.7542247160515	0.446034200276632	1	1
"Gene4447"	"Gene4447"	2.55539500528467	1	2.55539500528467	0.815067680917625	0.686697281439754	1	1
"Gene4448"	"Gene4448"	1.47808672980408	1	1.47808672980408	1.66644787567058	2.27412850902707	1	1
"Gene4449"	"Gene4449"	2.54414527489947	1	2.54414527489947	0.315921497414651	1.16357642881697	1	1
"Gene4450"	"Gene4450"	1.37514706672157	1	1.37514706672157	2.9911823526695	0.990529493940622	1	1
"Gene4451"	"Gene4451"	0.496095010771595	44.2501731611187	49.846759529109	1.28057620918506	0.68783282626642	1	1
"Gene4452"	"Gene4452"	1.11962050821506	1	1.11962050821506	1.29764127271452	0.690782497888133	1	1
"Gene4453"	"Gene4453"	6.62329250446147	75.2778144442558	84.7986537999989	1.43843072612315	1.87929370636546	1	1
"Gene4454"	"Gene4454"	0.335180343785074	1	0.335180343785074	0.587448494973644	0.628872527092708	1	1
"Gene4455"	"Gene4455"	1.01931559420723	1	1.01931559420723	1.19341686072034	1.39112611546474	1	1
"Gene4456"	"Gene4456"	0.79027382674392	1	0.79027382674392	0.466241835693155	1.57213527414529	1	1.00886080929818
"Gene4457"	"Gene4457"	0.407868550162048	19.3634573963696	21.8124706760939	2.14777034651365	1.05677000719681	1.09614550742114	1
"Gene4458"	"Gene4458"	0.113772781370936	1	0.113772781370936	1.02513988079807	1.20750997374209	1	1
"Gene4459"	"Gene4459"	1.30716390667859	1	1.30716390667859	1.42034732748213	1.28895349266081	1	1
"Gene4460"	"Gene4460"	0.280267299163065	1	0.280267299163065	0.905761832546789	0.54669131119908	1	1
"Gene4461"	"Gene4461"	0.0660451666123611	1	0.0660451666123611	1.24659084887259	0.736722593379193	1	1
"Gene4462"	"Gene4462"	1.20121169859847	106.31511121555	119.761424746886	2.81729739285725	2.2456638761602	1	1
"Gene4463"	"Gene4463"	1.94136597894739	1	1.94136597894739	0.401799994455019	1.01642839554112	1	1
"Gene4464"	"Gene4464"	7.29154473823433	1	7.29154473823433	2.70293079723494	0.607234169747073	1	1
"Gene4465"	"Gene4465"	8.84667036851999	1	8.84667036851999	0.953230970730211	0.314240601971014	1	1
"Gene4467"	"Gene4467"	0.569162084186805	1	0.569162084186805	2.11213072780454	0.909111815893317	1	1
"Gene4469"	"Gene4469"	0.716793932404196	1	0.716793932404196	0.496401901093123	0.887368394673087	1.10132203200405	1
"Gene4470"	"Gene4470"	0.942642339631855	1	0.942642339631855	5.53691145069958	0.461632526781634	1	1
"Gene4471"	"Gene4471"	2.75461194557774	1	2.75461194557774	1.98769043059474	0.961688526666285	1	1
"Gene4473"	"Gene4473"	5.77551875568701	1	5.77551875568701	0.911842648972337	0.488450019266194	1	1
"Gene4474"	"Gene4474"	1.42548710868872	1	1.42548710868872	0.86761327884455	0.558688233980915	1	1
"Gene4475"	"Gene4475"	0.397988934836268	1	0.397988934836268	0.822237374665035	0.710659548727583	1	1
"Gene4476"	"Gene4476"	1.35246498143581	1	1.35246498143581	0.631045952195488	0.873798368591759	1	1
"Gene4477"	"Gene4477"	0.178978355885472	1	0.178978355885472	1.17424427270472	2.84473055995753	1	1
"Gene4478"	"Gene4478"	1.00319253398019	1	1.00319253398019	0.618464888909268	3.13889266937348	1	1
"Gene4479"	"Gene4479"	0.398015864955715	1	0.398015864955715	2.1773077221308	1.13902234613719	1	0.918847549298673
"Gene4480"	"Gene4480"	0.424219389283337	1	0.424219389283337	1.31174529931228	1.46763725144077	1	1
"Gene4482"	"Gene4482"	0.439296866020302	1	0.439296866020302	1.87832038726864	0.631880855137742	1	1
"Gene4483"	"Gene4483"	8.17851845987255	1	8.17851845987255	0.531505006913804	0.825562602407501	1	1
"Gene4484"	"Gene4484"	2.41739496635986	1	2.41739496635986	1.66437754813539	2.01407849494663	1	1
"Gene4485"	"Gene4485"	6.15460564449798	1	6.15460564449798	2.35631769520722	2.71170625610259	1	1
"Gene4486"	"Gene4486"	3.08726307451875	1	3.08726307451875	0.651947280623627	0.895095464062777	1	1
"Gene4487"	"Gene4487"	0.658457873926867	1	0.658457873926867	0.632984237889626	1.10866053316653	1	1
"Gene4488"	"Gene4488"	5.4451945120496	1	5.4451945120496	2.94757372827937	2.36772887695095	1	1
"Gene4489"	"Gene4489"	8.69278898090603	1	8.69278898090603	0.783848933346648	0.268228095004773	1	1
"Gene4490"	"Gene4490"	1.15677916969574	1	1.15677916969574	2.18558813043133	1.55238595516008	1	1
"Gene4492"	"Gene4492"	1.15987305678782	1	1.15987305678782	0.615999142255845	0.62965989599305	1	1
"Gene4493"	"Gene4493"	0.299119770072905	1	0.299119770072905	0.868414901024913	1.34663901148289	1	1
"Gene4494"	"Gene4494"	0.210689177200632	1	0.210689177200632	0.883728552917384	1.02739460461483	1	1.00273487817314
"Gene4495"	"Gene4495"	0.432668180423423	1	0.432668180423423	0.771389970276397	1.76255737966322	1	1
"Gene4496"	"Gene4496"	5.76574499913955	1	5.76574499913955	0.770923455794691	1.49974603518284	1	1
"Gene4497"	"Gene4497"	0.331429097258302	1	0.331429097258302	1.45146985982817	0.736344389032964	1	1
"Gene4498"	"Gene4498"	0.559494360002112	1	0.559494360002112	1.13403898021558	1.76621693154621	1	1
"Gene4500"	"Gene4500"	0.901799628809158	1	0.901799628809158	0.58577415762792	1.30449838692462	1	1
"Gene4501"	"Gene4501"	1.38018107378951	1	1.38018107378951	0.666013052062698	2.1212960571484	1	1
"Gene4502"	"Gene4502"	1.08968362835095	1	1.08968362835095	0.694026216943174	0.381774212963317	1	1
"Gene4503"	"Gene4503"	2.92934376687142	1	2.92934376687142	2.38625688636702	1.64626282869826	1	1
"Gene4504"	"Gene4504"	3.16062974438109	1	3.16062974438109	2.0853258143107	0.734236153005355	1	1.31773344155121
"Gene4505"	"Gene4505"	0.427061659636373	95.393496783604	107.458487845902	1.06082088234917	2.05197323033908	1	1
"Gene4506"	"Gene4506"	2.36092675756293	1	2.36092675756293	1.7338971872882	0.558234765349801	1	1
"Gene4507"	"Gene4507"	0.580111657599417	1	0.580111657599417	2.22768804342349	2.6347878461417	1	1
"Gene4508"	"Gene4508"	2.20395650656923	1	2.20395650656923	0.946905648821694	1.88269777097375	1	1
"Gene4510"	"Gene4510"	0.568762146624687	97.7080054344644	110.065726369634	2.13837292300153	0.829321792698402	1	1
"Gene4511"	"Gene4511"	3.28855703101223	1	3.28855703101223	1.64707210707668	0.493555334666709	1	1
"Gene4512"	"Gene4512"	0.483381595328434	1	0.483381595328434	0.650466196027582	0.980840275136352	1	1
"Gene4513"	"Gene4513"	6.64877050536583	1	6.64877050536583	0.88537477864209	1.5910356060601	1	1.07945210673334
"Gene4514"	"Gene4514"	1.25332345694185	1	1.25332345694185	2.23446230687771	0.646226362707615	1.08577879745414	1
"Gene4515"	"Gene4515"	5.12831184518773	1	5.12831184518773	0.929315009621542	0.83348553703432	1	1
"Gene4517"	"Gene4517"	3.82565657490434	1	3.82565657490434	0.379200992059734	0.55380108687905	1.06266628641995	1
"Gene4518"	"Gene4518"	2.73135826769389	1	2.73135826769389	1.20059843665537	1.45796243846711	1	1
"Gene4519"	"Gene4519"	0.134415491116182	1	0.134415491116182	1.18468225355342	1.26872287471519	1	1
"Gene4520"	"Gene4520"	0.356180538288279	1	0.356180538288279	0.616956343541625	0.61361168101599	1	1
"Gene4521"	"Gene4521"	1.0839032568642	1	1.0839032568642	0.777834899278956	0.423636479711902	1	1
"Gene4522"	"Gene4522"	0.185323326412694	1	0.185323326412694	1.13757615115883	1.26531234917454	1	1
"Gene4523"	"Gene4523"	1.13808336468758	1	1.13808336468758	0.896512445868185	1.0026644405501	1	1
"Gene4524"	"Gene4524"	0.639740863585739	1	0.639740863585739	0.514838480275071	0.528987960232142	1	1
"Gene4525"	"Gene4525"	3.13313200037278	1	3.13313200037278	0.513829785007423	1.72939645091321	1	1.1233236903755
"Gene4526"	"Gene4526"	8.34444664418938	1	8.34444664418938	1.75673161768764	1.17189550358466	1	0.8874339600462
"Gene4527"	"Gene4527"	0.334016175020174	1	0.334016175020174	0.816606930858016	1.69685831771747	1	1
"Gene4528"	"Gene4528"	0.934681295020781	1	0.934681295020781	0.951488657761514	0.738602288568885	1	1
"Gene4529"	"Gene4529"	0.153154911253851	1	0.153154911253851	1.60702348892125	1.66958510223258	1	1
"Gene4530"	"Gene4530"	0.759550927951143	71.2805624245527	80.2958452013094	1.23687768569049	2.66685644326756	1	1.14192401019645
"Gene4531"	"Gene4531"	2.36247098708337	1	2.36247098708337	1.51370597066022	1.35346025310926	1	1
"Gene4532"	"Gene4532"	0.276448257302639	1	0.276448257302639	1.42409664931635	0.614317410152514	1	1
"Gene4534"	"Gene4534"	0.228871694691711	1	0.228871694691711	1.49867194994139	1.54328071484899	1	1
"Gene4535"	"Gene4535"	4.13172299084724	1	4.13172299084724	1.46424879477524	2.2679528162428	1	1
"Gene4536"	"Gene4536"	2.66408746296712	1	2.66408746296712	0.806711566504475	0.260290080123674	1	1.05021527093121
"Gene4537"	"Gene4537"	0.648867758949758	1	0.648867758949758	0.645650037709938	1.12807188696537	1	1
"Gene4538"	"Gene4538"	5.55357552221794	1	5.55357552221794	0.922675406826259	0.397723485588656	1	1
"Gene4539"	"Gene4539"	1.54132133944863	1	1.54132133944863	1.36498547204181	1.42849979636184	1	1
"Gene4540"	"Gene4540"	2.18028000621546	1	2.18028000621546	0.718915018508676	1.57747340294396	1	1
"Gene4541"	"Gene4541"	0.857514081163607	1	0.857514081163607	0.570162470314081	0.92164457615722	1	1
"Gene4542"	"Gene4542"	3.3535621306924	1	3.3535621306924	1.10439480506726	0.295814521236522	1	1
"Gene4543"	"Gene4543"	2.99945974553532	38.5190918777134	43.3908338192703	1.58245132563018	0.308559015076542	1	1
"Gene4544"	"Gene4544"	2.76570117815217	1	2.76570117815217	2.31795190451177	1.93444555472399	1	1
"Gene4546"	"Gene4546"	6.43516496963406	1	6.43516496963406	0.503097323103465	1.1440537276993	1	1
"Gene4548"	"Gene4548"	0.699198038751558	1	0.699198038751558	0.878581931425672	1.06302717832727	1	1
"Gene4550"	"Gene4550"	0.0656010021447773	67.0622992365719	75.5440728184948	2.37815575025225	1.91405221529933	1	1
"Gene4551"	"Gene4551"	1.39618872735564	1	1.39618872735564	1.01120251702043	2.1707487463655	1	1
"Gene4552"	"Gene4552"	0.878802571529634	1	0.878802571529634	1.78587835113352	0.978358965283577	1	1
"Gene4553"	"Gene4553"	8.25113967294998	1	8.25113967294998	0.419783274781669	2.03716144326895	1	1
"Gene4554"	"Gene4554"	7.39490710523666	1	7.39490710523666	1.3569932396387	0.943570716016809	1	1
"Gene4555"	"Gene4555"	4.32571558843621	1	4.32571558843621	0.710086638517742	1.88508970241438	1	1.10645969450653
"Gene4556"	"Gene4556"	0.619082186481945	1	0.619082186481945	0.725947770579336	0.46816041522478	1	1
"Gene4557"	"Gene4557"	0.353274835260997	1	0.353274835260997	1.99640800341546	1.85457178891631	1	1
"Gene4558"	"Gene4558"	0.977095735858391	94.2275326835891	106.145057231712	1.37592708871302	0.493075794189269	1	1
"Gene4559"	"Gene4559"	1.50566504885098	1	1.50566504885098	0.843488735146971	0.722939617118328	1	1
"Gene4560"	"Gene4560"	3.8464054185814	1	3.8464054185814	0.779664216267114	0.655881327873662	1	1
"Gene4561"	"Gene4561"	2.88183815087515	1	2.88183815087515	1.19872507310393	0.798989250390963	1	1
"Gene4562"	"Gene4562"	2.90342375969754	1	2.90342375969754	0.80800727704725	0.614516794449185	1	1
"Gene4563"	"Gene4563"	0.502787495715234	1	0.502787495715234	0.677931985187328	2.12874633309423	1	1
"Gene4564"	"Gene4564"	3.03732235688206	1	3.03732235688206	0.916142026130424	1.656851531362	1	1
"Gene4565"	"Gene4565"	0.0879045124520679	1	0.0879045124520679	0.852366365540385	2.02947228347516	1	1
"Gene4566"	"Gene4566"	2.36518712285063	1	2.36518712285063	1.02091511435869	0.51137447888323	1	1
"Gene4567"	"Gene4567"	3.77500509078238	1	3.77500509078238	0.604421856982737	1.03403098181073	1	1
"Gene4569"	"Gene4569"	5.73485381130853	1	5.73485381130853	0.51285673059182	2.0291795252659	1	1.27193517758069
"Gene4570"	"Gene4570"	1.38919564253035	1	1.38919564253035	1.39448227097806	0.705949099770748	1	1
"Gene4571"	"Gene4571"	4.46318447468875	1	4.46318447468875	1.23621255921999	1.17821633846378	1	1
"Gene4572"	"Gene4572"	1.16371567036127	1	1.16371567036127	0.531713959505048	1.09265216550873	1	1
"Gene4573"	"Gene4573"	3.17075547369223	1	3.17075547369223	1.1903051662571	1.34464461319767	1	1
"Gene4574"	"Gene4574"	0.490876199713976	1	0.490876199713976	0.428640190766883	1.21089358825208	1.07665015352045	1
"Gene4577"	"Gene4577"	2.19925282115121	1	2.19925282115121	2.07180740228245	0.702562426176966	1	1
"Gene4578"	"Gene4578"	7.43840204017657	1	7.43840204017657	1.21906899196041	1.28780748707013	1	1.20745429251298
"Gene4579"	"Gene4579"	2.7058505312851	1	2.7058505312851	1.18747416728741	0.506881976984714	1	1
"Gene4580"	"Gene4580"	1.52710386829846	1	1.52710386829846	0.639830707567675	0.431677793439651	1	1
"Gene4581"	"Gene4581"	1.32752779930672	1	1.32752779930672	1.00764830169835	0.641448692676561	1	1
"Gene4582"	"Gene4582"	0.668524446964954	1	0.668524446964954	0.258862558986506	1.36289016163163	1	1
"Gene4583"	"Gene4583"	0.258114139311138	1	0.258114139311138	0.534158557316999	0.9599225576332	1	1
"Gene4584"	"Gene4584"	0.660293187188977	1	0.660293187188977	0.401581091961578	0.415111559020221	1	1
"Gene4585"	"Gene4585"	3.7879716798431	1	3.7879716798431	1.31246235389049	1.38957430717385	1	1
"Gene4586"	"Gene4586"	6.264613689305	1	6.264613689305	0.653930406730831	0.453780422833495	1	1
"Gene4587"	"Gene4587"	0.966258809628772	1	0.966258809628772	0.689001343721098	1.79908109722607	1	1
"Gene4588"	"Gene4588"	1.34764168044254	1	1.34764168044254	2.02336325494346	0.49060790891799	1.00015999490268	1
"Gene4589"	"Gene4589"	1.45798933930005	1	1.45798933930005	1.58740531739037	2.01194268823771	1	1
"Gene4590"	"Gene4590"	7.08557200927346	1	7.08557200927346	1.09484777825624	2.34496211849988	1	1
"Gene4591"	"Gene4591"	4.15827557674312	1	4.15827557674312	1.22846328866204	0.816573472599458	1	1
"Gene4593"	"Gene4593"	0.861179738431944	1	0.861179738431944	0.803623437954906	0.795862826058744	1	1
"Gene4594"	"Gene4594"	3.67132680440532	1	3.67132680440532	0.722133748934958	0.940118709182093	1	1
"Gene4595"	"Gene4595"	0.247750745367292	1	0.247750745367292	0.719938256616457	0.392866066556611	1	1
"Gene4596"	"Gene4596"	3.17851588977008	1	3.17851588977008	0.391181761593143	0.940353752095676	1	1
"Gene4597"	"Gene4597"	2.36686285496168	1	2.36686285496168	0.789782781635431	1.40543008877413	1	1
"Gene4598"	"Gene4598"	2.27299398460892	1	2.27299398460892	0.713968488805558	1.52285969899039	1	1.16934619330046
"Gene4599"	"Gene4599"	3.60426381043104	1	3.60426381043104	0.413545265002244	0.571120710840051	1	1
"Gene4601"	"Gene4601"	0.231042035555263	1	0.231042035555263	0.48868934205193	2.39749265346122	1	1
"Gene4602"	"Gene4602"	1.25168738250879	1	1.25168738250879	2.10092917498783	0.825552398901818	1	1
"Gene4603"	"Gene4603"	1.10912929906633	1	1.10912929906633	1.05285058008816	1.50801440552875	1	1
"Gene4605"	"Gene4605"	0.87248473132984	1	0.87248473132984	1.31063539052279	1.67724085017061	1	1
"Gene4606"	"Gene4606"	0.408300576784375	1	0.408300576784375	0.970256312100277	0.501900992189751	1	1
"Gene4607"	"Gene4607"	3.50426218033124	1	3.50426218033124	1.40587205503835	1.73756712580884	1	1
"Gene4608"	"Gene4608"	1.16723232599953	1	1.16723232599953	0.4761287241693	1.79981824466727	1	1
"Gene4609"	"Gene4609"	16.662281204023	1	16.662281204023	0.420329892805998	1.35261723111962	1	1
"Gene4611"	"Gene4611"	0.32939570463732	1	0.32939570463732	1.13984328813751	0.795389606276696	1	1
"Gene4612"	"Gene4612"	3.01818411143326	1	3.01818411143326	2.04737408310271	0.997806015197527	1	1
"Gene4613"	"Gene4613"	0.385266632585697	1	0.385266632585697	0.606059597934542	0.797879478109916	1	1
"Gene4614"	"Gene4614"	0.359470195750679	1	0.359470195750679	1.64359607826817	2.27443738014789	1	1
"Gene4615"	"Gene4615"	1.50877316346333	1	1.50877316346333	2.28755530907104	2.18968403959545	1	1
"Gene4617"	"Gene4617"	0.10986167883492	1	0.10986167883492	1.92796902274389	1.22313178850808	1	1
"Gene4618"	"Gene4618"	0.96148701541628	1	0.96148701541628	1.11196601522492	0.756788968825948	1	1
"Gene4619"	"Gene4619"	2.0149341715946	1	2.0149341715946	0.530452576657274	0.997665637885956	1	1
"Gene4621"	"Gene4621"	2.39023261371975	1	2.39023261371975	1.44990107937279	0.605565433337374	1	1
"Gene4622"	"Gene4622"	0.229200281742686	1	0.229200281742686	2.94220585653269	1.73035390025292	1	1
"Gene4623"	"Gene4623"	0.574351284888961	1	0.574351284888961	0.648628019118209	0.880917736704286	1	1
"Gene4624"	"Gene4624"	0.940278762742996	1	0.940278762742996	0.309711760763355	2.02272831929206	1	1.1715049030715
"Gene4625"	"Gene4625"	2.38949212872333	1	2.38949212872333	2.209555010239	0.766617328987461	1	1
"Gene4626"	"Gene4626"	2.91692310450051	1	2.91692310450051	1.367144853543	2.2566974465865	1	1
"Gene4627"	"Gene4627"	2.8840675331518	1	2.8840675331518	5.00672452950451	1.18771701887305	1	1
"Gene4628"	"Gene4628"	1.67841971509733	1	1.67841971509733	1.15394880009102	0.590147184593029	1	1
"Gene4629"	"Gene4629"	1.009935155714	1	1.009935155714	2.33759826498796	0.905547659803895	1	1
"Gene4630"	"Gene4630"	0.866176803374943	1	0.866176803374943	0.634956533240214	1.40833410274169	1	1
"Gene4631"	"Gene4631"	3.52700085279802	1	3.52700085279802	0.419204342774952	0.643158011667873	1	1
"Gene4632"	"Gene4632"	0.97979579649648	1	0.97979579649648	0.477876476920231	1.03897449941216	1	1
"Gene4633"	"Gene4633"	1.59441542485061	1	1.59441542485061	0.732968372202511	0.318752971767679	1	1
"Gene4634"	"Gene4634"	0.150036163872136	1	0.150036163872136	0.5742348997701	2.11730987599904	1	1
"Gene4635"	"Gene4635"	1.90149744807568	1	1.90149744807568	0.349204633047263	2.13187928192662	1	1
"Gene4636"	"Gene4636"	1.42676963415215	1	1.42676963415215	0.497437847320006	1.73805917747036	1	0.983064870248557
"Gene4637"	"Gene4637"	1.16019601568907	1	1.16019601568907	2.75685281593801	2.1115926896647	0.878743734581562	1
"Gene4638"	"Gene4638"	0.465616750222534	1	0.465616750222534	1.48436956584271	0.559231565446524	1	0.923608047478053
"Gene4639"	"Gene4639"	7.33449129778399	1	7.33449129778399	1.85381892187001	1.12561429501726	1.00949667238523	1
"Gene4640"	"Gene4640"	1.57818902200158	1	1.57818902200158	0.408975164782615	0.921936382035251	1	1
"Gene4641"	"Gene4641"	0.0775902946740909	1	0.0775902946740909	1.62635923005394	1.40182832554223	1	1
"Gene4642"	"Gene4642"	0.594956688182127	1	0.594956688182127	1.81633647054073	1.76234088633796	1	1
"Gene4643"	"Gene4643"	1.03258972108923	1	1.03258972108923	0.538103159488788	2.08055528786004	1	1
"Gene4644"	"Gene4644"	1.20095815137189	1	1.20095815137189	0.362739524133414	1.31026060177284	1	1
"Gene4645"	"Gene4645"	0.108931721767409	1	0.108931721767409	0.627614653782477	0.857457448727983	1	1
"Gene4647"	"Gene4647"	4.46922910526386	1	4.46922910526386	0.768541329913914	0.74552974994921	1	1.34245918871584
"Gene4648"	"Gene4648"	8.28215231080578	1	8.28215231080578	1.62803353097257	1.78967008713839	0.997276644755582	1
"Gene4649"	"Gene4649"	0.190599813146781	1	0.190599813146781	2.20585869279233	0.742550323253727	1	1
"Gene4650"	"Gene4650"	0.175293085610812	1	0.175293085610812	2.6726681928462	0.590138603200351	1	1
"Gene4651"	"Gene4651"	1.9561334023741	1	1.9561334023741	0.944718318702176	0.530207398290746	1	1
"Gene4652"	"Gene4652"	0.560266640383319	1	0.560266640383319	2.02336928698945	1.16327221658957	1	1
"Gene4654"	"Gene4654"	4.98522442864274	1	4.98522442864274	0.750046876197004	1.82482239036051	1	1
"Gene4655"	"Gene4655"	0.058746474807065	1	0.058746474807065	1.76296604192715	1.01405310094692	1	1
"Gene4656"	"Gene4656"	0.321245631431306	1	0.321245631431306	1.4356586258095	0.725833362927096	0.894731636799991	1
"Gene4657"	"Gene4657"	0.123840194320473	1	0.123840194320473	1.64698516823638	2.00035406626716	1	1
"Gene4658"	"Gene4658"	2.48000435306846	1	2.48000435306846	0.828221745916195	1.1815120740481	1	1
"Gene4659"	"Gene4659"	0.842128319926138	1	0.842128319926138	1.90645487944858	0.874747389008175	1	1
"Gene4660"	"Gene4660"	5.17060639986214	76.5942364269441	86.2815716130202	1.42073432598502	0.562165604617475	1	1
"Gene4661"	"Gene4661"	2.26508301882259	1	2.26508301882259	1.22686570404057	1.5188695336212	1	1
"Gene4662"	"Gene4662"	3.16586961588982	83.1286452832541	93.6424265805113	1.67017443335987	2.58078038928933	1	1.03211015480729
"Gene4664"	"Gene4664"	7.24644115339118	1	7.24644115339118	1.55154025184798	2.1464015565192	1	1
"Gene4665"	"Gene4665"	0.456742568807645	1	0.456742568807645	1.0488998957991	0.996719885776927	1	1
"Gene4666"	"Gene4666"	2.4596624264488	1	2.4596624264488	0.481674498246048	0.873412082062217	1	1
"Gene4669"	"Gene4669"	0.456684967274241	1	0.456684967274241	1.98580557804915	0.325191003256948	1	1
"Gene4670"	"Gene4670"	3.50230946427372	1	3.50230946427372	1.17554305384017	1.06376436280897	1	0.923528821503433
"Gene4671"	"Gene4671"	0.232264014402863	1	0.232264014402863	2.55952535625385	1.288031921627	0.824830004392519	1
"Gene4672"	"Gene4672"	0.157978310126687	1	0.157978310126687	0.690944298970969	1.98681165169129	1	1
"Gene4673"	"Gene4673"	7.62594197968165	1	7.62594197968165	1.58493813212717	0.614371346589334	1	1.04143119265157
"Gene4674"	"Gene4674"	1.99567579690543	1	1.99567579690543	1.22030951491259	0.763882501826905	1	1
"Gene4675"	"Gene4675"	0.416027792257276	1	0.416027792257276	0.602330383521838	1.46732871385256	1	1
"Gene4676"	"Gene4676"	0.608086112055316	1	0.608086112055316	0.815895458054169	1.44800574630549	1	1
"Gene4677"	"Gene4677"	0.631308199186081	93.4519528391912	105.271385125197	1.13127663376699	0.35937819321311	1	1
"Gene4678"	"Gene4678"	0.756631967451614	1	0.756631967451614	0.584519866856063	0.559211943323386	1	1
"Gene4680"	"Gene4680"	2.81374379942891	1	2.81374379942891	0.721854799751927	0.832256300364804	1	1
"Gene4681"	"Gene4681"	0.469758217224969	1	0.469758217224969	0.500642812905387	1.86633712361734	1	1
"Gene4683"	"Gene4683"	3.71523606037552	1	3.71523606037552	0.48171029375478	0.673827454728108	1.16039733089416	1
"Gene4684"	"Gene4684"	2.3519655927401	1	2.3519655927401	0.590171823338246	0.408979387816966	1	1
"Gene4685"	"Gene4685"	2.34599364297549	1	2.34599364297549	1.14985922351944	0.532819100861158	1	0.978938880657307
"Gene4686"	"Gene4686"	10.1323682377907	1	10.1323682377907	0.378179408789759	1.0248416881752	1	1.28667026046017
"Gene4687"	"Gene4687"	2.77597912067113	1	2.77597912067113	1.7105759645587	1.49582610668091	0.959312619602699	1
"Gene4688"	"Gene4688"	1.53653040417378	1	1.53653040417378	0.755491336071956	1.46485632563251	1	1
"Gene4690"	"Gene4690"	3.51921133105668	1	3.51921133105668	0.496622485165255	0.781213203375545	1	0.83501236616956
"Gene4691"	"Gene4691"	0.334928671816536	1	0.334928671816536	0.842582385968213	1.8994071585206	1	1
"Gene4692"	"Gene4692"	0.170623311492479	1	0.170623311492479	1.89789632100129	1.48737993487587	1	1
"Gene4694"	"Gene4694"	1.00246725752563	1	1.00246725752563	1.59413568898404	0.69263508043212	1	1
"Gene4695"	"Gene4695"	0.186410443643234	1	0.186410443643234	1.02584495254401	2.4428243453077	1	0.746453350702995
"Gene4696"	"Gene4696"	1.6341011025354	1	1.6341011025354	1.13511291003747	0.863809148305143	1	0.832510170217766
"Gene4697"	"Gene4697"	1.74076011555923	1	1.74076011555923	1.24965748400961	0.687826246466743	1.49893752718835	1
"Gene4698"	"Gene4698"	2.19168565122413	48.8200615260974	54.9946292464669	0.663012848072776	2.4855384330614	1	1
"Gene4699"	"Gene4699"	0.459680385640362	1	0.459680385640362	0.657608807336509	0.824223264210779	1	1
"Gene4700"	"Gene4700"	0.916745927844664	1	0.916745927844664	1.13533212381224	0.78041328809831	1	1.22558643144587
"Gene4701"	"Gene4701"	6.75743393881509	1	6.75743393881509	1.56313421008918	0.443346001699424	1	1
"Gene4702"	"Gene4702"	0.382553251164663	1	0.382553251164663	0.809242427162547	0.767340316986096	1	1
"Gene4703"	"Gene4703"	1.17613946481147	1	1.17613946481147	0.447980140889533	1.1432489756579	1	1
"Gene4705"	"Gene4705"	1.5362332087272	1	1.5362332087272	0.850533518741378	0.595511161401145	1	1
"Gene4706"	"Gene4706"	0.13976208775156	1	0.13976208775156	1.09200108441435	2.42690191958431	1	1
"Gene4707"	"Gene4707"	4.43964159585892	1	4.43964159585892	1.71330762529185	1.48442590197334	1	1
"Gene4708"	"Gene4708"	2.81155328637884	1	2.81155328637884	0.685785520507315	1.09931804343051	1	1
"Gene4709"	"Gene4709"	4.55495649095323	1	4.55495649095323	2.04894221327528	0.718824624737594	1	1
"Gene4710"	"Gene4710"	5.6356245618144	1	5.6356245618144	0.642679794567593	1.05323508230829	1	1
"Gene4711"	"Gene4711"	4.54863093447703	1	4.54863093447703	0.651275697075709	1.35479657821745	1	1
"Gene4712"	"Gene4712"	3.80651554242481	1	3.80651554242481	0.689839927136381	3.13351461081822	1	1
"Gene4713"	"Gene4713"	0.77777167940457	1	0.77777167940457	1.98557504952542	1.89546776914736	1	1
"Gene4715"	"Gene4715"	7.69606965662401	1	7.69606965662401	0.688879476281	1.32969532250977	1	0.967784405621487
"Gene4716"	"Gene4716"	3.98121168895063	1	3.98121168895063	0.307332071750464	2.00531113330952	0.992813248571447	1
"Gene4717"	"Gene4717"	1.58282988974907	1	1.58282988974907	0.748723882879405	1.73261734391182	1	1
"Gene4718"	"Gene4718"	0.370189412785246	1	0.370189412785246	0.868078765977058	0.489588042254302	1	1
"Gene4719"	"Gene4719"	1.19903508297716	1	1.19903508297716	2.62267054791042	1.49050527146513	1	1.21515284119451
"Gene4721"	"Gene4721"	0.972458793824526	1	0.972458793824526	0.995009920902731	0.978662800030368	1	1
"Gene4722"	"Gene4722"	2.09860084073501	45.4599289485374	51.2095204296109	2.01918633413313	0.650271086937074	1	1
"Gene4723"	"Gene4723"	0.142185391600046	1	0.142185391600046	1.43216230146525	0.64767821041223	1	1
"Gene4724"	"Gene4724"	0.134729253590603	1	0.134729253590603	0.422732995996669	2.12800092757241	1	1
"Gene4726"	"Gene4726"	2.71834615068314	1	2.71834615068314	0.884578431376388	2.07533338942974	1	1
"Gene4727"	"Gene4727"	1.45558380171988	69.8609952845105	78.6967368405927	0.88279096987418	1.14116173109358	1	1
"Gene4729"	"Gene4729"	3.93293360819524	1	3.93293360819524	2.08852856581053	0.723044720894	1	1
"Gene4730"	"Gene4730"	7.08462896250562	1	7.08462896250562	0.702155477115258	1.54287305542355	1	1
"Gene4731"	"Gene4731"	5.89783293056396	1	5.89783293056396	1.67627114354465	0.715653183896654	1	1
"Gene4732"	"Gene4732"	0.42789140702618	1	0.42789140702618	1.62125179994489	0.883333620611765	1	1
"Gene4733"	"Gene4733"	0.227020333216472	1	0.227020333216472	1.39124601681169	1.15197324210901	1	1
"Gene4734"	"Gene4734"	0.146693293209656	56.0878603583218	63.1816304447843	2.38976339880489	1.37399033807575	1	1
"Gene4735"	"Gene4735"	1.11638346735952	1	1.11638346735952	0.474881633116047	0.574488266485269	1	1
"Gene4736"	"Gene4736"	3.70542589324383	1	3.70542589324383	0.926614310355604	1.26494835366094	1	1
"Gene4737"	"Gene4737"	5.86582691940993	1	5.86582691940993	1.15923194189835	0.687126388670414	1	1
"Gene4738"	"Gene4738"	6.46090928222172	1	6.46090928222172	1.72551874255316	0.71427725616816	1	1
"Gene4739"	"Gene4739"	0.619173865235172	1	0.619173865235172	1.01702726783757	2.30563540886514	1	1
"Gene4740"	"Gene4740"	9.07415450732769	1	9.07415450732769	1.37499906889192	0.859786734230835	1.06964641916078	1
"Gene4741"	"Gene4741"	4.01922372464185	1	4.01922372464185	1.18627769490202	1.49668891703167	1	1
"Gene4742"	"Gene4742"	1.23104694519689	1	1.23104694519689	0.747512407603176	0.9723672971554	1	1
"Gene4743"	"Gene4743"	0.292883227879136	1	0.292883227879136	0.869966828060813	1.62205539318626	1	1
"Gene4745"	"Gene4745"	0.813695487620323	1	0.813695487620323	0.565365825401613	0.611843773593127	0.967103495127161	1.11628065358542
"Gene4746"	"Gene4746"	0.626141676309311	1	0.626141676309311	0.317763890232961	1.33669392367435	1	1
"Gene4747"	"Gene4747"	0.632886213916746	1	0.632886213916746	1.78353203620456	2.44179919367955	1	1
"Gene4748"	"Gene4748"	5.72662628499418	1	5.72662628499418	0.964330038244065	2.41978996489325	1	1
"Gene4749"	"Gene4749"	1.43520567414031	1	1.43520567414031	0.50493876790174	1.80020942931782	1.04166933022261	1
"Gene4750"	"Gene4750"	3.91042245976577	1	3.91042245976577	0.548730993803299	0.828408331697384	1	1
"Gene4751"	"Gene4751"	4.46758503664827	1	4.46758503664827	0.83762331775087	1.45521168886728	1	1
"Gene4752"	"Gene4752"	1.08899045847779	1	1.08899045847779	1.3475115326078	1.05449242399887	1	1
"Gene4754"	"Gene4754"	4.23545550825174	1	4.23545550825174	1.67236345682543	1.05430508218607	1	1
"Gene4755"	"Gene4755"	0.595564175121976	1	0.595564175121976	1.46237514640923	2.50229863481093	1	1
"Gene4756"	"Gene4756"	0.238569792401155	1	0.238569792401155	2.17841383526529	2.23334494891144	1	1
"Gene4757"	"Gene4757"	3.86973574225051	1	3.86973574225051	0.705607316508018	0.334908033319948	1	1
"Gene4758"	"Gene4758"	8.51618642543521	1	8.51618642543521	0.578498283821232	2.33248255081123	1	1
"Gene4759"	"Gene4759"	3.61403459631611	1	3.61403459631611	0.69814930114406	1.13842816652057	1	0.939729364842491
"Gene4760"	"Gene4760"	0.220286918404664	1	0.220286918404664	1.64725401918499	5.4406047089219	1	1
"Gene4761"	"Gene4761"	0.488636386630581	1	0.488636386630581	1.44972525206719	1.00924166867657	1	1
"Gene4762"	"Gene4762"	5.31483529336908	1	5.31483529336908	1.05548587862763	1.22762435991612	1	1
"Gene4763"	"Gene4763"	1.97502040147017	151.839283447718	171.043313695799	1.47418833315946	1.22661893908788	1	1
"Gene4764"	"Gene4764"	1.97518114943954	1	1.97518114943954	0.797485667852012	0.444513472623017	0.999726416581904	1
"Gene4765"	"Gene4765"	1.69367174790091	1	1.69367174790091	0.279935393331749	0.862155455099645	1	1
"Gene4766"	"Gene4766"	3.1272894971552	1	3.1272894971552	1.42674207490468	1.49205699203113	1	1.02224746435355
"Gene4767"	"Gene4767"	0.786577053669486	1	0.786577053669486	1.14076347035507	2.98486755923062	1	1
"Gene4768"	"Gene4768"	0.489397474005148	1	0.489397474005148	0.459046352796417	0.627597230285155	1	1
"Gene4769"	"Gene4769"	1.42564166661886	23.486382807755	26.4568473385194	2.59657523743953	0.57721931378647	1	1
"Gene4770"	"Gene4770"	0.423357489573044	1	0.423357489573044	0.915771039948244	2.18683504096672	1	1
"Gene4771"	"Gene4771"	0.127123629709606	1	0.127123629709606	0.478546606383745	1.5600083094857	1	1
"Gene4772"	"Gene4772"	1.6821128320557	1	1.6821128320557	0.690950942798105	0.890935911816413	1	1
"Gene4773"	"Gene4773"	0.24131278341233	1	0.24131278341233	2.85602953680084	1.87905347235415	1	1
"Gene4775"	"Gene4775"	0.186238462205779	1	0.186238462205779	0.612924834286564	1.14089574882761	1	1
"Gene4776"	"Gene4776"	2.9085284796168	1	2.9085284796168	1.3741522260503	1.14120969009603	0.842724549264835	1
"Gene4777"	"Gene4777"	4.40069303969173	1	4.40069303969173	0.590496208604777	1.57991349146329	0.882406894279226	1
"Gene4779"	"Gene4779"	0.972181499750158	1	0.972181499750158	0.470625256969498	2.59528339356471	1	1
"Gene4780"	"Gene4780"	1.81041947255855	1	1.81041947255855	2.25165762143436	2.8950553703298	1	1
"Gene4781"	"Gene4781"	0.0583153841449468	1	0.0583153841449468	0.625407699568741	1.16748921174711	1	1
"Gene4782"	"Gene4782"	1.40538809861009	1	1.40538809861009	1.1094271846624	1.36985461079381	1.02380630831934	1
"Gene4783"	"Gene4783"	1.64206171655456	1	1.64206171655456	0.303944128206492	0.898580376230409	1	1
"Gene4784"	"Gene4784"	8.14980736831353	1	8.14980736831353	0.573716117492846	0.711445370565897	1	1
"Gene4785"	"Gene4785"	3.99734949616721	1	3.99734949616721	1.57843324547995	1.96819086286608	1	1.02136093351714
"Gene4786"	"Gene4786"	1.05563788793491	1	1.05563788793491	0.718456836803775	0.991240619083854	1	1
"Gene4788"	"Gene4788"	3.07162255415131	1	3.07162255415131	1.56276978834817	1.04184948783664	1.058047788775	1
"Gene4789"	"Gene4789"	1.45172461932584	1	1.45172461932584	1.47524965903888	0.563738096755577	1	0.872828891445014
"Gene4790"	"Gene4790"	6.14892110189669	1	6.14892110189669	1.05230830817138	0.295956606830487	1	1
"Gene4791"	"Gene4791"	0.345708240427506	1	0.345708240427506	1.15697366147236	0.686553036045037	1	1
"Gene4792"	"Gene4792"	0.387543908541881	85.1917486431847	95.9664630694018	0.597034173720403	1.32442523701221	1	1
"Gene4793"	"Gene4793"	9.70441428419871	1	9.70441428419871	1.04044106287481	1.39353866500702	1	1
"Gene4794"	"Gene4794"	1.70069057978125	1	1.70069057978125	0.593787889805151	1.77152373689513	1	1
"Gene4795"	"Gene4795"	4.38525697023407	1	4.38525697023407	0.274982963622753	1.53189452789608	1	1
"Gene4796"	"Gene4796"	0.31516624507083	1	0.31516624507083	1.18302619235568	1.55913951953291	1	1.039589289442
"Gene4797"	"Gene4797"	5.06338987970934	22.1704157328635	24.9744419682286	1.16040250328653	0.671426917096267	1	1
"Gene4798"	"Gene4798"	0.66521072230397	1	0.66521072230397	0.999276409937088	2.22271330432094	1	1
"Gene4799"	"Gene4799"	0.0924045475027881	1	0.0924045475027881	1.89557420820141	0.914762350985101	1	0.847786695320292
"Gene4800"	"Gene4800"	7.0768958314632	1	7.0768958314632	0.843119573430441	0.215595352669462	1	1.09758011055848
"Gene4801"	"Gene4801"	1.29583695834603	1	1.29583695834603	0.719693120201159	1.48122929284908	1	1
"Gene4802"	"Gene4802"	0.970189067509241	1	0.970189067509241	1.03263143783774	1.44304136030479	1	1
"Gene4804"	"Gene4804"	1.67215811858393	1	1.67215811858393	0.344086884006608	1.18126805285818	1	1
"Gene4807"	"Gene4807"	4.61545281215933	1	4.61545281215933	1.20925114001843	1.20160934494776	1	1
"Gene4808"	"Gene4808"	0.91432844484449	1	0.91432844484449	0.903027319253643	1.46784123969091	1	1
"Gene4809"	"Gene4809"	5.88288841681732	1	5.88288841681732	0.94967091927833	1.67019969065387	1	1
"Gene4811"	"Gene4811"	1.60330700870452	1	1.60330700870452	1.71825105043998	0.984890685951927	1	1
"Gene4812"	"Gene4812"	9.39789062642606	1	9.39789062642606	0.899233273212973	2.9529108329647	1	1
"Gene4813"	"Gene4813"	0.219875767405746	1	0.219875767405746	2.3761680065276	1.01057320625268	1	1
"Gene4814"	"Gene4814"	0.120242599557267	1	0.120242599557267	1.74334935489044	1.13141573221922	1	1
"Gene4816"	"Gene4816"	0.284386689279315	1	0.284386689279315	1.20752720797053	1.26189054652174	1.02333352918551	1
"Gene4817"	"Gene4817"	0.398093730011963	31.5178851139325	35.5041421966847	0.392403491539903	1.69286144871733	1	1
"Gene4819"	"Gene4819"	5.64827873262574	1	5.64827873262574	0.75243568210471	1.25030738372597	1	1.22895516113231
"Gene4820"	"Gene4820"	2.05934725217243	1	2.05934725217243	0.892202391338408	0.585354320717826	1	1
"Gene4821"	"Gene4821"	8.75458199788112	1	8.75458199788112	0.620015356601819	0.53044104079542	1	1
"Gene4822"	"Gene4822"	0.380790185788583	1	0.380790185788583	1.55392419667984	1.55537004736254	1	1
"Gene4823"	"Gene4823"	2.52295429720204	1	2.52295429720204	0.787410737810864	2.14584940333749	1	1
"Gene4824"	"Gene4824"	2.04568038371515	1	2.04568038371515	0.280582163586584	1.76345138397696	1	1
"Gene4825"	"Gene4825"	1.37629282641201	1	1.37629282641201	1.1420748481821	0.441007247615277	1	1
"Gene4826"	"Gene4826"	3.08984573596478	1	3.08984573596478	0.567008077259848	1.19410744633744	1	1
"Gene4827"	"Gene4827"	1.68659572645151	1	1.68659572645151	0.186403971670576	0.473782600372507	1	1
"Gene4828"	"Gene4828"	0.153548867207925	1	0.153548867207925	1.07292223833124	0.797358388173014	1	1
"Gene4829"	"Gene4829"	0.937649027091889	1	0.937649027091889	1.36681844965156	1.09154687714744	1	1
"Gene4831"	"Gene4831"	0.0500072164485419	1	0.0500072164485419	1.48470453993275	1.77567471726038	1	1
"Gene4832"	"Gene4832"	2.53592675616441	1	2.53592675616441	2.24976434009738	0.469840176488162	1	1
"Gene4833"	"Gene4833"	5.34007038455426	1	5.34007038455426	1.26737530987768	0.480606938028675	1	1
"Gene4834"	"Gene4834"	4.36999768208964	1	4.36999768208964	0.586319653696901	0.573877973717268	1	1
"Gene4835"	"Gene4835"	3.67026113011258	1	3.67026113011258	0.848815961265837	2.44412695257584	1	0.919966044251673
"Gene4836"	"Gene4836"	0.816513101125631	1	0.816513101125631	0.968133052122167	1.29210459879546	1	1
"Gene4837"	"Gene4837"	1.2222674953896	1	1.2222674953896	1.72565511490971	0.721990962731944	1	1
"Gene4838"	"Gene4838"	0.448382556772044	1	0.448382556772044	1.41762657993553	1.30234729213324	1	1
"Gene4839"	"Gene4839"	0.271888069652986	1	0.271888069652986	1.87405679391306	0.986224187802085	0.836165320755109	1
"Gene4840"	"Gene4840"	1.6737141454902	1	1.6737141454902	1.37886362160919	2.54781646433291	1	1
"Gene4842"	"Gene4842"	5.46092716407052	1	5.46092716407052	0.584920784855726	0.431447486498028	1	1
"Gene4845"	"Gene4845"	0.719120414438438	1	0.719120414438438	0.674475161667065	3.30611325941218	1	1
"Gene4847"	"Gene4847"	2.8204484548331	1	2.8204484548331	1.56982099935578	2.11188120654247	1	1
"Gene4848"	"Gene4848"	1.40513804949899	1	1.40513804949899	0.554858001223231	1.94466700414346	1	1
"Gene4849"	"Gene4849"	0.0842872496966949	54.171289596177	61.0226594153761	1.11192874812994	1.00573623796212	1	1
"Gene4850"	"Gene4850"	1.68296926077984	1	1.68296926077984	1.33311089816593	0.71816411306129	1	1
"Gene4852"	"Gene4852"	0.172800747030487	1	0.172800747030487	1.39145913417873	0.675712454297844	1	1
"Gene4853"	"Gene4853"	1.42207822281601	1	1.42207822281601	1.47509358041142	1.61025335793465	1	1
"Gene4854"	"Gene4854"	0.374208817374816	1	0.374208817374816	0.587117324255844	0.740003102655653	1	1
"Gene4855"	"Gene4855"	0.103865669708474	1	0.103865669708474	0.811154205638944	1.78912921212494	1	1
"Gene4856"	"Gene4856"	0.192246219699016	1	0.192246219699016	0.287670968884701	0.660597829104434	1	1
"Gene4857"	"Gene4857"	0.69496987366109	1	0.69496987366109	1.81569384059221	1.30563590180973	1	1
"Gene4858"	"Gene4858"	3.82873100114447	1	3.82873100114447	0.469684617101411	0.590176066654173	1	1
"Gene4859"	"Gene4859"	1.4785059655577	1	1.4785059655577	0.3826994848821	1.48870244092602	1	1
"Gene4860"	"Gene4860"	9.25989875242814	1	9.25989875242814	0.719359538448106	1.16830546234358	1	1
"Gene4861"	"Gene4861"	9.73950496607055	1	9.73950496607055	0.577199923400265	1.08457054444798	1	1
"Gene4862"	"Gene4862"	1.46983110208964	1	1.46983110208964	0.273831177678671	1.90176116690833	1	1
"Gene4863"	"Gene4863"	1.19379537345851	1	1.19379537345851	1.26907495631152	0.489776565407536	1	1
"Gene4865"	"Gene4865"	5.7183658091236	1	5.7183658091236	0.69275504411574	2.0907811650388	1	1
"Gene4866"	"Gene4866"	6.75136255416957	57.879646643291	65.200034751344	1.27033333254153	0.733624941387718	1	1
"Gene4867"	"Gene4867"	1.45234017500169	1	1.45234017500169	1.03306301850036	0.32641348759881	1	1
"Gene4868"	"Gene4868"	0.679109898054319	1	0.679109898054319	0.647156544342063	1.14028431841165	1	1
"Gene4869"	"Gene4869"	0.175178828979446	1	0.175178828979446	0.940920557132214	0.74985704803371	0.926057884476114	1
"Gene4870"	"Gene4870"	0.167079404055747	1	0.167079404055747	0.468233096972597	0.443645585978987	1	1
"Gene4871"	"Gene4871"	1.760733497584	1	1.760733497584	0.502369481267677	0.54628495601087	1	1
"Gene4872"	"Gene4872"	0.53540325818526	1	0.53540325818526	1.41720857108593	1.48153957491768	1	1
"Gene4873"	"Gene4873"	5.86585696969258	1	5.86585696969258	1.41639519915289	1.17391345464295	1	1
"Gene4874"	"Gene4874"	2.08731124753731	1	2.08731124753731	1.9095945860063	0.42525727235751	1	1
"Gene4875"	"Gene4875"	3.26624817792806	1	3.26624817792806	0.770878735080864	2.76764256027008	1	1
"Gene4877"	"Gene4877"	0.502883699856101	1	0.502883699856101	1.42892610909944	0.740520486253537	1	1
"Gene4878"	"Gene4878"	1.5708501699841	1	1.5708501699841	0.461614145432429	0.50963239153222	1	1
"Gene4879"	"Gene4879"	3.2144477113808	1	3.2144477113808	0.598663840851181	0.90710492350196	1	1
"Gene4880"	"Gene4880"	6.18024133281018	1	6.18024133281018	1.35498685540869	0.577205089894078	1	1
"Gene4881"	"Gene4881"	2.19646187489927	1	2.19646187489927	1.28603249952312	0.327166237937165	1	1.16685632378258
"Gene4882"	"Gene4882"	0.328910312553623	1	0.328910312553623	1.101072753401	1.70345269437805	1	1
"Gene4883"	"Gene4883"	3.90955979768056	1	3.90955979768056	0.653838911215016	3.15916105478496	1	1
"Gene4884"	"Gene4884"	0.469770988378361	1	0.469770988378361	0.578878784669324	1.75457756255072	1	1
"Gene4885"	"Gene4885"	0.892068477557693	1	0.892068477557693	1.60529408062412	0.804878126999721	1	1
"Gene4886"	"Gene4886"	3.21423323280429	1	3.21423323280429	1.25456033182368	3.03638535708335	1	1
"Gene4887"	"Gene4887"	4.32555509252751	1	4.32555509252751	0.42518178800035	0.384830146352502	1	1
"Gene4888"	"Gene4888"	5.21658904200121	1	5.21658904200121	0.381959628364857	0.869424386517289	1	1
"Gene4889"	"Gene4889"	6.37417038914215	1	6.37417038914215	1.26330226803618	0.931178350043258	1	1
"Gene4890"	"Gene4890"	0.349806609374283	59.763675916126	67.3223485729615	0.410234225401201	1.28975150736517	1	1
"Gene4892"	"Gene4892"	1.25691878848922	1	1.25691878848922	1.77103060669555	0.655846675630522	1	1
"Gene4894"	"Gene4894"	13.1291328246112	1	13.1291328246112	2.1686553031939	0.688882633379202	1.01791840547712	1
"Gene4895"	"Gene4895"	4.40827312334854	1	4.40827312334854	1.22606980527032	3.2484936630368	0.909866883894627	1
"Gene4896"	"Gene4896"	4.01124040811393	1	4.01124040811393	0.65916427806144	0.998565038241865	1	1
"Gene4897"	"Gene4897"	1.34511799335539	1	1.34511799335539	0.469911535550326	1.22750056794006	1	1
"Gene4898"	"Gene4898"	0.621552107829629	49.822265770769	56.1235883084191	0.994558927230322	1.17998075720299	1.14288719577562	1
"Gene4899"	"Gene4899"	1.74629227858544	1	1.74629227858544	0.814101343564464	0.571492749722879	1	1
"Gene4900"	"Gene4900"	0.560797321077016	1	0.560797321077016	0.958677299465175	0.711179321358062	1	1.04845987580916
"Gene4901"	"Gene4901"	4.93413334548933	1	4.93413334548933	0.471754580848618	3.5175344286811	1	1
"Gene4904"	"Gene4904"	12.5673832341427	1	12.5673832341427	0.900059231652344	1.11504535347277	1	1
"Gene4905"	"Gene4905"	2.79784947964816	1	2.79784947964816	2.91275120667458	1.76115531108927	1	1
"Gene4906"	"Gene4906"	0.685836606647876	1	0.685836606647876	0.354435210010949	1.48421458783307	1	1.13504653894282
"Gene4907"	"Gene4907"	0.219731978174372	1	0.219731978174372	0.949856984981969	0.960223320409312	1	1
"Gene4908"	"Gene4908"	3.9115893414636	1	3.9115893414636	0.95870484809767	0.597818778482869	1	1
"Gene4909"	"Gene4909"	0.531871887017354	1	0.531871887017354	0.924223228272039	1.38606848537286	1	1
"Gene4910"	"Gene4910"	0.15744907567661	1	0.15744907567661	1.74811562215038	0.618722328172037	1	1
"Gene4911"	"Gene4911"	7.26135491638428	1	7.26135491638428	0.641292149937487	1.57114210908865	1	1
"Gene4912"	"Gene4912"	1.08620669958521	1	1.08620669958521	1.21550751147803	0.593066856670403	1.09772684178902	1
"Gene4913"	"Gene4913"	4.18348940243256	1	4.18348940243256	0.561780476012676	0.355515949776433	1	1.28677739284809
"Gene4914"	"Gene4914"	0.151461356769582	1	0.151461356769582	1.7792961365283	0.659134799034592	1	1
"Gene4915"	"Gene4915"	2.04073421972987	1	2.04073421972987	0.457021417099883	0.71027431103382	1	1
"Gene4916"	"Gene4916"	12.2798996940623	1	12.2798996940623	1.23864258883032	0.649918426913999	1	1
"Gene4917"	"Gene4917"	0.0628269374480841	38.5765696338337	43.4555811339796	1.23664599432411	2.08013284585803	1	1
"Gene4918"	"Gene4918"	2.56663253417829	1	2.56663253417829	0.933631058054123	0.803422311891481	1	1
"Gene4919"	"Gene4919"	2.02805398950257	1	2.02805398950257	0.583124456499627	1.08467987035485	1.03136453284083	0.864063427287171
"Gene4920"	"Gene4920"	0.461076626082481	1	0.461076626082481	0.581644220174053	1.50044416562208	1	1
"Gene4921"	"Gene4921"	1.79522650682907	1	1.79522650682907	2.67887730576187	0.608812179639648	1	0.746948893085334
"Gene4922"	"Gene4922"	1.7093544305251	1	1.7093544305251	2.98414311855567	1.20183292653162	1	1
"Gene4923"	"Gene4923"	1.49728500428958	1	1.49728500428958	1.19351153378194	1.81931173173407	1	1
"Gene4924"	"Gene4924"	0.42407682729914	1	0.42407682729914	1.51766806524102	0.436887699162897	1	1
"Gene4925"	"Gene4925"	0.606907333805589	1	0.606907333805589	1.69747144590679	1.78156726926387	1	1
"Gene4926"	"Gene4926"	1.28122256029941	1	1.28122256029941	0.847818836764935	0.443725093924188	1	1
"Gene4927"	"Gene4927"	1.15232025115899	1	1.15232025115899	1.1482413257168	1.59530627340832	1	1
"Gene4928"	"Gene4928"	5.72106801157682	1	5.72106801157682	1.23081580179997	0.424159272019583	1	1
"Gene4929"	"Gene4929"	0.697699624186607	1	0.697699624186607	0.668100802628623	0.408344442391083	1	1
"Gene4930"	"Gene4930"	0.866527738068335	1	0.866527738068335	0.498173545468783	1.50352502014845	1	1
"Gene4932"	"Gene4932"	4.90429565352872	1	4.90429565352872	1.21452862496978	0.912699712744961	1	1
"Gene4933"	"Gene4933"	2.31352382384522	1	2.31352382384522	0.428050183258909	1.43162522474261	1	1
"Gene4934"	"Gene4934"	0.389506084217915	1	0.389506084217915	1.56815934729491	1.43467668940339	1	1
"Gene4935"	"Gene4935"	0.438085021295786	1	0.438085021295786	2.70848841971008	1.18053304987941	1	1
"Gene4936"	"Gene4936"	4.7250713306771	1	4.7250713306771	0.41094307685368	0.704582378414489	1	1
"Gene4937"	"Gene4937"	1.66500092357985	1	1.66500092357985	2.21721385928525	2.16482319517124	1	1
"Gene4938"	"Gene4938"	2.08628517239726	1	2.08628517239726	0.963123751722522	0.656651634726105	1	1
"Gene4939"	"Gene4939"	0.197372041970285	1	0.197372041970285	1.27502837634062	2.611604432925	1	1
"Gene4940"	"Gene4940"	0.958284068657081	147.757984658918	166.445828426056	0.409513105480506	1.35036461681845	1	1
"Gene4941"	"Gene4941"	3.09645042658962	1	3.09645042658962	0.667012915540574	0.514457204799101	1	1
"Gene4944"	"Gene4944"	0.799880810264283	1	0.799880810264283	0.587838270019261	2.04471535362832	1	1
"Gene4945"	"Gene4945"	0.438692035675379	1	0.438692035675379	1.01004044126977	0.523955782456411	1	1
"Gene4946"	"Gene4946"	0.989859255871139	1	0.989859255871139	0.893721278545644	0.632770071838118	0.905180770572274	1
"Gene4947"	"Gene4947"	3.02408663464387	1	3.02408663464387	1.05907101650122	1.04295147225114	1	1
"Gene4949"	"Gene4949"	3.09937865289459	1	3.09937865289459	0.901536941607611	0.346285581843389	1	1
"Gene4950"	"Gene4950"	3.96507424051026	1	3.96507424051026	0.645858960494101	1.67490807145112	1	1.24105777910064
"Gene4951"	"Gene4951"	0.367573995161681	1	0.367573995161681	0.860381419172905	1.65883437555817	1	1
"Gene4953"	"Gene4953"	0.255755079733529	1	0.255755079733529	0.648295674783872	0.701969451602642	1	1
"Gene4954"	"Gene4954"	4.45944473923821	1	4.45944473923821	0.184282785500175	0.651870805057649	1	1
"Gene4955"	"Gene4955"	0.0230766370784158	59.7270296652728	67.2810674496702	0.287267512284455	0.603647036044519	1	1
"Gene4956"	"Gene4956"	3.28014630677694	1	3.28014630677694	0.458032446820081	1.14418125489315	1	1
"Gene4957"	"Gene4957"	0.962369003690264	1	0.962369003690264	0.697132730671552	0.641090023833181	1	1
"Gene4958"	"Gene4958"	0.438420613752947	1	0.438420613752947	0.64447741478073	0.987800486975282	1	1
"Gene4959"	"Gene4959"	1.40846207792682	1	1.40846207792682	1.4864707976191	1.63567635001026	1	1
"Gene4960"	"Gene4960"	3.71113675487719	1	3.71113675487719	0.811607540972341	2.22280826683668	1	1
"Gene4961"	"Gene4961"	1.47227424850465	1	1.47227424850465	0.969550096867763	0.613752127462082	1	1
"Gene4962"	"Gene4962"	4.41306493244159	1	4.41306493244159	1.75764027838861	0.931102999068973	1	1
"Gene4963"	"Gene4963"	1.81171806864923	1	1.81171806864923	0.519589768254126	0.428180372595952	1	1
"Gene4964"	"Gene4964"	1.42412680767343	1	1.42412680767343	1.26374165550886	0.55514864065536	1	1
"Gene4965"	"Gene4965"	3.90321448882098	1	3.90321448882098	0.683336530527814	1.2168763132934	1	1
"Gene4966"	"Gene4966"	0.525904464652447	1	0.525904464652447	1.04285142413732	2.99097668853943	1	1
"Gene4967"	"Gene4967"	3.81293353625301	1	3.81293353625301	0.547791163268025	1.52923204016871	1	1.18538142736319
"Gene4968"	"Gene4968"	1.2787631525035	32.2258843653917	36.3016863849476	0.808190401844433	0.852786401475126	1	1
"Gene4969"	"Gene4969"	5.02823551979648	1	5.02823551979648	0.543712930614729	1.64159445363766	1	1
"Gene4970"	"Gene4970"	4.29776494383377	1	4.29776494383377	2.15838797488453	1.43506202898917	1	1
"Gene4971"	"Gene4971"	0.066704774086108	1	0.066704774086108	1.15126917853691	1.10039618426804	1	1
"Gene4972"	"Gene4972"	1.59812342499495	1	1.59812342499495	0.505894864922325	0.728359745460219	1	1
"Gene4973"	"Gene4973"	2.07099372749561	1	2.07099372749561	0.363620854641569	0.535418526916531	1	1
"Gene4974"	"Gene4974"	4.67671464319336	1	4.67671464319336	1.29498949001418	0.903108141995583	1	1
"Gene4975"	"Gene4975"	0.710839503676637	1	0.710839503676637	0.753988548696801	0.717622774895939	1	1
"Gene4977"	"Gene4977"	0.391063411620175	1	0.391063411620175	2.12026286527031	0.890316562431466	1	1
"Gene4978"	"Gene4978"	0.815073840373054	1	0.815073840373054	1.48177359440808	1.05801658148621	1	1
"Gene4979"	"Gene4979"	4.94881407069352	60.6386405648986	68.3079752796646	1.4729593419389	1.57714826093873	1	1
"Gene4980"	"Gene4980"	2.5807911854299	1	2.5807911854299	1.79221956847052	2.31248303332275	1	1
"Gene4981"	"Gene4981"	0.141417009626939	1	0.141417009626939	2.02619820087011	0.764771811977448	1	1
"Gene4982"	"Gene4982"	0.318729766994879	1	0.318729766994879	1.12804461960391	0.564718372102903	1	1
"Gene4983"	"Gene4983"	0.996341004712166	1	0.996341004712166	0.601191566718852	0.729040366850104	1	1.07405973483844
"Gene4984"	"Gene4984"	2.16586907049038	1	2.16586907049038	1.08484064759899	0.478125936069335	1	1
"Gene4985"	"Gene4985"	1.69489613765849	1	1.69489613765849	0.399477281642386	0.855402906126138	0.9274291500222	1
"Gene4986"	"Gene4986"	1.71602171914397	1	1.71602171914397	0.606286568158654	0.935510916547994	1	1
"Gene4988"	"Gene4988"	0.0793176312588261	1	0.0793176312588261	1.89886298118934	2.02515505524522	1	1
"Gene4989"	"Gene4989"	0.258200108137175	1	0.258200108137175	1.1651496564082	0.840692750345584	1	1
"Gene4990"	"Gene4990"	1.51605784625507	1	1.51605784625507	0.953359815239028	0.552529512416002	1	1
"Gene4991"	"Gene4991"	5.43069986739637	1	5.43069986739637	1.63763196467474	1.40731101623487	1	1
"Gene4992"	"Gene4992"	1.90447244506098	1	1.90447244506098	2.58816051823063	0.97115970769477	1	1.26315013837115
"Gene4993"	"Gene4993"	1.9438252185695	1	1.9438252185695	0.429748439556363	2.57343561627536	1	1
"Gene4994"	"Gene4994"	1.30712503808218	1	1.30712503808218	1.91805188131593	1.70249225966161	1	1
"Gene4995"	"Gene4995"	19.1816005739879	1	19.1816005739879	0.391886389038985	0.610945174680082	0.676491147543482	1
"Gene4996"	"Gene4996"	0.134082255695285	79.1763754749421	89.1902893648724	0.649347569052528	0.904197925125691	1	1
"Gene4997"	"Gene4997"	2.26323948675785	1	2.26323948675785	0.530783383120087	1.54969936470513	1	1
"Gene4998"	"Gene4998"	0.945744642800978	1	0.945744642800978	1.71788181459249	0.629957358750867	1	1
"Gene4999"	"Gene4999"	0.0809250586843647	1	0.0809250586843647	1.18696299164955	1.12968971191489	1	1
"Gene5000"	"Gene5000"	1.27355376190502	1	1.27355376190502	1.04752604477161	0.858347614364755	1	1
