"Gene"	"BaseGeneMean"	"OutlierFactor"	"GeneMean"	"BatchFacBatch1"	"BatchFacBatch2"	"DEFacGroup1"	"DEFacGroup2"
"Gene2"	"Gene2"	4.89737898039481	1	4.89737898039481	0.797807844099885	1.44964079446895	1	1
"Gene8"	"Gene8"	4.76552229534286	1	4.76552229534286	0.579950347000019	1.22919294002959	1	1
"Gene11"	"Gene11"	10.2759276574151	1	10.2759276574151	1.86482283091693	1.27449475772681	1	1
"Gene13"	"Gene13"	3.73978790418355	1	3.73978790418355	2.20737008236571	0.468347560391233	1	1
"Gene14"	"Gene14"	1.24293575044525	1	1.24293575044525	1.50961766405687	1.27671890202079	1	1
"Gene16"	"Gene16"	4.1233584099088	1	4.1233584099088	0.451666323236244	0.552075901824399	1	1
"Gene18"	"Gene18"	3.28406836365649	1	3.28406836365649	0.563144984907775	0.772630152752938	1	1
"Gene22"	"Gene22"	1.93251833160158	93.1708529737487	94.3172397531897	2.15559309243675	1.75732367489969	1	0.815411541191865
"Gene25"	"Gene25"	3.25843266446632	1	3.25843266446632	1.31336152667597	0.775308155851321	1	1
"Gene26"	"Gene26"	4.56085991730418	1	4.56085991730418	1.84721071476247	2.03874247989453	1	0.882230016160747
"Gene27"	"Gene27"	7.65250501730661	1	7.65250501730661	1.5163095438618	1.32502678247831	1	1
"Gene28"	"Gene28"	1.72118981263683	1	1.72118981263683	1.15855140840985	1.14450568822697	1.16528515689986	1
"Gene31"	"Gene31"	1.02009591671082	1	1.02009591671082	1.27819621343892	2.31397038098145	1	1
"Gene32"	"Gene32"	4.86041625792287	1	4.86041625792287	1.9543089121826	0.663403948504209	1	1
"Gene33"	"Gene33"	0.799584910944679	41.4193448445708	41.9289740668803	0.579184247579538	1.25848796192073	1	1
"Gene35"	"Gene35"	1.35206254348178	1	1.35206254348178	1.51397726332872	2.65571342310651	1	1
"Gene36"	"Gene36"	6.9891405243583	1	6.9891405243583	1.2790045878764	1.51038933520303	1	1
"Gene37"	"Gene37"	1.88234381875926	1	1.88234381875926	1.97838069430995	0.756746892512467	1	1
"Gene38"	"Gene38"	0.369885843552836	60.8177264624722	61.5660359964836	2.19705559545965	1.82048280897247	1	1
"Gene40"	"Gene40"	2.92969724226239	1	2.92969724226239	0.520575230880835	0.74080077278805	1	0.856530549846631
"Gene45"	"Gene45"	2.97205851516203	1	2.97205851516203	1.09486572216087	0.799676861440627	1	1
"Gene46"	"Gene46"	3.30103213780075	1	3.30103213780075	2.7519629682711	1.80295357326138	1	1
"Gene47"	"Gene47"	1.48464625121921	1	1.48464625121921	0.979305840692415	0.848758149292383	1	1
"Gene52"	"Gene52"	1.44179797120275	87.7919303701662	88.8721341582147	0.493417005482494	0.595533465390117	1	1
"Gene56"	"Gene56"	1.2977499514575	1	1.2977499514575	1.16030400262009	0.93136373088941	1	1.06105557212976
"Gene60"	"Gene60"	0.89619932578291	1	0.89619932578291	1.85607517263024	1.74273187092618	1	1
"Gene62"	"Gene62"	3.60368069051747	1	3.60368069051747	0.85302239466989	1.82931387115772	1	1
"Gene63"	"Gene63"	3.18161288385814	1	3.18161288385814	0.42136160505001	0.85703339467278	1	1
"Gene69"	"Gene69"	0.455567395117246	119.004980096458	120.46923347094	2.22795049522865	2.12836357507693	1	1
"Gene71"	"Gene71"	5.10619887977766	1	5.10619887977766	2.92213496579763	1.16534931554917	1	1
"Gene73"	"Gene73"	0.910052721007257	1	0.910052721007257	1.23411549505363	2.64050359691771	1	1
"Gene77"	"Gene77"	6.80839104731694	1	6.80839104731694	0.60793539476888	1.549297724989	1	1
"Gene78"	"Gene78"	4.89042614034324	1	4.89042614034324	2.09982269606641	1.28065266058175	1.12222331957429	1
"Gene79"	"Gene79"	9.05706710081591	1	9.05706710081591	4.39415700190294	1.47797256771867	1	1
"Gene82"	"Gene82"	1.84115684632513	1	1.84115684632513	0.542248160487087	1.83459042616846	1	1
"Gene86"	"Gene86"	2.24650264205242	1	2.24650264205242	1.63417858381073	0.588528946931717	1	1.03944709259754
"Gene89"	"Gene89"	10.3165817346063	1	10.3165817346063	1.38401569207473	1.46151756872088	1	1
"Gene90"	"Gene90"	5.64347740268394	1	5.64347740268394	1.31857068127735	1.35433017667881	1	1
"Gene91"	"Gene91"	1.99579245165759	1	1.99579245165759	0.707499881305224	1.18816758355352	1	1
"Gene92"	"Gene92"	3.45818767291614	1	3.45818767291614	0.652623053120013	1.32140773324865	1	1.08578885284066
"Gene93"	"Gene93"	4.32781754075699	1	4.32781754075699	2.66247270040058	0.416038683006057	0.918934975238415	1
"Gene95"	"Gene95"	9.81729898066453	1	9.81729898066453	2.19454392356083	0.471055822147355	1	1
"Gene99"	"Gene99"	3.73517659216767	1	3.73517659216767	0.565622754447595	0.874911580434996	1	1
"Gene104"	"Gene104"	8.70505190435085	1	8.70505190435085	0.738953343545763	0.74979768137754	1	1
"Gene105"	"Gene105"	2.298209150085	1	2.298209150085	0.538555059755082	1.63654105529103	1	1
"Gene109"	"Gene109"	3.86864536328908	1	3.86864536328908	1.01626177133219	0.731376651807753	1	1
"Gene112"	"Gene112"	8.73706740009802	36.2985781473407	36.7452007634537	1.35410806547863	1.30894188618088	1	1
"Gene114"	"Gene114"	3.71803559635751	1	3.71803559635751	1.88311747784486	0.455478503737983	1	1
"Gene115"	"Gene115"	2.56811120829565	68.3562294917264	69.1972937868426	1.00430468190163	2.69466764778178	1	1
"Gene118"	"Gene118"	2.7587109636194	1	2.7587109636194	0.469888531999738	0.783372119453473	1	1
"Gene127"	"Gene127"	1.00511114668462	1	1.00511114668462	1.35452817392885	1.52623849852165	1	1
"Gene129"	"Gene129"	0.294023063708889	43.173968241628	43.705186587586	1.50511886980636	1.96941947630106	1	1
"Gene130"	"Gene130"	1.90784090518177	1	1.90784090518177	1.64425768757431	0.761675960538097	1	1
"Gene132"	"Gene132"	8.11160507827837	1	8.11160507827837	3.20750100751342	0.65033038837346	1	1
"Gene133"	"Gene133"	3.46297420006375	1	3.46297420006375	0.636157693746286	0.917322849627814	1	1
"Gene134"	"Gene134"	9.17398792384309	1	9.17398792384309	0.739289824566573	0.4282327795517	1	1
"Gene135"	"Gene135"	2.00962734257712	1	2.00962734257712	1.19302547599872	1.59057879441341	1	1
"Gene136"	"Gene136"	4.2846659400259	59.8787242066497	60.6154801298743	2.33577847651899	2.31153410196304	1	1
"Gene138"	"Gene138"	4.13967426076557	1	4.13967426076557	0.718743526883049	0.435470766882936	1	1
"Gene140"	"Gene140"	6.27002873620837	1	6.27002873620837	1.68335912723208	0.440793833394258	1	1
"Gene141"	"Gene141"	1.69526342962117	1	1.69526342962117	1.99404538403276	1.04310910724275	1	1
"Gene142"	"Gene142"	1.68778117699931	1	1.68778117699931	1.34424265913955	0.704955717918116	1	1
"Gene143"	"Gene143"	2.67085788383146	1	2.67085788383146	1.42641473075357	0.876442584980777	1	1
"Gene146"	"Gene146"	2.69023322527678	1	2.69023322527678	0.538732279910171	0.779519237185714	1	1
"Gene147"	"Gene147"	2.39215746373587	1	2.39215746373587	1.29278058624576	0.987148952682222	1	1.07133514141052
"Gene148"	"Gene148"	5.80305902420858	1	5.80305902420858	2.28623596407577	2.54567976640242	1	1
"Gene151"	"Gene151"	7.10058196023277	1	7.10058196023277	2.88767774991103	1.23468384602624	1	1
"Gene155"	"Gene155"	2.64026209431204	1	2.64026209431204	1.57650201307396	1.77944677711924	1.18952158556065	1.21818750575539
"Gene156"	"Gene156"	1.23704438462919	13.251663933846	13.4147141996156	1.72900180687284	0.840473215298768	1	1
"Gene159"	"Gene159"	5.02381894924705	1	5.02381894924705	0.686054295291926	1.0232815604378	1	0.998813154581737
"Gene160"	"Gene160"	3.47444873535742	1	3.47444873535742	0.565141678018928	0.676461910324814	1	1
"Gene161"	"Gene161"	1.52946976891256	1	1.52946976891256	0.730810401075591	0.913789312457722	1	1
"Gene163"	"Gene163"	2.63995718520215	1	2.63995718520215	1.2225775914592	1.07194416304956	1	1
"Gene164"	"Gene164"	3.17955225513802	1	3.17955225513802	0.65156675065286	0.503593073984828	1	1.03777078843144
"Gene165"	"Gene165"	0.794994262986462	119.136317270963	120.602186635809	0.851094304414781	0.39139699138556	1	1
"Gene167"	"Gene167"	2.57892917204384	1	2.57892917204384	1.06547371786641	0.710114082072285	1	1
"Gene168"	"Gene168"	4.56123375957859	1	4.56123375957859	1.17583138559124	0.867490658771701	1	1
"Gene170"	"Gene170"	1.61894450723035	1	1.61894450723035	0.69829023620251	1.15731014576474	1	1
"Gene177"	"Gene177"	5.11762334161581	1	5.11762334161581	0.720510231297096	1.63034473702126	1	1
"Gene182"	"Gene182"	6.85394192137037	1	6.85394192137037	1.61164611373365	1.14933115242899	1	1
"Gene183"	"Gene183"	6.45883110456275	1	6.45883110456275	0.9988116954546	1.4497293681562	1	1.35994160592254
"Gene184"	"Gene184"	12.3912405938134	1	12.3912405938134	0.489658339805286	0.499828659946626	1	1
"Gene198"	"Gene198"	2.10780165623839	1	2.10780165623839	0.772053988122449	2.94565140481061	1	1
"Gene199"	"Gene199"	2.10477146186333	1	2.10477146186333	1.00433821265846	0.722925445088442	1	1
"Gene200"	"Gene200"	3.21779172454656	1	3.21779172454656	0.831898328055222	1.92942111075172	1	1
"Gene203"	"Gene203"	2.58402269813167	92.4706808699586	93.608452637113	0.625893264551262	0.876005063510291	1	1
"Gene204"	"Gene204"	0.0294861068141241	39.9806735833409	40.4726011998242	0.560285376563013	0.333064760301492	1.25232159255329	1
"Gene206"	"Gene206"	7.97114747538025	1	7.97114747538025	0.466930898844608	0.969451676213309	1	1
"Gene213"	"Gene213"	3.4885888447809	1	3.4885888447809	0.807965143753982	0.712810607978524	1	1
"Gene219"	"Gene219"	2.65082722579326	1	2.65082722579326	0.683590847922799	1.3333650907882	1	1
"Gene220"	"Gene220"	4.04928141833529	1	4.04928141833529	0.563714179320696	1.04537956500163	1	1
"Gene225"	"Gene225"	7.86596921113521	1	7.86596921113521	1.7264882706894	0.320476679075278	1	1
"Gene226"	"Gene226"	6.36487173969746	1	6.36487173969746	0.549332272706883	1.30895680187332	1	1
"Gene227"	"Gene227"	1.10103802985099	1	1.10103802985099	1.15580413233405	1.0946856832055	1	1
"Gene228"	"Gene228"	1.29365076207813	1	1.29365076207813	1.20730494116358	0.98148811406883	1	1
"Gene230"	"Gene230"	1.24499093855965	1	1.24499093855965	1.46730044349125	2.103701663035	0.937936769900108	1
"Gene231"	"Gene231"	1.78771994381676	1	1.78771994381676	1.91621118065242	2.20050543192126	1	1
"Gene235"	"Gene235"	3.37881919832243	1	3.37881919832243	0.413161330016402	0.978897494396779	1	1
"Gene236"	"Gene236"	1.84934435980717	1	1.84934435980717	0.93680431877152	1.06948421517979	1	1
"Gene239"	"Gene239"	4.75356267135444	1	4.75356267135444	0.53150618330189	0.796493741813472	1	1
"Gene241"	"Gene241"	5.17886435749475	1	5.17886435749475	1.12164515932311	0.776507571477245	1	1
"Gene242"	"Gene242"	5.94588071514941	1	5.94588071514941	1.39710774258675	1.21433711471213	1	1
"Gene243"	"Gene243"	3.03022859003352	1	3.03022859003352	0.607276646274099	1.5534223601177	1	1
"Gene245"	"Gene245"	1.31816699644332	1	1.31816699644332	0.855239064077225	1.00051100367204	0.935631231297136	1
"Gene247"	"Gene247"	4.89474302980693	1	4.89474302980693	2.50842447893094	0.739146610706502	1	1
"Gene251"	"Gene251"	4.36828961731926	1	4.36828961731926	0.812699737872361	0.33711929153255	1	1
"Gene255"	"Gene255"	12.6344516173426	1	12.6344516173426	1.4863914035307	1.68035325749905	1	1
"Gene257"	"Gene257"	3.15704909463545	1	3.15704909463545	1.24541853920357	2.03222414629117	1	1
"Gene259"	"Gene259"	4.83958478228248	1	4.83958478228248	0.395255647455021	0.82685802355286	1	0.962789689686135
"Gene260"	"Gene260"	0.913901928447286	1	0.913901928447286	1.37688967305929	1.29715647328084	1	1
"Gene265"	"Gene265"	1.39951800284866	1	1.39951800284866	0.999309300367125	1.01611330601657	1	0.968459641368427
"Gene267"	"Gene267"	1.89209156617223	1	1.89209156617223	0.849593162293146	0.652935689984157	1	1
"Gene268"	"Gene268"	4.38435521182996	1	4.38435521182996	0.894976227342079	0.852402127916366	1	1
"Gene270"	"Gene270"	7.39647420578354	1	7.39647420578354	0.583530429706937	1.61274454383354	1	1
"Gene275"	"Gene275"	5.42616402369841	1	5.42616402369841	1.16925858639041	1.35041194944198	1	1
"Gene276"	"Gene276"	0.954814815068229	1	0.954814815068229	1.73427585924556	2.23948478700259	1	1.21854479174686
"Gene277"	"Gene277"	4.30507417161662	1	4.30507417161662	1.05174457683854	0.586799366777816	1	1
"Gene279"	"Gene279"	2.50497949214865	24.336070891842	24.635505200357	1.17529381244116	0.835658611877431	1	1
"Gene281"	"Gene281"	3.80180351716366	1	3.80180351716366	0.47305215144802	1.7370745715283	1	1
"Gene286"	"Gene286"	2.14388244767417	1	2.14388244767417	0.664329269607939	1.09346250696427	1	1
"Gene287"	"Gene287"	2.36357726760834	1	2.36357726760834	2.65191663638003	1.90021103139792	1	1
"Gene288"	"Gene288"	4.09613141193737	1	4.09613141193737	2.31128548813496	1.88395855217122	1	1.04259088238759
"Gene290"	"Gene290"	2.73391073346335	1	2.73391073346335	0.669761367449405	1.8900558756408	1	1
"Gene291"	"Gene291"	2.90044681868782	1	2.90044681868782	0.672461697223226	1.00683289376032	1	1
"Gene294"	"Gene294"	3.18278851849196	1	3.18278851849196	2.26825119835553	0.404533884285358	1	1
"Gene296"	"Gene296"	6.35691752256795	1	6.35691752256795	1.16025217789034	0.849431799148107	1	1
"Gene297"	"Gene297"	3.86978172190653	1	3.86978172190653	1.64635700732422	2.22457479188492	1	1
"Gene298"	"Gene298"	10.632566322741	42.8128785309076	43.3396539802154	4.67172810079719	0.988938306394002	1	1
"Gene299"	"Gene299"	2.53252529016614	1	2.53252529016614	1.06500016221572	1.82296765788631	1	1
"Gene301"	"Gene301"	5.6111281157875	1	5.6111281157875	0.797724688020614	1.06824209632703	1	1
"Gene302"	"Gene302"	3.1670478089981	93.9488517170171	95.1048110982454	2.13671802892181	0.783216215341201	1	1
"Gene303"	"Gene303"	10.9759225088346	1	10.9759225088346	0.813277619556237	0.400452148567827	1	1
"Gene306"	"Gene306"	4.89340008205087	1	4.89340008205087	1.6201278475409	0.701025888165103	1.01232435899	1
"Gene308"	"Gene308"	11.3296798546868	1	11.3296798546868	1.70340272373732	1.15562146903417	1	1
"Gene310"	"Gene310"	6.68131319809094	1	6.68131319809094	2.49269382510263	1.78804399810891	1.12594086195159	1
"Gene320"	"Gene320"	4.50217163165609	1	4.50217163165609	1.69425639462611	0.910054729302188	1	1
"Gene325"	"Gene325"	1.81022457673948	1	1.81022457673948	1.76231423281266	0.959055165642616	1	1
"Gene326"	"Gene326"	6.17121763943376	1	6.17121763943376	1.24724042911972	0.482411776682127	1	1
"Gene330"	"Gene330"	2.13155065495553	1	2.13155065495553	1.67386896246946	0.91228239939261	1	1
"Gene331"	"Gene331"	10.7647820266366	1	10.7647820266366	1.0969315622186	0.852983040131856	1	1.08756013664868
"Gene332"	"Gene332"	6.9629857200065	1	6.9629857200065	0.838788436069821	1.3331392877872	1	1
"Gene333"	"Gene333"	6.59770192457997	1	6.59770192457997	1.41646183445476	1.54716969990471	1	1
"Gene334"	"Gene334"	7.25774382736706	1	7.25774382736706	1.54458972785486	0.821528511371838	1	1
"Gene335"	"Gene335"	4.53800043652697	1	4.53800043652697	1.49996275069591	0.703327831824441	1.02603482119435	1
"Gene337"	"Gene337"	3.87125523176603	1	3.87125523176603	1.4593031484371	1.57324565606002	1	1
"Gene340"	"Gene340"	4.81016744162018	1	4.81016744162018	0.852944009096168	0.481546761004963	1	1
"Gene341"	"Gene341"	9.94264248333002	1	9.94264248333002	0.741335503377053	1.60698284290112	1.08506888840482	1
"Gene344"	"Gene344"	5.90021385978153	1	5.90021385978153	2.53959050120098	1.33746947600872	1	1
"Gene345"	"Gene345"	1.21184908640131	48.4639444200208	49.0602513485226	3.27038067314275	0.597135443405428	1	1
"Gene346"	"Gene346"	0.21193150725046	116.225170352162	117.655220571488	0.591932299055607	1.65737297459296	1	1
"Gene348"	"Gene348"	3.32557539602079	1	3.32557539602079	1.26889139225033	1.86957680191454	1	1
"Gene351"	"Gene351"	5.81236122945867	1	5.81236122945867	1.07749414724035	1.22228383622801	1	1
"Gene352"	"Gene352"	1.55274554278314	1	1.55274554278314	0.792923388522182	1.39133540764455	1	1
"Gene354"	"Gene354"	7.32991207123881	1	7.32991207123881	0.639325716689039	1.05545280889373	1	1
"Gene358"	"Gene358"	12.4854348607112	1	12.4854348607112	0.35378009829991	2.12771044586121	1	1
"Gene360"	"Gene360"	1.87125638747444	1	1.87125638747444	0.777742643449438	0.898842575965287	1.24359041503571	1
"Gene361"	"Gene361"	3.91749712279761	1	3.91749712279761	0.492828181064658	2.78863145438809	1	0.825767633120213
"Gene362"	"Gene362"	0.178879874472575	121.210888240928	122.702283407642	1.2536546130059	0.880106255370969	1	1
"Gene363"	"Gene363"	2.22302037353937	1	2.22302037353937	1.1111342903503	0.720171388376165	1.28262823716796	1
"Gene364"	"Gene364"	10.8189773784683	1	10.8189773784683	0.475447001447538	1.24129151810118	1	1
"Gene366"	"Gene366"	3.16550151561415	1	3.16550151561415	0.652267372875431	1.18747407523724	1	1
"Gene369"	"Gene369"	1.20301002027688	1	1.20301002027688	0.978773930053698	1.37137496831745	1	1
"Gene372"	"Gene372"	1.34376727640831	33.7895963321697	34.2053480966058	0.476365728703225	2.02904089880202	1	1
"Gene373"	"Gene373"	3.7534614227608	1	3.7534614227608	0.877459045202386	0.921743795634987	1	1
"Gene374"	"Gene374"	10.5936934999928	1	10.5936934999928	0.331857847974075	0.713859408567185	1	1.02072343696306
"Gene376"	"Gene376"	5.54912429865545	1	5.54912429865545	0.73515999617406	0.51434791198418	1	1
"Gene380"	"Gene380"	2.05300996618962	1	2.05300996618962	1.91231833065032	2.11054747920376	0.860960560000891	1
"Gene384"	"Gene384"	2.33017941680745	1	2.33017941680745	1.08410893830991	3.88710115324559	1.02995568468792	1
"Gene386"	"Gene386"	2.01653730668389	1	2.01653730668389	1.68211938214544	0.94297344559783	1	1
"Gene388"	"Gene388"	0.160990545494759	60.6401278812166	61.3862522182582	0.867314967496269	2.71705108277318	1	1
"Gene389"	"Gene389"	3.93202069950468	58.0814626916191	58.7961048660234	1.10267489148403	0.454121815312446	1	1
"Gene390"	"Gene390"	1.53437547531045	1	1.53437547531045	3.06950163183346	1.21803518293718	1	1
"Gene394"	"Gene394"	2.3707141473994	1	2.3707141473994	0.629154514038454	1.32698391315165	1	0.767830477017504
"Gene396"	"Gene396"	3.30345591048118	1	3.30345591048118	2.0983492376126	1.43032205152811	1	1
"Gene397"	"Gene397"	5.64569974023211	1	5.64569974023211	0.452161962132839	0.789117523895107	1	1
"Gene405"	"Gene405"	4.77789136117907	1	4.77789136117907	1.73963915876962	0.588359531538326	1	1
"Gene407"	"Gene407"	2.27604286367433	1	2.27604286367433	1.83078661420526	1.33126844583208	1.04337375910817	1
"Gene409"	"Gene409"	4.0202527195949	1	4.0202527195949	0.670328484570963	0.354200504763787	1	1
"Gene410"	"Gene410"	10.3426006320124	1	10.3426006320124	0.847531110832732	0.746395150078324	1	1
"Gene411"	"Gene411"	4.84370826341818	1	4.84370826341818	1.06671183399534	0.732666985415506	1	1
"Gene412"	"Gene412"	2.14931412283518	1	2.14931412283518	1.26033854847464	2.28265264085729	1.05178577729809	1
"Gene413"	"Gene413"	2.76321300276234	1	2.76321300276234	1.90079922886748	0.834616366141521	1	1
"Gene414"	"Gene414"	0.458308091105624	36.0731082550521	36.5169566591081	0.713858707734547	1.01810599134524	1	1
"Gene418"	"Gene418"	4.1068770104999	1	4.1068770104999	0.506060978837697	0.782442021745407	1	1
"Gene419"	"Gene419"	4.70654182568468	1	4.70654182568468	0.785307288221322	0.558608375766147	1	1
"Gene420"	"Gene420"	1.76223984743409	48.3867864048847	48.9821439707301	2.31919053361616	1.97826977697131	1	1
"Gene421"	"Gene421"	9.55822514397222	1	9.55822514397222	0.637232455107765	0.821454753131144	1	1
"Gene422"	"Gene422"	4.5223913400945	1	4.5223913400945	0.729444515075511	0.526485729276364	1	1
"Gene423"	"Gene423"	1.18769770169796	1	1.18769770169796	0.897271227961504	2.46980469067098	1	1
"Gene425"	"Gene425"	5.01630860218043	1	5.01630860218043	0.468155322442144	0.647396821332939	0.987051689380612	1
"Gene427"	"Gene427"	0.0996022504867978	29.2568043850266	29.6167840641343	1.28383278525044	2.71574076232081	1	1
"Gene428"	"Gene428"	4.74473774302357	1	4.74473774302357	1.55721701247618	0.76441191379328	1	1
"Gene429"	"Gene429"	2.46266236836159	1	2.46266236836159	0.733807163050064	2.15725385503166	1	1
"Gene430"	"Gene430"	1.28871814785571	1	1.28871814785571	1.00770703471444	1.74588785260291	1	1
"Gene431"	"Gene431"	1.08916660595637	1	1.08916660595637	1.02628366849105	2.16067536801096	1	1.12704255487448
"Gene432"	"Gene432"	1.79768024472683	1	1.79768024472683	1.06777995284096	1.36511725506825	1	1.07138319023682
"Gene433"	"Gene433"	5.25092994988369	27.1950517729167	27.5296633689646	0.868135493253212	1.39254056465705	1	1
"Gene434"	"Gene434"	1.3074484533033	1	1.3074484533033	1.54046496086679	1.62728758311622	1	1
"Gene436"	"Gene436"	2.03110314312943	1	2.03110314312943	1.52520268326379	0.671771363566798	1	0.85356226532541
"Gene439"	"Gene439"	2.35155555229577	1	2.35155555229577	1.02906982339447	0.609972156626485	1.02858128218187	1
"Gene440"	"Gene440"	1.22295105589531	1	1.22295105589531	1.8898354995017	1.48795428295121	1	1
"Gene443"	"Gene443"	11.2050615825604	1	11.2050615825604	0.668483526128943	1.72723896926887	1	1
"Gene444"	"Gene444"	3.07466496310278	1	3.07466496310278	0.628272262784778	0.88178128203733	1	1
"Gene445"	"Gene445"	3.35621466599372	1	3.35621466599372	2.42155898385776	0.730885835802415	1	1
"Gene446"	"Gene446"	2.75508159617043	1	2.75508159617043	0.512475040665971	1.26525417757536	1	1
"Gene447"	"Gene447"	0.976553836698214	1	0.976553836698214	2.53378692809995	1.45865707626798	1	1
"Gene448"	"Gene448"	2.07631905778369	1	2.07631905778369	1.11944178647529	1.09754754955881	1	1.07882485078227
"Gene450"	"Gene450"	6.29323853966505	1	6.29323853966505	2.47912134823254	0.585131486473556	1	1
"Gene453"	"Gene453"	4.77372610290587	1	4.77372610290587	1.02711703155318	2.4247774039442	1	1
"Gene455"	"Gene455"	0.494791963009674	114.08717695135	115.490921010639	2.19024173112192	0.341624313758311	1	1
"Gene456"	"Gene456"	4.95015772776511	1	4.95015772776511	1.59967770395536	0.947458722304253	1	1
"Gene464"	"Gene464"	3.33112756461076	22.6215157260022	22.8998539158062	0.786392997490749	0.94591681729339	1	1
"Gene466"	"Gene466"	2.63346093447499	1	2.63346093447499	1.91422666151516	1.15355321228775	1	1
"Gene469"	"Gene469"	4.68409073396764	1	4.68409073396764	3.37547865858411	0.755060299078276	1	1
"Gene470"	"Gene470"	1.12631149351033	93.466866375227	94.6168953436053	0.96479714195439	1.07847086215402	1	1
"Gene472"	"Gene472"	1.08584632042996	1	1.08584632042996	1.26888423361916	1.62077608535928	1	1
"Gene473"	"Gene473"	1.69697889455327	1	1.69697889455327	1.02074063972597	1.8398119040687	1	1
"Gene474"	"Gene474"	9.6029712621366	1	9.6029712621366	0.574473988130236	1.39063989069573	1	1
"Gene476"	"Gene476"	0.807680301039272	1	0.807680301039272	1.75376371932852	2.14850721015519	1.12741375755616	1
"Gene477"	"Gene477"	1.33908974106273	1	1.33908974106273	1.35945946718757	2.46298607450445	1	1
"Gene478"	"Gene478"	5.28344037490105	1	5.28344037490105	0.814586436948244	0.617332473093002	1	1
"Gene480"	"Gene480"	2.2979504032725	1	2.2979504032725	0.940125777984326	0.993050714584388	1	1
"Gene481"	"Gene481"	4.99559802584707	1	4.99559802584707	1.26463420081756	1.21767265224789	1	1
"Gene482"	"Gene482"	3.66198327916459	1	3.66198327916459	1.34592718442949	0.892330411976961	1	1
"Gene488"	"Gene488"	2.85193998849694	1	2.85193998849694	1.46729863462067	1.21964216930959	1	1
"Gene489"	"Gene489"	2.55663625085196	1	2.55663625085196	1.32272407540569	0.875938247925021	1	1
"Gene491"	"Gene491"	1.03099849138072	1	1.03099849138072	3.07685442396159	1.51126997820668	1	1
"Gene493"	"Gene493"	5.05443276532707	1	5.05443276532707	1.05161777676075	0.731247886413192	0.862236069745257	1
"Gene497"	"Gene497"	3.95960318135921	1	3.95960318135921	1.22583433778033	0.358504688621846	1	1
"Gene499"	"Gene499"	14.4744554880281	1	14.4744554880281	1.5022144638232	1.23817508633176	1	1
"Gene500"	"Gene500"	2.54666426692467	1	2.54666426692467	2.57145644090577	1.27205611154068	1	1
"Gene502"	"Gene502"	3.14039749868728	1	3.14039749868728	1.64349755849294	0.502763849491271	1	1
"Gene503"	"Gene503"	5.91904976838333	1	5.91904976838333	0.529768901700003	0.975678052981333	1	1
"Gene504"	"Gene504"	1.49141325836588	1	1.49141325836588	1.51121050700417	0.839832358704715	1	1
"Gene506"	"Gene506"	4.39459640481466	1	4.39459640481466	2.83428840816359	1.86313250357488	1	1
"Gene510"	"Gene510"	0.95612906442218	1	0.95612906442218	2.14251126722709	2.41177996579996	1	1
"Gene511"	"Gene511"	4.22260643310574	1	4.22260643310574	0.397858091633592	0.896180202044066	1	1
"Gene512"	"Gene512"	1.1577809463545	1	1.1577809463545	1.54096570024126	1.06979787851274	1	1
"Gene515"	"Gene515"	0.845226455833028	1	0.845226455833028	1.35661243829806	1.6502057747652	1	1
"Gene516"	"Gene516"	10.9819880392772	1	10.9819880392772	1.22850541560129	1.22840142132986	1	1
"Gene517"	"Gene517"	2.10094571879121	1	2.10094571879121	0.768727259369702	1.46873851296996	1	1
"Gene521"	"Gene521"	2.10023835386165	1	2.10023835386165	0.465214188847244	2.33341934538706	1	1
"Gene523"	"Gene523"	2.03270608041966	1	2.03270608041966	0.682121678419231	0.808898072866156	1	1
"Gene524"	"Gene524"	3.40020496195846	45.208968082637	45.7652253419401	0.894532566866973	0.804804586257745	1	1
"Gene525"	"Gene525"	2.29149752947313	1	2.29149752947313	0.728572805576956	0.636249645676177	1	1
"Gene528"	"Gene528"	2.02916255391837	1	2.02916255391837	3.05676495494225	1.33482119966597	1	1
"Gene530"	"Gene530"	3.29930734678087	1	3.29930734678087	1.23001788730727	0.957121005006273	1	0.987839373069949
"Gene532"	"Gene532"	3.0052003073678	82.6638558012193	83.6809630660292	2.32062955487975	0.717966362563622	1	1
"Gene536"	"Gene536"	10.9749347118177	1	10.9749347118177	0.836577947084595	0.982346224178406	1	1
"Gene538"	"Gene538"	15.0098674326388	1	15.0098674326388	2.29132673114452	1.07624239877909	1	1
"Gene539"	"Gene539"	1.89167757795453	1	1.89167757795453	0.81712163785438	1.42433401574001	1	1
"Gene540"	"Gene540"	3.01181605456858	1	3.01181605456858	1.59240625113796	1.1925983745318	1	1
"Gene542"	"Gene542"	1.69129078396834	1	1.69129078396834	1.22882048257148	0.806434352440445	1	1
"Gene543"	"Gene543"	2.28485874497129	1	2.28485874497129	2.74238172953696	1.85435189197353	1	1
"Gene544"	"Gene544"	2.92118365664405	1	2.92118365664405	1.25928321499279	0.457892753937252	1	1
"Gene551"	"Gene551"	4.54233842542817	1	4.54233842542817	1.37370718764716	3.30512923541537	1	1
"Gene554"	"Gene554"	2.29689239352007	1	2.29689239352007	1.34567603225633	0.686485473116917	1.1346304580212	1
"Gene559"	"Gene559"	2.19015289752853	1	2.19015289752853	1.02315706255044	0.826935699385193	1	1
"Gene565"	"Gene565"	8.58914904392192	1	8.58914904392192	1.11533380677316	1.23189070294979	1	1
"Gene569"	"Gene569"	3.17890515585764	1	3.17890515585764	2.53597551137452	1.06607006363161	1	1
"Gene570"	"Gene570"	3.85812837028329	1	3.85812837028329	1.09789161739347	0.862907006208596	1	1
"Gene572"	"Gene572"	4.50030367072921	1	4.50030367072921	0.481631701544599	0.906169451371942	1	1
"Gene574"	"Gene574"	3.67569170257934	1	3.67569170257934	0.971142542501552	1.68818304638979	1.30347569935885	1
"Gene575"	"Gene575"	4.67818135073422	1	4.67818135073422	0.475199944930727	1.27538607407894	1	1
"Gene576"	"Gene576"	4.43573558010266	1	4.43573558010266	3.47174760459471	1.66103739183224	1	1
"Gene579"	"Gene579"	0.336366242484553	51.1411123776318	51.77035954286	0.587912511413688	1.50733645001162	1	0.923632645257429
"Gene581"	"Gene581"	7.12616061543657	1	7.12616061543657	2.31866547379819	2.33489538757351	1	1
"Gene584"	"Gene584"	1.70600860584197	1	1.70600860584197	0.862379351163805	1.10224963206589	1	1
"Gene590"	"Gene590"	4.66751228837827	1	4.66751228837827	1.37918187142424	0.285506014887264	1.1858519255895	1
"Gene591"	"Gene591"	11.3774921143368	1	11.3774921143368	1.20845765351077	0.264058920398699	1	1
"Gene594"	"Gene594"	3.41443593194517	1	3.41443593194517	2.38421302061829	1.19311479366142	1	1
"Gene599"	"Gene599"	2.3524996185169	1	2.3524996185169	0.842672342757776	0.628336130379089	1	1
"Gene601"	"Gene601"	2.70606918976663	93.1593830634888	94.3056287156022	0.728363521760356	0.4512630928893	1	1
"Gene604"	"Gene604"	1.03014643354872	42.0472146030022	42.5645692197596	1.80539878888859	0.747906971960933	1	1
"Gene605"	"Gene605"	5.1838126127746	1	5.1838126127746	1.09861247644024	0.727810129979387	1	1
"Gene607"	"Gene607"	1.68966379539677	1	1.68966379539677	0.992801855572337	0.883845315509219	1	1
"Gene608"	"Gene608"	1.82849173279056	1	1.82849173279056	1.65394194153232	0.595947225862274	1	1
"Gene609"	"Gene609"	3.57425727068915	1	3.57425727068915	0.813419037185402	1.36319727465622	1	1
"Gene617"	"Gene617"	2.5698049310299	1	2.5698049310299	2.02291373970567	0.561142413449809	1	1
"Gene622"	"Gene622"	3.2467100775154	1	3.2467100775154	1.69994662181687	0.478246742789819	1.14735866140583	1
"Gene623"	"Gene623"	2.27504517460386	1	2.27504517460386	2.19971237409302	1.25316209707137	1	1.00184811285539
"Gene624"	"Gene624"	2.03834156058353	152.291043742755	154.164853347386	1.17036139033681	0.695970662301927	1	1
"Gene625"	"Gene625"	6.29314877249258	1	6.29314877249258	1.86599689027127	1.03185021143077	1	1.11538280682609
"Gene627"	"Gene627"	1.67407761773317	1	1.67407761773317	1.06741191662169	1.74279792276971	1	1
"Gene631"	"Gene631"	8.98376999987564	1	8.98376999987564	1.44114175218627	0.441983137691292	1	1
"Gene634"	"Gene634"	5.54283880972848	1	5.54283880972848	0.445066097632749	3.3324127480487	1	1
"Gene636"	"Gene636"	2.53085360507937	1	2.53085360507937	1.50525590177693	0.939014761261901	1	1
"Gene637"	"Gene637"	4.16033237279556	1	4.16033237279556	1.18686235055003	0.656828935828574	1	1
"Gene641"	"Gene641"	2.5719593177267	1	2.5719593177267	1.3197773250164	1.16558725374459	1	1
"Gene645"	"Gene645"	4.01958903105451	1	4.01958903105451	1.59857647612084	2.83978193279308	1	1
"Gene648"	"Gene648"	5.09764645880289	1	5.09764645880289	3.0221633533831	0.335693547785114	1	1
"Gene652"	"Gene652"	4.69589650232989	1	4.69589650232989	0.741100426373536	0.279810207989916	1	0.809479725800548
"Gene653"	"Gene653"	2.25426037154687	1	2.25426037154687	0.774676105370616	1.70807804312719	1	1
"Gene657"	"Gene657"	0.693234541012808	63.7494441354252	64.5338259202968	0.93874050022406	2.46038839083828	1	1.1647566183445
"Gene663"	"Gene663"	4.45365700527976	1	4.45365700527976	1.14463115628986	1.80829125600762	1	1
"Gene665"	"Gene665"	0.992503530280604	96.0249021970422	97.2064055842314	2.46884943664697	1.40522323743326	1	1
"Gene666"	"Gene666"	3.43655808629653	1	3.43655808629653	0.77755330727424	1.28502062334603	1	1
"Gene667"	"Gene667"	5.46880024978382	1	5.46880024978382	0.647032957202041	1.36463824357245	1	1
"Gene668"	"Gene668"	5.81642944969527	1	5.81642944969527	0.627703932334045	0.555558165108006	1	1.23358017100082
"Gene670"	"Gene670"	2.06474381673215	45.7526149934504	46.3155613578904	3.13489065253186	2.12460434482001	1	1
"Gene672"	"Gene672"	1.7252528987577	1	1.7252528987577	1.52245167411543	1.23094546379064	1	1
"Gene674"	"Gene674"	9.6505485912072	39.1054325925108	39.5865911254374	1.35983128677068	0.745197660647108	1	1
"Gene676"	"Gene676"	3.62154295784935	1	3.62154295784935	0.77277503357197	0.738645345852069	1	1
"Gene679"	"Gene679"	10.0348374234343	1	10.0348374234343	1.10951684022654	1.93252691813437	1	1
"Gene682"	"Gene682"	6.36781545549441	1	6.36781545549441	1.32725287893295	2.15944345395157	1	1
"Gene683"	"Gene683"	0.665805855386279	1	0.665805855386279	2.70884988615128	1.79545554933049	1	1
"Gene684"	"Gene684"	0.860980462969767	1	0.860980462969767	1.39594578924023	1.34145348686704	1	1
"Gene686"	"Gene686"	3.18539020446153	1	3.18539020446153	1.34060931041937	0.992566008519706	1	1
"Gene688"	"Gene688"	4.64716088671403	1	4.64716088671403	0.863882077125047	0.94602323884102	1	1
"Gene689"	"Gene689"	4.18119388821724	1	4.18119388821724	1.28788033550421	1.37584933863816	1.15256655660341	1
"Gene690"	"Gene690"	3.41653568663752	1	3.41653568663752	1.40272902827956	2.20425899140661	0.835859884224542	1
"Gene692"	"Gene692"	1.71970019340362	1	1.71970019340362	0.881598265925663	0.823454604479469	1	1
"Gene696"	"Gene696"	4.30375235062025	1	4.30375235062025	1.07457756138353	0.719748290922205	1	1.14856308783721
"Gene697"	"Gene697"	1.1899446040156	1	1.1899446040156	1.73750753842017	1.28178380214213	1	1
"Gene698"	"Gene698"	2.01534825442349	1	2.01534825442349	0.939134007802438	3.23077513480935	1	0.850688115354722
"Gene701"	"Gene701"	2.38615826472532	1	2.38615826472532	2.85974286971206	0.891653918337924	1	1
"Gene702"	"Gene702"	1.65728241829563	1	1.65728241829563	2.90474521880669	1.27556111546916	1	1
"Gene707"	"Gene707"	2.50305119320525	1	2.50305119320525	0.800647262533264	0.843666671002763	1	1
"Gene708"	"Gene708"	4.1235204980845	1	4.1235204980845	0.544093885032427	1.69390388987862	1.00889051410233	1
"Gene709"	"Gene709"	0.270462745489819	39.9422105388271	40.4336649008072	2.04294320957167	1.16693563807557	1	1
"Gene713"	"Gene713"	0.655160828914218	1	0.655160828914218	1.60179318259319	2.19169375998924	1	1
"Gene714"	"Gene714"	3.61112459215114	1	3.61112459215114	1.39189233123492	0.927509482000315	1	1
"Gene715"	"Gene715"	6.98565531629605	1	6.98565531629605	1.4789075913824	1.57302756692579	1	1.14918848923163
"Gene716"	"Gene716"	1.54739052303583	51.5022002335318	52.1358902725881	1.56133986883529	0.516967947922477	1	1
"Gene717"	"Gene717"	2.36864027871004	1	2.36864027871004	0.683782515414539	1.19622891800941	1	1
"Gene718"	"Gene718"	0.234597399013736	45.7390821768745	46.3018620317086	0.7393702117171	0.979277922642576	1	1
"Gene720"	"Gene720"	2.57987873312745	1	2.57987873312745	1.5801218790171	2.49493140444862	1.06896392924178	0.927158454895989
"Gene721"	"Gene721"	2.82905988560385	1	2.82905988560385	1.67844578143456	0.996387387044787	1	1
"Gene725"	"Gene725"	3.07017735824918	1	3.07017735824918	1.17437324129572	1.57643207417369	1	1
"Gene727"	"Gene727"	2.31263218457675	1	2.31263218457675	0.611097290220305	1.21435915211294	1	1
"Gene728"	"Gene728"	3.35309806705745	1	3.35309806705745	0.408412234188566	1.52983831686397	1	1
"Gene729"	"Gene729"	0.817751262360262	1	0.817751262360262	1.6244585617672	2.25305551092324	1.17783545370664	1
"Gene731"	"Gene731"	3.91221448230216	1	3.91221448230216	1.09868010539763	1.38429184808471	0.930500593572446	1
"Gene735"	"Gene735"	1.86734185304893	1	1.86734185304893	0.64816668787063	0.578158015637158	1	1
"Gene739"	"Gene739"	3.88028156957803	1	3.88028156957803	2.11535536392674	1.84302659063199	1	1
"Gene740"	"Gene740"	7.47873232559007	1	7.47873232559007	2.75268768385372	1.22200619878312	1	1
"Gene746"	"Gene746"	6.67606974493971	1	6.67606974493971	1.45582260616314	1.89255029370013	1	1
"Gene748"	"Gene748"	7.03294468137118	1	7.03294468137118	1.10373800957674	0.376894127136774	1	1
"Gene750"	"Gene750"	2.52416190269251	1	2.52416190269251	1.83671036945916	1.43061453345779	1	1
"Gene753"	"Gene753"	3.19783290616733	1	3.19783290616733	2.06909690248392	1.75603265651427	1	1
"Gene756"	"Gene756"	6.8520646966496	1	6.8520646966496	0.232841524504351	2.03475466365372	1	1
"Gene757"	"Gene757"	4.90408887386503	1	4.90408887386503	2.08814441752988	1.70052956293297	1	1
"Gene758"	"Gene758"	7.3959003584158	1	7.3959003584158	1.69657815501796	2.26444216027973	1	1
"Gene761"	"Gene761"	1.14184733853137	1	1.14184733853137	1.59914746340616	1.08611396052314	1	1
"Gene763"	"Gene763"	1.88421659904952	1	1.88421659904952	1.45719652109568	0.804437371873311	1	1
"Gene766"	"Gene766"	5.94817384333396	1	5.94817384333396	1.11915170843636	0.538182924377978	1	0.973713023028889
"Gene767"	"Gene767"	6.04443398170823	1	6.04443398170823	0.766065426593812	0.326062489418523	1	1
"Gene773"	"Gene773"	1.8553388141064	1	1.8553388141064	1.08661704345239	1.27235712883757	1	1
"Gene777"	"Gene777"	7.31039434380343	1	7.31039434380343	2.03935373374698	1.77429467984338	1	1
"Gene780"	"Gene780"	6.48194884566268	1	6.48194884566268	0.887585196658491	1.29971641350195	1	1
"Gene781"	"Gene781"	1.87928039219676	1	1.87928039219676	0.97837327868337	0.944631960839989	1	1
"Gene782"	"Gene782"	2.55414179177561	68.6996751386554	69.5449652354739	1.66245807579458	0.78124064294283	1	1
"Gene786"	"Gene786"	2.34672000289267	1	2.34672000289267	1.81770676015383	0.995651029795925	1.41720382415912	1
"Gene791"	"Gene791"	1.57584696335832	1	1.57584696335832	1.75635712643548	0.94291249196896	1	0.955541045819959
"Gene792"	"Gene792"	5.37416051311731	1	5.37416051311731	0.929385260261193	1.26913341933587	1	1
"Gene795"	"Gene795"	1.14625959249231	1	1.14625959249231	1.24614043068702	1.11558369580974	1.3121220506337	1.22487082712031
"Gene804"	"Gene804"	1.389088586167	1	1.389088586167	0.976687340884717	1.64055745846307	1	1
"Gene805"	"Gene805"	2.01357809606084	1	2.01357809606084	3.26592082765506	1.81126206724469	1	1
"Gene808"	"Gene808"	0.745454809777855	91.7396935516757	92.8684711519757	0.524719893241127	1.12486343671484	1.02829791185469	1
"Gene811"	"Gene811"	4.28917756836348	1	4.28917756836348	1.71626058609309	1.39167287220384	1	1
"Gene813"	"Gene813"	1.30692959346869	1	1.30692959346869	0.861581927610939	1.45693928316216	1	1
"Gene818"	"Gene818"	2.70509810104837	1	2.70509810104837	0.711706720906303	1.56438997316244	1	1
"Gene819"	"Gene819"	8.28049679837906	1	8.28049679837906	2.2581526614162	0.895063152685299	1	1
"Gene821"	"Gene821"	7.79603709987363	1	7.79603709987363	1.74047915219758	0.998777547276241	0.974973961498235	1
"Gene822"	"Gene822"	3.1546062390433	1	3.1546062390433	0.97173122969357	0.830981202336218	1	1
"Gene824"	"Gene824"	2.29313859352994	1	2.29313859352994	1.38535823311868	1.64570647822243	1	1
"Gene825"	"Gene825"	2.75445894592413	1	2.75445894592413	0.944128171232749	1.8002781336578	1.24206414076961	1
"Gene826"	"Gene826"	14.546418950634	1	14.546418950634	0.743754667156924	1.56554511160566	1	1
"Gene830"	"Gene830"	0.459030182723423	75.3594761602929	76.2867093498409	1.87535714104594	0.911019552270853	1	1
"Gene832"	"Gene832"	2.23713873918674	1	2.23713873918674	0.620263301479916	1.33956084401786	1	1
"Gene834"	"Gene834"	1.64609913930987	1	1.64609913930987	1.8971340483844	1.99706020484774	1	1
"Gene838"	"Gene838"	8.23491994509673	1	8.23491994509673	3.26845514480129	0.498977155693074	1	1
"Gene840"	"Gene840"	12.2827481372272	1	12.2827481372272	2.71985660686937	2.58865796539765	1	1
"Gene842"	"Gene842"	1.89916277305113	1	1.89916277305113	0.868254547446319	2.34868320459297	1	1
"Gene844"	"Gene844"	2.38389482454832	1	2.38389482454832	0.470187682458929	2.4904528594559	1	1
"Gene846"	"Gene846"	5.74799135179874	1	5.74799135179874	1.31538595728309	0.57406311971762	1	1
"Gene847"	"Gene847"	3.18538151334929	1	3.18538151334929	0.527974486267069	0.658914316003916	1	1
"Gene848"	"Gene848"	4.67228892903044	1	4.67228892903044	2.5531682861956	0.574565734534587	1	1
"Gene850"	"Gene850"	0.233667067124275	60.269831637759	61.0113997997262	0.791791052634173	0.642454139893044	1	1
"Gene856"	"Gene856"	6.52965811499173	1	6.52965811499173	3.46556520290341	1.68368835316855	1	1
"Gene857"	"Gene857"	4.0471113520748	1	4.0471113520748	0.840605377972169	1.36057511263021	1	1
"Gene861"	"Gene861"	2.73060955556839	1	2.73060955556839	2.69316374440583	0.496059678110413	1	1
"Gene864"	"Gene864"	0.166419893231207	98.8435876645571	100.059772539059	1.82241091783374	0.317774993892232	1	1
"Gene867"	"Gene867"	0.792344708538243	41.2173476537417	41.7244914752884	0.762076375212206	0.494860892801705	1	1
"Gene869"	"Gene869"	2.08786588455308	1	2.08786588455308	1.69687673573286	2.07640100177341	1	1
"Gene871"	"Gene871"	2.2363987104373	1	2.2363987104373	0.794549727712165	1.72247515852714	1.03040380745823	1
"Gene873"	"Gene873"	2.05533830679012	1	2.05533830679012	1.82703152394291	0.598216664904019	1	1
"Gene881"	"Gene881"	1.3745207798872	1	1.3745207798872	1.13614918717207	1.52831959761059	1	1
"Gene882"	"Gene882"	4.29450139455288	1	4.29450139455288	0.944067341088012	1.04940617992845	1	1
"Gene884"	"Gene884"	2.74695620623211	1	2.74695620623211	0.719109464256912	0.77541296094528	0.986664916597643	1
"Gene886"	"Gene886"	1.73656616229825	1	1.73656616229825	1.03516974257294	0.65501146506326	1	1
"Gene889"	"Gene889"	3.64555952852081	1	3.64555952852081	1.36120210799808	1.23543630481101	1	1
"Gene894"	"Gene894"	5.23027927629924	1	5.23027927629924	0.429820666377893	0.745390625648851	1	1
"Gene895"	"Gene895"	6.61695264957964	1	6.61695264957964	0.472491513387373	1.70445546119049	1	1
"Gene896"	"Gene896"	1.95696901770395	1	1.95696901770395	0.675869392180282	0.937136382060081	1	1
"Gene897"	"Gene897"	3.41535752536364	1	3.41535752536364	2.08022361697732	1.83763570858827	1	1.18740456110093
"Gene899"	"Gene899"	11.7112108212805	1	11.7112108212805	1.11234381757515	1.90982651631403	1	1
"Gene900"	"Gene900"	2.40044096842576	1	2.40044096842576	0.749898217998146	2.1342149069791	0.996598626092566	1
"Gene903"	"Gene903"	1.33328855980303	1	1.33328855980303	1.57121585785697	0.986903407480639	1	1
"Gene905"	"Gene905"	2.34670188430768	1	2.34670188430768	0.742000400455204	1.46410948910859	1	0.857043365285782
"Gene906"	"Gene906"	1.85826294236611	29.8063545053384	30.1730959234713	1.23351088058357	0.793735974852685	1	1
"Gene907"	"Gene907"	1.70306818449134	1	1.70306818449134	0.850938977541442	1.20238417408817	1	1
"Gene916"	"Gene916"	1.74576870422522	1	1.74576870422522	1.39434150089521	1.27840043108117	1	1
"Gene918"	"Gene918"	3.44438322451348	1	3.44438322451348	1.50067223585796	0.422829084680928	1	1
"Gene920"	"Gene920"	4.13982596950417	1	4.13982596950417	2.25530620860855	1.27939151486817	0.941044017264437	1
"Gene921"	"Gene921"	1.07924800060224	1	1.07924800060224	1.72478526436557	0.964118653858477	1	1
"Gene927"	"Gene927"	8.67275546220736	1	8.67275546220736	1.87286161678119	0.874288268740486	1	1
"Gene928"	"Gene928"	2.76787313917569	1	2.76787313917569	1.95963507158294	0.709005955349221	1	1
"Gene930"	"Gene930"	5.53005662511104	1	5.53005662511104	0.612560490515337	0.590314280287184	1	1
"Gene931"	"Gene931"	0.918952157480771	43.1543151343562	43.6852916658235	1.59844010184572	1.04402627242481	1	1
"Gene934"	"Gene934"	4.21051517282036	1	4.21051517282036	0.529441845177019	0.895609465778487	0.977362728939083	1
"Gene935"	"Gene935"	2.16826147436395	1	2.16826147436395	0.648586049984028	1.49695101038375	1	1
"Gene936"	"Gene936"	3.39420984103986	1	3.39420984103986	0.49903554084234	1.96172865593398	1	1
"Gene937"	"Gene937"	3.29849079896698	1	3.29849079896698	1.46006729337287	0.837441542018849	1	1
"Gene938"	"Gene938"	2.26194169064532	1	2.26194169064532	1.26989793653637	1.20499228733976	0.838547424800692	1
"Gene940"	"Gene940"	3.1272848764026	1	3.1272848764026	1.34649849902501	2.55620395848113	1	1
"Gene943"	"Gene943"	9.42246513168688	1	9.42246513168688	0.563808184262268	0.370356466261619	1	1
"Gene947"	"Gene947"	1.64589401546561	1	1.64589401546561	1.4586218271427	0.883919605630077	1	1
"Gene949"	"Gene949"	12.2885083550576	1	12.2885083550576	0.436596205986225	2.16632421973751	1	1
"Gene952"	"Gene952"	2.48691234779324	1	2.48691234779324	2.02681737716626	1.43766474121592	1.03913471966604	1
"Gene953"	"Gene953"	0.702341008076303	1	0.702341008076303	2.14698344522122	3.24251943673732	1	1
"Gene955"	"Gene955"	2.36513353258973	1	2.36513353258973	1.59378534830239	0.986748498802749	1	1
"Gene956"	"Gene956"	0.516817758863407	132.443799133857	134.073405555822	0.501017404996413	1.20253277662546	1	1
"Gene958"	"Gene958"	3.64827073435223	1	3.64827073435223	2.09042319720918	0.453122391033713	1	1
"Gene962"	"Gene962"	6.26428755859203	1	6.26428755859203	0.674921021966823	1.05608419979764	1	1
"Gene964"	"Gene964"	0.681009550827236	1	0.681009550827236	2.55258962055553	1.77312616815834	1	1
"Gene966"	"Gene966"	3.38420235123763	1	3.38420235123763	2.11730056101739	0.565158531913994	0.786219445278065	1
"Gene968"	"Gene968"	2.27308855564796	1	2.27308855564796	2.22674291935538	1.11107085453227	1.02103923748349	0.797339258665894
"Gene969"	"Gene969"	3.67700746827454	1	3.67700746827454	0.628715275845448	1.30994784303639	1	1
"Gene971"	"Gene971"	3.65195679476144	1	3.65195679476144	1.69097143256601	1.89413963169318	1.3146546152983	1.20617436643636
"Gene973"	"Gene973"	3.90046591458254	1	3.90046591458254	0.285886796792088	0.322433222375063	1	1
"Gene986"	"Gene986"	5.34898808197719	1	5.34898808197719	0.619069784604043	2.70801136614478	1	1
"Gene989"	"Gene989"	4.15391867291832	1	4.15391867291832	1.05632169638078	1.02123292797298	1	1
"Gene992"	"Gene992"	0.871179419433761	1	0.871179419433761	2.33239425365526	2.36055440200422	1	1
"Gene993"	"Gene993"	3.91032488720429	1	3.91032488720429	0.644058606859528	0.451938253161223	0.977914288985225	1
"Gene995"	"Gene995"	3.46588995611261	1	3.46588995611261	2.29125427815629	0.552495657716262	1	1
"Gene996"	"Gene996"	3.27643515098116	1	3.27643515098116	0.350460075855191	0.482126642538174	1.22067694590156	1
"Gene998"	"Gene998"	6.19451787823331	1	6.19451787823331	0.987610709982978	2.01372503723103	1	1
"Gene1003"	"Gene1003"	1.49124916670956	1	1.49124916670956	2.88621129989315	1.04530491900939	1	1.10570084192504
"Gene1005"	"Gene1005"	4.01582836009482	1	4.01582836009482	0.877268103927449	0.834928947062398	1	1
"Gene1006"	"Gene1006"	2.8068068035443	1	2.8068068035443	1.48703619453259	0.705154121804978	1	1
"Gene1007"	"Gene1007"	5.2167377315749	1	5.2167377315749	0.881508689787426	1.54421684199182	1	1
"Gene1009"	"Gene1009"	7.60689239191666	1	7.60689239191666	0.701811981184111	0.772637344229751	1	0.838971978153768
"Gene1010"	"Gene1010"	1.1123180783962	1	1.1123180783962	1.00444831770056	1.01558510615442	1	1
"Gene1011"	"Gene1011"	2.37855666441382	1	2.37855666441382	0.942426663407536	0.638826959597657	1	1
"Gene1013"	"Gene1013"	2.04379305634701	1	2.04379305634701	0.67463648472257	2.81540703703563	1	1
"Gene1015"	"Gene1015"	0.988843886601659	1	0.988843886601659	1.53179946609852	2.53467637194265	1	1
"Gene1017"	"Gene1017"	2.44948781952255	1	2.44948781952255	1.16397512010078	1.94446736784307	1	1
"Gene1021"	"Gene1021"	3.25627964608428	1	3.25627964608428	0.549709946824162	0.462851853076389	1	1
"Gene1023"	"Gene1023"	1.0007667348958	1	1.0007667348958	3.48045349630837	1.66387529325943	1	1
"Gene1025"	"Gene1025"	2.52710477754108	1	2.52710477754108	1.97800844393027	2.57640331208908	1	1
"Gene1026"	"Gene1026"	6.02640547655046	1	6.02640547655046	0.775324135805353	1.02840682838738	1	1
"Gene1030"	"Gene1030"	9.14922914153027	1	9.14922914153027	1.64906102193225	1.53891008234781	1.06216337198547	1
"Gene1033"	"Gene1033"	3.71977475096849	1	3.71977475096849	0.516712336475631	0.769194987906377	1.04764355364611	1
"Gene1034"	"Gene1034"	0.273142041468679	22.3138385462365	22.588391034397	0.43410322661231	0.76903927077193	1	0.998050825739582
"Gene1036"	"Gene1036"	3.23351709298316	1	3.23351709298316	0.505788910531337	1.57494388227812	1	1
"Gene1038"	"Gene1038"	1.02673451306737	1	1.02673451306737	1.47689009740229	2.40754622276255	1	1.05114343658109
"Gene1039"	"Gene1039"	1.45031679294626	1	1.45031679294626	1.41077647670338	0.946924398597586	1	1
"Gene1040"	"Gene1040"	5.79945152370659	1	5.79945152370659	0.646249923432251	0.52854657211661	1	1
"Gene1047"	"Gene1047"	3.23623217248985	1	3.23623217248985	0.634667387157501	1.28954982254911	1	1
"Gene1053"	"Gene1053"	5.4620845769601	1	5.4620845769601	1.32744066877083	0.734618457120097	1	1
"Gene1055"	"Gene1055"	15.2545409110859	1	15.2545409110859	1.42192426953888	0.311625290046171	1	1
"Gene1057"	"Gene1057"	1.27933888137309	1	1.27933888137309	1.23842888751856	0.986377477498481	1	1.02733667931675
"Gene1065"	"Gene1065"	9.49493526487799	1	9.49493526487799	0.332787153538647	0.809865674062418	1	1
"Gene1069"	"Gene1069"	6.72612831530978	1	6.72612831530978	3.05357866700485	1.60180874122397	1	1
"Gene1070"	"Gene1070"	5.07156528618143	1	5.07156528618143	1.73493250059397	1.19268089255268	1	1
"Gene1073"	"Gene1073"	3.00341186136956	1	3.00341186136956	0.741233710142497	0.890806511344221	1	1
"Gene1077"	"Gene1077"	8.33195851758103	1	8.33195851758103	1.28182864497917	1.05765766390167	1.27003618569252	1
"Gene1078"	"Gene1078"	2.42570032778203	1	2.42570032778203	0.457076624432814	0.922219979836876	1	1
"Gene1081"	"Gene1081"	3.72857720091541	1	3.72857720091541	0.766212429076314	0.676905299858152	1	1
"Gene1083"	"Gene1083"	4.86889690762676	1	4.86889690762676	2.38387124102746	0.756791677259846	1.08866626395905	1
"Gene1089"	"Gene1089"	6.18489505800239	1	6.18489505800239	1.65847722272626	1.09483882028648	1	1
"Gene1091"	"Gene1091"	2.51079181595074	1	2.51079181595074	0.725387679154233	1.14741344212685	1	1
"Gene1095"	"Gene1095"	3.6391978467723	1	3.6391978467723	0.824993046533899	1.11008957781804	1	1
"Gene1096"	"Gene1096"	2.21603719780229	1	2.21603719780229	2.57211211551535	0.823139680714358	1	1
"Gene1102"	"Gene1102"	1.30369435489963	63.9468921603829	64.733703372465	1.254537812008	0.75412289145651	1	1
"Gene1103"	"Gene1103"	2.10419978152895	1	2.10419978152895	1.78087295337295	1.70002397892783	1	1
"Gene1104"	"Gene1104"	2.6077076906824	1	2.6077076906824	0.475281921408795	2.06244450561532	1	1
"Gene1105"	"Gene1105"	3.24261027530648	1	3.24261027530648	0.715802044834759	1.17691325552558	1	1
"Gene1108"	"Gene1108"	1.63418672637858	1	1.63418672637858	0.747406249013536	1.36103885919947	1	1
"Gene1112"	"Gene1112"	3.79440280580596	1	3.79440280580596	0.637345322701503	1.57043019013073	1	0.895653606289871
"Gene1113"	"Gene1113"	1.61546279850459	1	1.61546279850459	1.26138111388767	2.18260143602508	1	1
"Gene1120"	"Gene1120"	7.12659944320761	1	7.12659944320761	0.804975731101997	2.81403464632447	1	1
"Gene1123"	"Gene1123"	1.01328475746764	1	1.01328475746764	1.32839315404856	2.07995741548266	1	0.881752279672821
"Gene1124"	"Gene1124"	9.84114501964178	1	9.84114501964178	0.522964024418992	0.739865853805123	1	1
"Gene1126"	"Gene1126"	1.64108130281552	1	1.64108130281552	0.698722485149651	1.51644542520978	1	1
"Gene1131"	"Gene1131"	2.27675949823656	1	2.27675949823656	0.742767843493167	0.676881442357498	1	1
"Gene1132"	"Gene1132"	8.966484882794	1	8.966484882794	0.709698118684599	1.62158915602175	1	1
"Gene1133"	"Gene1133"	4.63303295295901	1	4.63303295295901	0.765646222754113	0.873068903071659	1	1
"Gene1134"	"Gene1134"	7.20113986514828	1	7.20113986514828	0.424664708398239	2.07119044784741	1	1
"Gene1138"	"Gene1138"	4.26270095760583	1	4.26270095760583	0.6223320681351	2.38004066544567	1	1
"Gene1140"	"Gene1140"	3.13790920483322	1	3.13790920483322	0.532937712232564	1.53329789897046	1	1
"Gene1142"	"Gene1142"	1.89744873174694	45.033146347725	45.587240272616	1.13373991356417	1.38004519252833	1	1
"Gene1144"	"Gene1144"	4.59431095290336	1	4.59431095290336	0.67325596181215	2.16649815645245	1	1
"Gene1148"	"Gene1148"	2.65139433641607	1	2.65139433641607	0.46768378162189	0.628906597291807	1	1
"Gene1153"	"Gene1153"	2.41813451481611	1	2.41813451481611	1.26430033571757	2.06402657549891	1.23324853493634	1
"Gene1156"	"Gene1156"	5.74306807106027	1	5.74306807106027	0.695503380958987	0.660965073518033	1	0.946356801168235
"Gene1163"	"Gene1163"	3.81148868916508	47.0345121750513	47.6132311758328	0.763824241392583	0.910022855178999	1	1
"Gene1164"	"Gene1164"	3.17250036525024	1	3.17250036525024	0.594012172472444	0.802287417790433	1	0.826910929134148
"Gene1165"	"Gene1165"	5.75780304556215	1	5.75780304556215	0.719838122315061	1.58880530392815	1	1
"Gene1166"	"Gene1166"	4.05428598377016	1	4.05428598377016	1.06489620590737	0.46722418838942	1	1
"Gene1168"	"Gene1168"	11.7620071789235	1	11.7620071789235	2.38739480884804	1.7783841872051	1	1
"Gene1169"	"Gene1169"	7.06309448653926	1	7.06309448653926	1.67714637891788	1.02957788932608	1	1
"Gene1170"	"Gene1170"	7.35516840732071	1	7.35516840732071	0.780945864342968	0.863802050330439	1	1.01770841000047
"Gene1174"	"Gene1174"	5.5243547770402	1	5.5243547770402	1.44281386709159	0.589269341680999	1	1
"Gene1178"	"Gene1178"	7.043322158607	1	7.043322158607	1.32841874124818	0.66713359875206	1	1
"Gene1179"	"Gene1179"	8.99957494853146	1	8.99957494853146	0.733662818333987	0.326404315315602	1	1
"Gene1181"	"Gene1181"	11.6360993741033	1	11.6360993741033	0.651627254146321	1.65607377802004	1	1
"Gene1182"	"Gene1182"	2.16105078402756	1	2.16105078402756	1.44419297941379	0.611814579284613	1	1
"Gene1185"	"Gene1185"	0.56934072794297	56.1261210422321	56.8167044284574	0.784498439583997	1.18209309290762	1	1
"Gene1191"	"Gene1191"	3.33756602872339	1	3.33756602872339	0.537440375060424	2.10312810442726	1	1
"Gene1192"	"Gene1192"	2.05321225905511	1	2.05321225905511	0.691409837927265	1.56285851385403	1	1
"Gene1194"	"Gene1194"	0.975484399543791	1	0.975484399543791	1.84437039463442	1.22500506672671	1	1
"Gene1196"	"Gene1196"	2.25178295037011	1	2.25178295037011	2.47774835023509	2.62436116044574	1	1
"Gene1197"	"Gene1197"	3.71584930070467	1	3.71584930070467	0.712723650191048	1.13055133761719	1	1
"Gene1198"	"Gene1198"	4.95323585398385	1	4.95323585398385	0.845989079550622	1.4746224553846	1	1
"Gene1202"	"Gene1202"	0.182650026235132	37.7400312546836	38.2043897048337	0.795992691835671	0.914791676335535	1	1
"Gene1204"	"Gene1204"	2.05699892684448	1	2.05699892684448	1.52662540137438	0.57784400761643	1	1
"Gene1207"	"Gene1207"	3.34966704820039	1	3.34966704820039	1.15337974856175	0.759945094997916	1	1
"Gene1213"	"Gene1213"	6.15090545489333	1	6.15090545489333	2.39767878265705	1.27637294933947	1	1
"Gene1215"	"Gene1215"	5.96063774286938	1	5.96063774286938	0.328465979615371	1.70930029936673	1.04255120587744	1
"Gene1221"	"Gene1221"	1.44583874538135	1	1.44583874538135	1.4837871121671	0.849585192077603	1	1
"Gene1223"	"Gene1223"	2.0607987389569	1	2.0607987389569	1.34262072934492	1.35607742698084	1	1
"Gene1224"	"Gene1224"	8.22254262260324	1	8.22254262260324	1.69993417007203	0.797868500460984	1	1
"Gene1227"	"Gene1227"	1.9786661789578	1	1.9786661789578	1.33111359124273	2.05674245435626	1	1
"Gene1229"	"Gene1229"	1.6660080783482	1	1.6660080783482	1.46309127997712	0.987467753785582	1	1
"Gene1230"	"Gene1230"	0.902759028142178	1	0.902759028142178	3.14906322728749	1.59855392276323	1	1
"Gene1233"	"Gene1233"	3.07373498196385	1	3.07373498196385	0.612032385591898	1.63123487628057	1	1
"Gene1234"	"Gene1234"	13.5486671404473	1	13.5486671404473	0.829396191803232	0.645283102028681	0.95183894679554	1
"Gene1235"	"Gene1235"	1.78439187632246	1	1.78439187632246	0.67932651632047	2.25308508710136	1	1
"Gene1242"	"Gene1242"	2.67611591046931	1	2.67611591046931	1.21861907581389	0.881343463641592	1	1
"Gene1243"	"Gene1243"	2.6068325252248	1	2.6068325252248	0.547514802601504	0.661172910641516	1	1
"Gene1244"	"Gene1244"	8.30427462185102	1	8.30427462185102	0.544845822679736	0.846606331774491	1	1
"Gene1248"	"Gene1248"	2.38436826165548	1	2.38436826165548	0.813457509990098	1.42339527212292	1	1
"Gene1249"	"Gene1249"	4.26113582843057	1	4.26113582843057	0.780352571892039	0.425456858921664	1	1
"Gene1252"	"Gene1252"	7.58131933228568	1	7.58131933228568	1.49063482212515	0.865819657979014	1	1
"Gene1256"	"Gene1256"	3.47220569510186	1	3.47220569510186	1.60621620937809	1.8295447136886	1	1
"Gene1260"	"Gene1260"	46.3939991305342	1	46.3939991305342	1.00215013786474	1.55853963483003	1	1
"Gene1262"	"Gene1262"	2.80174156564446	1	2.80174156564446	1.11698137643885	1.57945540118846	1	1.05933063199958
"Gene1263"	"Gene1263"	7.19137938364237	1	7.19137938364237	1.48969884478201	3.19399255337596	1	1
"Gene1266"	"Gene1266"	9.65049284483597	1	9.65049284483597	3.91719808564982	0.494972447816578	1	1
"Gene1268"	"Gene1268"	4.53215502672252	1	4.53215502672252	0.718288287045784	1.75378191421461	1.2256099427767	1
"Gene1269"	"Gene1269"	5.22119608364173	1	5.22119608364173	0.561270337963747	2.97954263428265	0.999000661390005	1
"Gene1271"	"Gene1271"	3.85017113421079	1	3.85017113421079	1.05840919757629	0.482635192998549	1	1
"Gene1274"	"Gene1274"	2.73023347795167	1	2.73023347795167	1.33171115142839	1.8310835068097	1.02896017413556	1
"Gene1276"	"Gene1276"	1.02706520587958	59.3200704776629	60.0499526498295	1.90321991210271	0.529836543230042	1	1.33758988490978
"Gene1277"	"Gene1277"	3.45112824422459	1	3.45112824422459	1.78689138736906	1.78523121281196	1	1
"Gene1278"	"Gene1278"	1.4711766566664	1	1.4711766566664	2.04151000648184	1.0513250178067	1	1
"Gene1280"	"Gene1280"	11.9212600356208	1	11.9212600356208	1.51770330239437	0.85448786285159	1	1
"Gene1281"	"Gene1281"	1.3373966408396	1	1.3373966408396	1.25541254896491	1.11761337377312	1	1
"Gene1283"	"Gene1283"	2.13221613307712	1	2.13221613307712	1.87000863298795	1.25228633127351	1	1
"Gene1284"	"Gene1284"	1.6405396810147	1	1.6405396810147	0.726240047475747	0.62526989731111	1	1
"Gene1285"	"Gene1285"	4.63460160101476	1	4.63460160101476	0.461875685773587	0.712421200364741	1.02601450759586	1
"Gene1286"	"Gene1286"	4.37524010474571	1	4.37524010474571	1.24968069943843	0.951168461000448	1	1
"Gene1287"	"Gene1287"	7.96487776705828	1	7.96487776705828	2.42910909387925	1.38627777828125	1	1
"Gene1290"	"Gene1290"	6.46996853924496	1	6.46996853924496	0.550863594172826	1.02664490559923	0.936933812847957	1
"Gene1291"	"Gene1291"	2.65363195204143	1	2.65363195204143	1.42140142363718	1.14137520452531	1	1
"Gene1292"	"Gene1292"	2.72605050049119	1	2.72605050049119	0.908470328333201	2.35514145254908	1	1
"Gene1293"	"Gene1293"	5.35883136695109	1	5.35883136695109	0.74783406368468	0.667490132050192	1	1
"Gene1296"	"Gene1296"	1.67294879342092	1	1.67294879342092	1.54784383611185	2.73209242135216	1	1
"Gene1297"	"Gene1297"	11.25762875861	1	11.25762875861	0.447095497267365	0.412554063401253	1	1
"Gene1299"	"Gene1299"	0.962929469489261	1	0.962929469489261	3.54066823861391	2.37969966025429	1	1
"Gene1300"	"Gene1300"	2.12925957416912	1	2.12925957416912	1.26009144390513	1.21940243586649	1	1
"Gene1302"	"Gene1302"	2.26095880985271	1	2.26095880985271	1.03095408786231	1.23285221689224	1	1
"Gene1303"	"Gene1303"	4.39349966068835	1	4.39349966068835	2.19114607922637	1.59209477614083	1	1
"Gene1307"	"Gene1307"	5.32573771574663	1	5.32573771574663	0.556892652877743	0.503450277898934	1	1
"Gene1309"	"Gene1309"	7.83552842354283	1	7.83552842354283	1.72965769804338	0.278824914116659	1	1
"Gene1313"	"Gene1313"	3.9119961613723	1	3.9119961613723	1.69434009530861	0.602369962736488	1.08961352307009	1
"Gene1315"	"Gene1315"	6.61339057099374	1	6.61339057099374	1.08184100607498	0.955351282478148	1	1.0210453963465
"Gene1316"	"Gene1316"	5.05836683465871	1	5.05836683465871	1.25312362641485	0.491122322354979	1	1
"Gene1317"	"Gene1317"	0.760282161348442	1	0.760282161348442	1.90152213287949	1.76324359035781	1	1
"Gene1319"	"Gene1319"	3.11713154947507	1	3.11713154947507	3.01572697334307	1.51471341269016	1	1
"Gene1320"	"Gene1320"	3.03223693226173	1	3.03223693226173	1.22313019464368	2.25204362907867	1	1
"Gene1323"	"Gene1323"	3.14238531882219	1	3.14238531882219	1.81376021764491	2.35409355727524	1	1
"Gene1324"	"Gene1324"	1.78576821761809	1	1.78576821761809	1.20622164555739	0.717923110898497	1	1
"Gene1329"	"Gene1329"	2.57249149307689	1	2.57249149307689	0.686056722446231	2.18533401849121	0.911956545841953	1
"Gene1330"	"Gene1330"	2.11487273643887	1	2.11487273643887	2.33964247286903	1.33721419021682	1	1
"Gene1336"	"Gene1336"	3.75222132131216	1	3.75222132131216	0.355443353342259	0.433341892405642	0.99128140524937	1
"Gene1337"	"Gene1337"	3.20610670672625	1	3.20610670672625	0.446395976062249	0.544170347490155	1	1.12484877221941
"Gene1339"	"Gene1339"	3.57409043535451	1	3.57409043535451	0.436387800941334	0.600631330212749	1	1
"Gene1341"	"Gene1341"	1.01096175223479	1	1.01096175223479	1.39054238792649	1.68078474511593	1	1
"Gene1342"	"Gene1342"	1.87604658342358	1	1.87604658342358	2.82403315799757	1.18805238252314	1	0.99173863869969
"Gene1343"	"Gene1343"	0.0598195163879192	83.1945387347129	84.2181755941289	0.861918170249658	0.365570291810702	1	1
"Gene1344"	"Gene1344"	1.76750029032945	1	1.76750029032945	1.82560335938932	1.83060923569704	1	1
"Gene1347"	"Gene1347"	0.779308784997039	1	0.779308784997039	1.8724203937357	1.63230458188175	1	1
"Gene1348"	"Gene1348"	1.23646041869197	19.9562105078842	20.2017544217134	0.656095101398235	1.01391729309266	1	1.11867230775123
"Gene1350"	"Gene1350"	1.66388745295148	1	1.66388745295148	0.713715047017979	1.12451210054613	1.03133180586069	1
"Gene1352"	"Gene1352"	0.77176243019077	88.2987967755986	89.3852371164701	1.27056243170364	0.558718944853203	0.927715945421745	1
"Gene1353"	"Gene1353"	1.80102455401341	1	1.80102455401341	1.69910741904877	1.02291481904094	1	1
"Gene1357"	"Gene1357"	1.99451252386737	1	1.99451252386737	1.22193945549029	0.915860479372765	1	1
"Gene1358"	"Gene1358"	1.36146995398751	1	1.36146995398751	1.3001328314854	1.96043704096603	0.932530838473674	1
"Gene1359"	"Gene1359"	0.771893369703446	1	0.771893369703446	2.61586450069776	2.03885035517652	1	1
"Gene1360"	"Gene1360"	0.0861787912243555	30.8649484761565	31.2447149777164	0.415428080456021	0.465769114519957	1	1
"Gene1363"	"Gene1363"	4.05483465030187	1	4.05483465030187	1.20023691605045	0.357939387230436	1.21405631077931	1
"Gene1364"	"Gene1364"	1.83306150412262	1	1.83306150412262	0.657372424977999	0.880946255716381	1	1.07445770378546
"Gene1365"	"Gene1365"	3.40403279926208	1	3.40403279926208	1.37066413371261	1.07092212778451	1	1
"Gene1366"	"Gene1366"	2.72927518376904	1	2.72927518376904	1.01980772059289	1.63075386732209	1	1
"Gene1368"	"Gene1368"	7.4435246505584	1	7.4435246505584	0.851040271272073	1.09565277482044	0.986106420372988	1.27201547048525
"Gene1372"	"Gene1372"	1.837664807722	1	1.837664807722	1.29579218339548	1.67573108857914	1	1
"Gene1373"	"Gene1373"	0.122056338514676	69.2154742578941	70.0671108168547	1.09332369113077	0.317465648908087	1	1
"Gene1374"	"Gene1374"	4.78499554604786	1	4.78499554604786	0.414440658693705	1.94313279731626	1	1
"Gene1375"	"Gene1375"	0.918745525884031	1	0.918745525884031	1.43570147211086	1.39363933559236	1	1
"Gene1376"	"Gene1376"	5.53986926313106	1	5.53986926313106	0.758473730262402	1.97599991957139	1	1
"Gene1377"	"Gene1377"	1.95177105739728	1	1.95177105739728	2.52126656297803	1.00509176207078	1	1
"Gene1378"	"Gene1378"	5.66679953141029	1	5.66679953141029	0.462672138955071	2.12998840201439	1	1
"Gene1379"	"Gene1379"	2.05233108722214	41.9189337720615	42.4347100041208	2.39020439368404	1.41198406095609	1	0.902452652851682
"Gene1382"	"Gene1382"	3.23136583399858	1	3.23136583399858	1.29759947934823	0.745692262043162	1	1
"Gene1383"	"Gene1383"	1.76187891542151	1	1.76187891542151	2.75902826444883	5.17141755590004	1	1
"Gene1386"	"Gene1386"	1.89449739721266	1	1.89449739721266	0.850459005010707	0.918364679815322	1	1
"Gene1387"	"Gene1387"	3.27889340305931	1	3.27889340305931	1.3259528366547	1.21269392602653	1	1
"Gene1388"	"Gene1388"	7.92921488242977	1	7.92921488242977	0.900881381246476	1.0088534873052	1	1
"Gene1391"	"Gene1391"	3.35507730857657	1	3.35507730857657	0.533912692887382	0.362447281250981	1	1
"Gene1404"	"Gene1404"	6.40322488948203	1	6.40322488948203	1.3341466195483	1.24418850496563	1	1
"Gene1405"	"Gene1405"	7.31809213077491	1	7.31809213077491	1.37451932133313	0.477737758291399	1	1
"Gene1409"	"Gene1409"	2.62542842879169	1	2.62542842879169	1.17664214180117	1.25755719524192	1	1
"Gene1410"	"Gene1410"	0.872010215073249	1	0.872010215073249	2.56954314004919	1.61874694452542	1	1
"Gene1412"	"Gene1412"	1.72198195785098	53.7699580163625	54.4315508539683	0.632136982901562	2.14476134605354	1	1.17354276493065
"Gene1419"	"Gene1419"	4.77872461395851	1	4.77872461395851	1.88534620242413	0.281415873618633	1	1
"Gene1420"	"Gene1420"	8.97502137048116	1	8.97502137048116	0.437687995775714	3.14270924230503	1	1
"Gene1426"	"Gene1426"	10.6677495588133	1	10.6677495588133	1.91152139405145	0.777922336581276	1	1
"Gene1429"	"Gene1429"	3.84356665976286	1	3.84356665976286	0.676349931123806	3.15976136365418	1	1
"Gene1432"	"Gene1432"	1.65245807808452	1	1.65245807808452	1.46302663444729	1.05522038696769	0.936843674068523	1.04514298337408
"Gene1434"	"Gene1434"	1.80816130402124	1	1.80816130402124	1.48822860801972	1.00638773501053	1	1
"Gene1435"	"Gene1435"	2.18407306366213	1	2.18407306366213	2.27626931137418	1.44755825343463	1	1
"Gene1439"	"Gene1439"	2.63382298158318	1	2.63382298158318	2.03204461128855	1.04350333750792	1.26601579500925	1
"Gene1443"	"Gene1443"	3.84967485898726	1	3.84967485898726	0.56059898149778	1.67805132528074	1	1
"Gene1450"	"Gene1450"	3.71266865128953	1	3.71266865128953	1.44380811394038	1.17869761919825	1.00089359406083	1
"Gene1452"	"Gene1452"	3.63499666211379	1	3.63499666211379	4.0743639993057	0.98139325017168	1	1
"Gene1453"	"Gene1453"	11.9387136347922	1	11.9387136347922	0.890919758334898	0.483919288469707	1	1
"Gene1454"	"Gene1454"	5.52425305667148	1	5.52425305667148	0.51371135398208	2.75730297794981	1.20195541245402	1
"Gene1455"	"Gene1455"	0.651979650327332	1	0.651979650327332	2.63707134594734	2.24052630433774	1	1
"Gene1459"	"Gene1459"	6.22047794953961	1	6.22047794953961	1.01378953497852	2.05016239764292	1	1
"Gene1463"	"Gene1463"	0.791953936844829	1	0.791953936844829	1.98685360937991	2.30198230747089	1	1
"Gene1468"	"Gene1468"	1.38893028123995	84.0733399684402	85.1077897171231	0.734477504142064	1.8227304772961	1	1
"Gene1474"	"Gene1474"	4.2076167883956	1	4.2076167883956	0.626934804085549	0.589650518069762	1	1
"Gene1476"	"Gene1476"	2.40474709823955	1	2.40474709823955	1.08675263872615	0.680153374277927	1.28816446297874	1.14963219253827
"Gene1478"	"Gene1478"	5.38603621056202	1	5.38603621056202	1.72534442119394	1.78701594949422	1	1
"Gene1479"	"Gene1479"	0.343712405089898	22.0637623840064	22.3352379012358	2.57205996469302	0.309532724336525	1	1
"Gene1484"	"Gene1484"	8.24517600073111	1	8.24517600073111	1.64137416364873	0.743135631455457	1	1
"Gene1485"	"Gene1485"	3.71092774816799	1	3.71092774816799	0.521073252249312	1.42575676851252	0.866752580281998	1
"Gene1487"	"Gene1487"	1.94230094368924	1	1.94230094368924	0.694673350031237	0.91663310128255	1	1.15435038822907
"Gene1488"	"Gene1488"	2.26134210926424	98.2918591406096	99.5012554727137	0.876125524121525	0.495997719946064	1	1
"Gene1489"	"Gene1489"	2.90282017277106	1	2.90282017277106	0.494555421327288	0.903304044324119	1	1
"Gene1491"	"Gene1491"	1.88310888553344	1	1.88310888553344	0.79356588209864	1.19955300964504	1	1.18400447769876
"Gene1494"	"Gene1494"	2.85939378668375	1	2.85939378668375	1.9944312345455	1.91405004681461	1	1
"Gene1495"	"Gene1495"	5.5862639171392	1	5.5862639171392	0.967004146414931	1.25437695167373	1	1
"Gene1497"	"Gene1497"	2.93740956706449	1	2.93740956706449	0.510037079507955	0.679300836354397	1	1
"Gene1498"	"Gene1498"	3.11641535005974	1	3.11641535005974	0.497428167540285	1.96236072032814	1	1
"Gene1500"	"Gene1500"	3.25862265420212	1	3.25862265420212	1.90254661039988	0.911552612696236	1	1.40698729782316
"Gene1506"	"Gene1506"	9.52531967666762	1	9.52531967666762	2.28614260216606	0.606735789098863	1.32693391124968	1
"Gene1509"	"Gene1509"	2.36882215235661	1	2.36882215235661	0.726083736417882	0.716645160086047	1	1
"Gene1511"	"Gene1511"	4.28492593901266	31.7522612014608	32.1429453188314	0.44069374633449	1.14887028695084	1	1.02500588812914
"Gene1520"	"Gene1520"	0.160683507796832	31.2318341062679	31.6161148182541	1.11399167688509	1.62803865542328	1	1
"Gene1521"	"Gene1521"	6.8630772561102	1	6.8630772561102	1.05447006174964	0.482793726246817	1	0.92284645427709
"Gene1526"	"Gene1526"	2.85941087976484	1	2.85941087976484	1.22214173963933	2.07600182511304	1	1
"Gene1527"	"Gene1527"	3.1353557961058	1	3.1353557961058	0.726893124452701	1.14131399464463	1.18689617011272	1
"Gene1529"	"Gene1529"	4.58041453429028	1	4.58041453429028	1.90650606899466	0.662823919924403	1	1
"Gene1531"	"Gene1531"	0.854297150400033	32.8256788352183	33.22957042837	0.663587067833522	0.709447360466415	1	1
"Gene1533"	"Gene1533"	3.56026506865482	1	3.56026506865482	0.669758943626805	0.348284086080163	1	1
"Gene1538"	"Gene1538"	2.72086795347846	1	2.72086795347846	0.895320514948489	0.518184225218736	1.0307545909491	1
"Gene1539"	"Gene1539"	4.70123935466971	1	4.70123935466971	0.659062549211293	1.40582860830812	1	1
"Gene1540"	"Gene1540"	2.23043581710163	32.3981813079377	32.7968129136804	0.902595109602306	1.2303281537144	1	1
"Gene1541"	"Gene1541"	4.20896510159499	1	4.20896510159499	0.56550704831833	0.872161721071319	1	1
"Gene1542"	"Gene1542"	4.179007367478	1	4.179007367478	1.81850463759123	0.935243501709749	1	1
"Gene1544"	"Gene1544"	1.83441108556259	1	1.83441108556259	0.939200256016944	1.41234193684804	0.834279344118943	1
"Gene1545"	"Gene1545"	3.62945033150035	1	3.62945033150035	1.51460878443216	1.21206004186771	1	1
"Gene1546"	"Gene1546"	12.4587221441153	1	12.4587221441153	1.13974824886724	1.91829457531476	1	1
"Gene1549"	"Gene1549"	1.42216216831219	1	1.42216216831219	1.06853792017832	1.66908475302484	1	1
"Gene1553"	"Gene1553"	11.1994911498066	1	11.1994911498066	0.469505075313233	0.488136334719286	1	1
"Gene1555"	"Gene1555"	3.18994806906264	1	3.18994806906264	1.19444245332208	1.00690624475896	1	1
"Gene1556"	"Gene1556"	4.28612559564432	1	4.28612559564432	1.72302890307481	0.83046296870726	0.924015060976628	1
"Gene1562"	"Gene1562"	2.11671580885081	1	2.11671580885081	1.31187809857813	1.28628659043219	1	1.1879430424466
"Gene1563"	"Gene1563"	8.95743321192454	1	8.95743321192454	0.495958786347266	0.469447004278462	1.24957254751974	1
"Gene1574"	"Gene1574"	2.73568717425014	1	2.73568717425014	1.36826154186271	1.03604478297995	0.906583149608709	1
"Gene1577"	"Gene1577"	1.8186329561742	1	1.8186329561742	2.0681882647714	1.32652244745445	1	1
"Gene1578"	"Gene1578"	2.73675421607216	1	2.73675421607216	1.32093177119565	1.57290263973123	1	1
"Gene1587"	"Gene1587"	1.5501793721993	1	1.5501793721993	0.9382879765013	1.821306704049	1	1
"Gene1588"	"Gene1588"	2.93981497066583	1	2.93981497066583	1.0948872788361	1.06304635740517	1	1
"Gene1589"	"Gene1589"	5.4245560550003	1	5.4245560550003	0.990616232693415	0.193219929986338	1	1
"Gene1590"	"Gene1590"	9.0930162525335	1	9.0930162525335	0.938720862309072	1.15791372167092	1	1
"Gene1598"	"Gene1598"	2.94998220637071	1	2.94998220637071	1.07288077845274	2.00027425237857	1	1
"Gene1600"	"Gene1600"	7.72361079505009	1	7.72361079505009	1.63308897388169	0.522096946444793	1	0.888359475348324
"Gene1601"	"Gene1601"	0.645463493203453	16.1394217046992	16.3380033327466	1.79339289364189	1.38746111061152	1	1.30981368029666
"Gene1603"	"Gene1603"	2.12090470948757	1	2.12090470948757	0.560519452946347	1.63055179240343	1	1
"Gene1605"	"Gene1605"	0.00843801324455254	23.8747793563085	24.1685378713653	0.620282134269918	0.359991555675879	1	1
"Gene1610"	"Gene1610"	4.18598414595528	1	4.18598414595528	0.736869479203697	1.85624246031888	1	1.05377914231633
"Gene1613"	"Gene1613"	6.87681162267284	1	6.87681162267284	0.741918480379623	0.726675977066007	1	1
"Gene1614"	"Gene1614"	0.99090952392169	48.6415272738439	49.2400192058032	0.633811440013185	1.43754780098823	1	1
"Gene1616"	"Gene1616"	9.02112294557219	1	9.02112294557219	1.76532707715802	1.03495279105274	1	1.05939553396321
"Gene1617"	"Gene1617"	2.31953430679096	1	2.31953430679096	1.04509225293121	0.929951434345396	1.069857905715	1
"Gene1620"	"Gene1620"	3.81739980889792	1	3.81739980889792	0.696477288273841	1.18682284910206	1	1
"Gene1621"	"Gene1621"	0.953597263485274	1	0.953597263485274	1.82135079068777	1.67957229508468	1	1
"Gene1624"	"Gene1624"	1.67344084435639	1	1.67344084435639	0.784677902211351	1.30763486280899	1	1
"Gene1626"	"Gene1626"	3.17466928351573	1	3.17466928351573	1.07482851391611	0.497815160886765	1	1
"Gene1635"	"Gene1635"	5.36707227315265	1	5.36707227315265	1.84706385404473	1.52508725415348	1	1
"Gene1646"	"Gene1646"	5.35785850070508	1	5.35785850070508	0.546070411071965	1.30450998689461	1	1.21238014380673
"Gene1649"	"Gene1649"	3.95218763384845	1	3.95218763384845	1.01151944261504	1.29936713195285	1	1
"Gene1650"	"Gene1650"	4.29403045808682	1	4.29403045808682	0.492344551677653	0.426502836114001	1	1
"Gene1652"	"Gene1652"	6.71323901913885	1	6.71323901913885	1.7349942410067	0.390105117329912	1	1
"Gene1656"	"Gene1656"	0.0279386619375383	77.0665021082034	78.0147387759464	0.402162565987566	0.886161703722251	1	1
"Gene1660"	"Gene1660"	14.9970875231444	1	14.9970875231444	1.89964403206223	1.28628422724515	1	1
"Gene1668"	"Gene1668"	5.56833275739868	1	5.56833275739868	1.85739224606726	2.34032008150124	1	1
"Gene1673"	"Gene1673"	1.51162044805814	1	1.51162044805814	1.22113930710398	0.772093710219316	0.828425910455504	1
"Gene1674"	"Gene1674"	1.94071208642693	1	1.94071208642693	0.800310809327194	0.699099280146764	1	1
"Gene1677"	"Gene1677"	5.55777461582872	1	5.55777461582872	0.777422071689085	1.44092434896344	1	1
"Gene1678"	"Gene1678"	1.97491387771689	1	1.97491387771689	2.14836803649025	1.37617745855792	1	1
"Gene1681"	"Gene1681"	1.34195888680993	1	1.34195888680993	0.855169018864445	2.09998710086352	1	1
"Gene1684"	"Gene1684"	5.94151624761297	1	5.94151624761297	1.50456117017753	1.340564993519	1	1
"Gene1688"	"Gene1688"	1.60137818923999	1	1.60137818923999	0.994568465849426	1.1393306703773	1	1
"Gene1689"	"Gene1689"	7.9439105617116	1	7.9439105617116	0.683441492391458	0.792647569026561	1	1
"Gene1690"	"Gene1690"	4.34742561918403	1	4.34742561918403	0.725748877528755	0.367440197826029	1	1
"Gene1691"	"Gene1691"	3.1713581274429	1	3.1713581274429	0.71159978836841	0.787387983346421	1	1
"Gene1692"	"Gene1692"	3.10515361581261	1	3.10515361581261	2.64128284846091	1.10189735255104	1	1
"Gene1693"	"Gene1693"	2.38565701998136	1	2.38565701998136	2.34429496778071	1.603515636478	1	1.29016729318892
"Gene1696"	"Gene1696"	12.9046858011196	1	12.9046858011196	1.19055698185936	1.30763278950144	1	1
"Gene1701"	"Gene1701"	0.779535023834792	1	0.779535023834792	1.79977537690443	2.21267311995774	1	0.773570796573484
"Gene1702"	"Gene1702"	0.935591361733816	1	0.935591361733816	2.71827294588105	2.29249485875194	1	1
"Gene1704"	"Gene1704"	0.725176053745738	1	0.725176053745738	3.25305274835756	1.84171451821896	1	1
"Gene1707"	"Gene1707"	1.93875498409266	77.7761407266189	78.7331088839251	2.91199241016379	1.68193063635358	1	1
"Gene1708"	"Gene1708"	1.94808601401463	1	1.94808601401463	1.00435458554385	1.94423563830063	1	1
"Gene1709"	"Gene1709"	2.31826315618627	1	2.31826315618627	0.820473193037186	1.91508836665863	1	1
"Gene1710"	"Gene1710"	6.46017961551856	73.8883557117558	74.7974880362871	1.05820356025397	0.588333818645207	1	1
"Gene1712"	"Gene1712"	11.9048755709523	96.9775667004852	98.1707918006044	1.18841228378363	0.609627947328175	1	1
"Gene1714"	"Gene1714"	9.27632248301176	1	9.27632248301176	0.942314614806983	0.437908829478068	1	1.00425727462404
"Gene1717"	"Gene1717"	4.82086489255793	70.4705986866174	71.3376784663462	0.659575771229959	2.146516686706	1	1
"Gene1724"	"Gene1724"	4.44624108363018	1	4.44624108363018	2.45851053272598	0.594649818482547	1.06293828817914	1
"Gene1725"	"Gene1725"	2.71214088180848	1	2.71214088180848	0.608769277621699	2.05165479608163	1	1
"Gene1727"	"Gene1727"	1.57636058150875	1	1.57636058150875	2.02207467714921	0.646155495180204	1	1
"Gene1728"	"Gene1728"	4.8302048128934	1	4.8302048128934	3.8423232470809	0.339609778346378	1	1
"Gene1735"	"Gene1735"	4.98384664846784	1	4.98384664846784	0.922446580786987	0.775411680158107	1	1.14849960233228
"Gene1736"	"Gene1736"	10.1161720376746	1	10.1161720376746	0.718190940564617	0.540987564163937	1	1
"Gene1739"	"Gene1739"	2.09361704111957	1	2.09361704111957	1.07405738927597	1.3014049592712	1	1
"Gene1745"	"Gene1745"	1.52839110054516	1	1.52839110054516	1.45854155686043	1.67877318106889	1	1
"Gene1746"	"Gene1746"	0.0246023728418218	42.0136674971513	42.53060934578	0.380191417933187	1.99772441765674	1.14659984595571	1
"Gene1748"	"Gene1748"	1.58349074800863	1	1.58349074800863	1.42439361819371	0.952898743159317	0.850922691634212	1
"Gene1750"	"Gene1750"	7.7679830212064	1	7.7679830212064	3.47300628454254	1.22598536478168	1	1
"Gene1752"	"Gene1752"	1.60575306728543	1	1.60575306728543	2.01593067549697	2.02210641345181	1	1
"Gene1753"	"Gene1753"	1.24787661255282	1	1.24787661255282	2.26047226572032	2.03854945383754	1	1
"Gene1755"	"Gene1755"	2.07651150832107	1	2.07651150832107	1.47264971949909	0.896663495932072	1	1
"Gene1759"	"Gene1759"	1.20684349908541	1	1.20684349908541	1.58401382240022	1.82484361825195	1	1
"Gene1760"	"Gene1760"	4.28879868808447	1	4.28879868808447	2.66131705968031	1.19244720980911	1	1
"Gene1763"	"Gene1763"	1.2768200927459	108.947188552867	110.287689499547	0.995564655875582	0.421490468139066	1	1
"Gene1764"	"Gene1764"	4.03046178080853	1	4.03046178080853	1.05985528070245	2.47756911064083	1	1
"Gene1765"	"Gene1765"	2.52711987050929	1	2.52711987050929	2.16885330174647	0.496318569179197	1	1
"Gene1766"	"Gene1766"	3.14221208157814	1	3.14221208157814	1.11054828271319	2.18456855638525	1	1
"Gene1768"	"Gene1768"	1.49785254443225	1	1.49785254443225	1.1222810648902	0.944887498287732	1	1
"Gene1772"	"Gene1772"	2.3673545146692	101.647653679467	102.89834016156	1.30103587178088	0.469424537292776	1	1
"Gene1779"	"Gene1779"	1.96870602014514	1	1.96870602014514	2.04256879761166	1.42025504047019	1	1
"Gene1784"	"Gene1784"	10.8954811717273	1	10.8954811717273	0.540862809961823	1.9928516437008	1	1
"Gene1785"	"Gene1785"	3.03118779675295	1	3.03118779675295	0.441330077606587	1.36678023686135	1	1
"Gene1786"	"Gene1786"	3.91452656833633	1	3.91452656833633	1.89051085604459	1.00389667580109	1	0.817181508747264
"Gene1790"	"Gene1790"	2.17473541829456	1	2.17473541829456	4.0870624263094	0.512901113344151	1	1
"Gene1793"	"Gene1793"	3.67544355168101	1	3.67544355168101	1.04177598838294	1.04800345726038	1	1
"Gene1794"	"Gene1794"	4.56781874631247	1	4.56781874631247	1.88666664820346	1.43375187904559	1	1
"Gene1795"	"Gene1795"	2.24418226213593	1	2.24418226213593	1.40132697210425	2.09963318851008	1	1
"Gene1799"	"Gene1799"	6.71978554577918	1	6.71978554577918	0.435025706478347	0.629043692051751	1	1
"Gene1801"	"Gene1801"	2.30839555422407	1	2.30839555422407	0.583845144890251	0.867080070614993	1	0.822938995987964
"Gene1804"	"Gene1804"	4.33778093328295	1	4.33778093328295	1.12481352936053	1.24556393662078	1	1
"Gene1805"	"Gene1805"	4.31461616265129	1	4.31461616265129	0.865244782546701	1.16253069261907	1	1
"Gene1807"	"Gene1807"	3.02877300282696	1	3.02877300282696	0.662228607596761	0.987770549781555	1	1
"Gene1809"	"Gene1809"	2.38499492493589	44.8700631811677	45.4221505087149	0.975304005715096	0.471627653670743	1	1
"Gene1810"	"Gene1810"	2.50059663542356	1	2.50059663542356	1.31452720168614	0.515116357221689	1	1
"Gene1811"	"Gene1811"	8.10649322332154	1	8.10649322332154	2.10716791838281	0.720786325194872	1	1.39686905701995
"Gene1817"	"Gene1817"	4.66184964253473	1	4.66184964253473	0.692712073883562	0.477294367760545	1	1
"Gene1820"	"Gene1820"	5.50822042531196	1	5.50822042531196	1.358204058496	0.252126982994996	1	1
"Gene1822"	"Gene1822"	2.69349795188591	1	2.69349795188591	0.860550275119215	0.784320223647384	1	0.931559248875753
"Gene1824"	"Gene1824"	1.31792525410164	1	1.31792525410164	1.25738106802569	1.15718058924756	1	1
"Gene1825"	"Gene1825"	3.6396283777002	1	3.6396283777002	1.93974775454642	0.691756440848443	1	1
"Gene1827"	"Gene1827"	4.36629763641006	1	4.36629763641006	3.07170595612179	1.30366245960901	0.903523860170743	1
"Gene1830"	"Gene1830"	1.16730006359961	1	1.16730006359961	2.24150578260544	1.28766612619692	1	1
"Gene1831"	"Gene1831"	3.72738137322087	1	3.72738137322087	0.555694625211789	1.5760701181202	1	1
"Gene1832"	"Gene1832"	8.78195329792136	1	8.78195329792136	1.22174037213935	1.57300726158634	1	1
"Gene1833"	"Gene1833"	5.14002859572996	1	5.14002859572996	0.833256270047363	1.16652729883434	1	1
"Gene1835"	"Gene1835"	8.00814724161356	1	8.00814724161356	0.647409005069034	2.17983771366032	1	1
"Gene1836"	"Gene1836"	1.03595331095287	1	1.03595331095287	1.76375488121227	1.47484546403438	1	1
"Gene1837"	"Gene1837"	3.83152694922908	1	3.83152694922908	0.613105768817862	0.459022837996106	1	1
"Gene1841"	"Gene1841"	2.05742745310816	1	2.05742745310816	1.65255463930893	0.670674895563688	1	1
"Gene1845"	"Gene1845"	5.65161820106986	1	5.65161820106986	0.42115623682907	0.425753533197559	1	0.847966312521598
"Gene1847"	"Gene1847"	4.09692529861289	1	4.09692529861289	1.35104518919952	1.00209275097779	1	1
"Gene1852"	"Gene1852"	4.29653841117448	1	4.29653841117448	0.429046983575632	2.18001038848541	1	1
"Gene1856"	"Gene1856"	7.26518035369948	1	7.26518035369948	1.31561283446919	1.06199820369173	1	1
"Gene1858"	"Gene1858"	2.51361320548607	1	2.51361320548607	0.566150252824459	2.13795438250994	1	1
"Gene1864"	"Gene1864"	7.53155739730371	1	7.53155739730371	1.07294753815532	1.01908984887809	1	1
"Gene1865"	"Gene1865"	1.93994335217484	22.3053720152615	22.5798203300795	0.940519263153368	0.450848481260702	1	1
"Gene1867"	"Gene1867"	1.5361547526696	1	1.5361547526696	0.955438522813573	1.91518185130498	1.13032233572506	1
"Gene1869"	"Gene1869"	2.71237224815463	1	2.71237224815463	0.508812652878059	0.518851902127504	1	1
"Gene1872"	"Gene1872"	3.33768452599817	1	3.33768452599817	0.720541521253643	0.389419816809846	1	1
"Gene1876"	"Gene1876"	6.17068862655516	1	6.17068862655516	0.616741083995022	0.555915388181488	1	1
"Gene1878"	"Gene1878"	2.6427808717369	1	2.6427808717369	1.69154817014621	0.490340399917733	1	1
"Gene1884"	"Gene1884"	10.3576232275262	1	10.3576232275262	2.07070865767894	0.433257624543845	1	1
"Gene1885"	"Gene1885"	2.44519085379518	82.3343191362818	83.3473717373855	2.19573903300783	0.900285464974006	1	1
"Gene1888"	"Gene1888"	3.69481480872824	1	3.69481480872824	2.57730801520485	0.686009778569043	1	1
"Gene1890"	"Gene1890"	7.45405707848627e-06	90.6992136569586	91.8151890518744	1.54326013822288	1.01312686635367	1	1
"Gene1891"	"Gene1891"	3.04621206826857	26.9570361954875	27.2887192156711	3.31311852026808	0.589291833472034	1	1
"Gene1893"	"Gene1893"	2.38308696829992	1	2.38308696829992	0.623735035797736	1.32084815739344	1	1
"Gene1894"	"Gene1894"	10.5426463814923	1	10.5426463814923	0.580264336268515	0.957976261753529	1	1
"Gene1897"	"Gene1897"	2.918941421433	1	2.918941421433	1.05393159663656	0.631900854409908	1	1
"Gene1900"	"Gene1900"	1.84280687505317	1	1.84280687505317	0.936188995739366	0.84236559473278	1	1
"Gene1901"	"Gene1901"	3.22511372967074	1	3.22511372967074	1.04520497516935	1.74286757571037	1	1
"Gene1903"	"Gene1903"	1.50846333430509	1	1.50846333430509	1.73039433539867	3.04831267210927	1.12980193953694	1
"Gene1904"	"Gene1904"	1.77036930227028	1	1.77036930227028	1.93775760757893	1.26590921647354	1	1
"Gene1905"	"Gene1905"	4.33309988949221	1	4.33309988949221	1.59939154786329	0.464795497276869	1	1
"Gene1909"	"Gene1909"	0.180741350710532	20.8582683521086	21.1149113076864	0.987649845252081	1.24053526133237	1	1
"Gene1912"	"Gene1912"	5.59472033367911	1	5.59472033367911	2.38217728875566	0.653549263437936	1	1
"Gene1913"	"Gene1913"	1.84344291574314	1	1.84344291574314	1.06811140776303	1.37052449814627	1	0.8643235545061
"Gene1915"	"Gene1915"	3.87777898692694	1	3.87777898692694	0.593700175705058	0.5681181184173	1	1
"Gene1916"	"Gene1916"	1.47644935778847	1	1.47644935778847	1.16871835955456	1.50367956712465	1	0.811297662616112
"Gene1917"	"Gene1917"	3.78063101744145	1	3.78063101744145	0.955092553959743	0.832192995549903	1	1.15067125807344
"Gene1919"	"Gene1919"	1.66845908539007	26.1304960789447	26.4520092377173	0.393305561811514	0.879961517084448	1	1
"Gene1929"	"Gene1929"	2.87048152168779	1	2.87048152168779	0.436609830571933	0.718925190681473	1.11414428605272	1
"Gene1933"	"Gene1933"	1.65322636825723	1	1.65322636825723	1.65468761791538	0.706516277195882	1	1
"Gene1936"	"Gene1936"	2.8766759977889	1	2.8766759977889	2.20689645813117	2.39818825519259	1	1
"Gene1937"	"Gene1937"	2.78187824507642	1	2.78187824507642	0.9829963600811	0.886140821165861	1	1.06131579508834
"Gene1938"	"Gene1938"	0.00326232241392811	57.8245317959194	58.5360126578246	0.750034884531522	1.54376948284428	1	1
"Gene1940"	"Gene1940"	0.965830968612746	1	0.965830968612746	1.2160087841866	1.57601872582771	1	1
"Gene1943"	"Gene1943"	3.17955916884651	1	3.17955916884651	1.38021241446857	0.752494162082128	1	1
"Gene1945"	"Gene1945"	2.0051150340966	1	2.0051150340966	0.547566731217587	1.76126830278173	1.00794697025295	1
"Gene1946"	"Gene1946"	1.71529364613221	1	1.71529364613221	1.27948444269202	1.19307289893362	1.13426633542825	1
"Gene1947"	"Gene1947"	0.898780475807251	1	0.898780475807251	1.29289912692696	3.33507815635251	1	1
"Gene1950"	"Gene1950"	9.44635026708633	1	9.44635026708633	0.968050268288754	0.844790504728039	1	1.32735263848811
"Gene1951"	"Gene1951"	0.861031923231239	34.417948887362	34.8414319866426	2.51515010960034	1.17076040724546	1	1
"Gene1952"	"Gene1952"	3.88209703853797	1	3.88209703853797	1.64050127656768	1.0626641582452	1	1
"Gene1954"	"Gene1954"	0.215037021784517	99.8781831491798	101.107097826488	0.654529894751997	0.685994073456236	1	1
"Gene1956"	"Gene1956"	3.00943114576713	1	3.00943114576713	1.1025685931077	0.776193105275518	1	1
"Gene1957"	"Gene1957"	1.57084558298943	1	1.57084558298943	1.66718542588308	0.726876015568179	1	1.03255494670942
"Gene1958"	"Gene1958"	3.45986846944	1	3.45986846944	0.34249282472998	0.508388133676764	1	1
"Gene1960"	"Gene1960"	2.37238181915793	1	2.37238181915793	1.95955511281963	0.931662921834241	1	1
"Gene1961"	"Gene1961"	2.18315976297589	1	2.18315976297589	1.99091409321963	1.39086727363509	1	1
"Gene1962"	"Gene1962"	3.5727577226887	1	3.5727577226887	1.68977717559455	0.767721804653974	0.913582702894577	1
"Gene1963"	"Gene1963"	5.37778782389203	1	5.37778782389203	0.851383431847636	1.14560111912381	1	1
"Gene1964"	"Gene1964"	3.66525739033628	1	3.66525739033628	0.83063721288058	0.339630650180734	1	1
"Gene1965"	"Gene1965"	2.41572388801955	1	2.41572388801955	1.5185262785898	1.10173616245749	1	1
"Gene1966"	"Gene1966"	4.83506932184301	1	4.83506932184301	0.792507359558297	1.17831042905	1	1
"Gene1968"	"Gene1968"	6.79565112892143	1	6.79565112892143	0.809002173569013	1.22636259815785	1	1
"Gene1969"	"Gene1969"	7.67073132114986	1	7.67073132114986	0.403188893517618	0.636003544272121	1	1
"Gene1970"	"Gene1970"	2.58252242493081	1	2.58252242493081	1.88093366190002	1.65446880911948	1.05066302522074	1
"Gene1977"	"Gene1977"	7.17674394898619	1	7.17674394898619	0.733762922572056	1.47903325957375	1	1
"Gene1978"	"Gene1978"	8.87720725755193	1	8.87720725755193	1.66381960793428	3.11117002756515	1	1
"Gene1980"	"Gene1980"	0.42692790936278	67.9986908986691	68.8353559905674	0.606366439601505	1.18897980817916	1	1
"Gene1982"	"Gene1982"	0.771189011257907	1	0.771189011257907	2.4984619933661	2.34455925836037	1	1
"Gene1983"	"Gene1983"	0.464118920684777	45.1936410478993	45.7497097212934	0.495421867848679	0.4107297527065	1.13564502604915	1
"Gene1985"	"Gene1985"	8.47876569424471	1	8.47876569424471	0.867947770067592	0.595738957925028	1.06722205190922	1
"Gene1987"	"Gene1987"	6.34077726692854	1	6.34077726692854	1.95371089159592	0.876063676435747	1	0.821990191375476
"Gene1988"	"Gene1988"	3.5726516011132	1	3.5726516011132	1.46140226181444	0.944194636805137	1	1
"Gene1991"	"Gene1991"	7.3337008478539	1	7.3337008478539	0.472850569709427	1.1420295145391	1	1
"Gene1993"	"Gene1993"	3.21588652319713	1	3.21588652319713	0.84521540095099	1.97586553263985	1	1
"Gene1998"	"Gene1998"	2.92341628136101	1	2.92341628136101	1.06178404830242	0.603334618498711	0.968707751542649	1
"Gene1999"	"Gene1999"	7.03692245780424	1	7.03692245780424	1.54519049785563	0.829628989166274	1.37641985642121	1
"Gene2003"	"Gene2003"	10.1976941259861	1	10.1976941259861	1.08737233986028	0.73056055301268	1	1
"Gene2004"	"Gene2004"	6.72881941394276	1	6.72881941394276	0.640904370251615	1.74190320275595	1	1
"Gene2005"	"Gene2005"	1.64909571585814	1	1.64909571585814	0.713298957645876	1.4270877157221	1	1
"Gene2006"	"Gene2006"	0.452779693166832	43.933101497481	44.4736603217169	1.18592203047815	1.3860517649585	1	1.0976263046964
"Gene2007"	"Gene2007"	1.90305669070853	1	1.90305669070853	4.08778949487662	1.59937011025293	1	1
"Gene2008"	"Gene2008"	7.82138316536384	1	7.82138316536384	1.55087902520199	0.646268126412011	1	1
"Gene2009"	"Gene2009"	4.41689033487172	1	4.41689033487172	0.879624659264078	0.942991286032058	1	0.969380250266013
"Gene2010"	"Gene2010"	2.60631772101143	1	2.60631772101143	0.418360060599386	1.79324962329616	1	1
"Gene2011"	"Gene2011"	0.589209007487061	1	0.589209007487061	2.17509783620533	1.96769886480497	1	1
"Gene2016"	"Gene2016"	1.6604663846057	1	1.6604663846057	0.891694803946791	1.96715555754445	1	1
"Gene2018"	"Gene2018"	0.866139322979513	1	0.866139322979513	1.59731639926867	1.18622888124918	1	1
"Gene2019"	"Gene2019"	2.37703515877063	1	2.37703515877063	0.767016322446104	1.28812045126346	1	1
"Gene2021"	"Gene2021"	7.20013470404675	1	7.20013470404675	2.15231969221402	1.22395756920848	1	1
"Gene2024"	"Gene2024"	3.04339035693817	1	3.04339035693817	0.762034098410624	1.36700963564542	1	1
"Gene2026"	"Gene2026"	1.1792771786377	1	1.1792771786377	1.79850946881291	1.13394253646051	1	1
"Gene2030"	"Gene2030"	2.93164043413143	1	2.93164043413143	1.57390710139146	0.953694190314292	1	1
"Gene2032"	"Gene2032"	2.42373970047459	1	2.42373970047459	1.43057255809279	0.954443069630399	1	1
"Gene2033"	"Gene2033"	4.15855233534573	1	4.15855233534573	0.669200549205607	0.621848821400852	1	1
"Gene2034"	"Gene2034"	9.37135492928369	1	9.37135492928369	0.742364377849307	0.327510034138235	1	1
"Gene2036"	"Gene2036"	1.78197149586113	1	1.78197149586113	0.995477855522224	1.35783401951385	1	1
"Gene2039"	"Gene2039"	2.9490379054286	1	2.9490379054286	2.9998245105731	0.930486740692026	1	1
"Gene2040"	"Gene2040"	4.07243259040301	1	4.07243259040301	0.829743542555168	1.19890631652927	1	1.11803285168171
"Gene2041"	"Gene2041"	2.3118240285237	1	2.3118240285237	0.903620355648381	1.00739839634058	1	1
"Gene2042"	"Gene2042"	8.07031032281566	1	8.07031032281566	0.460054119866304	0.604941910835042	1	1
"Gene2044"	"Gene2044"	3.07777431899937	1	3.07777431899937	0.660094749715097	0.518618703434745	1	1
"Gene2047"	"Gene2047"	1.72395851985737	40.5057996650841	41.0041885039178	0.741955247712509	0.788219661863873	1.02809542672876	1
"Gene2050"	"Gene2050"	9.64894305776658	1	9.64894305776658	0.724967138097698	0.649829288446662	1	1
"Gene2051"	"Gene2051"	2.25603746284746	1	2.25603746284746	0.621225179061326	1.98697741234636	1	1
"Gene2055"	"Gene2055"	1.9648004432049	1	1.9648004432049	1.22509382928691	1.46229672009686	1	1.17211159450958
"Gene2056"	"Gene2056"	0.702408330317378	65.5981138474258	66.4052419145278	1.02855950759685	2.67819503937991	1	1
"Gene2057"	"Gene2057"	1.24832312397727	1	1.24832312397727	1.59299059698323	1.86708000277606	1.28120527941752	1
"Gene2060"	"Gene2060"	2.17266185802192	1	2.17266185802192	1.96333817514074	1.16614697545001	1.13532282198223	1
"Gene2061"	"Gene2061"	5.61477290737842	1	5.61477290737842	2.14082563842483	1.81690361611882	1	1
"Gene2064"	"Gene2064"	2.18350989541874	1	2.18350989541874	3.05320426791144	0.654761872009223	1	1
"Gene2065"	"Gene2065"	5.05382128719395	1	5.05382128719395	0.673490533830119	1.08932453984697	1	1
"Gene2066"	"Gene2066"	2.5525622403238	1	2.5525622403238	2.60580165872835	0.665856492719524	1	1
"Gene2069"	"Gene2069"	4.84600096119631	1	4.84600096119631	1.18647411560078	0.280625080065067	0.870044209632516	1
"Gene2071"	"Gene2071"	12.6355555300752	1	12.6355555300752	0.3484562816053	1.15697835921824	1	1
"Gene2072"	"Gene2072"	3.97881975734885	1	3.97881975734885	2.25569790438456	0.711891118305685	1	1
"Gene2075"	"Gene2075"	3.28304119961016	1	3.28304119961016	0.86174497756644	1.95979200554388	1	1
"Gene2076"	"Gene2076"	4.72320838728475	1	4.72320838728475	0.982488474944796	1.0082652472451	1	1
"Gene2077"	"Gene2077"	4.1459222905717	1	4.1459222905717	0.827987827782411	0.821616315805947	1	1
"Gene2080"	"Gene2080"	11.7250455091887	1	11.7250455091887	0.976938732229842	0.399940029959333	1	1
"Gene2082"	"Gene2082"	3.2033844535802	1	3.2033844535802	1.03102350134994	3.8432186024528	1	1
"Gene2083"	"Gene2083"	4.85035194083779	1	4.85035194083779	1.32627558605435	0.41134570200707	1	1.25077111147334
"Gene2085"	"Gene2085"	7.20445134795044	1	7.20445134795044	2.00939324958953	1.54028995354439	1	1
"Gene2090"	"Gene2090"	3.49719742552357	1	3.49719742552357	1.69728688368501	1.13796619090667	1	1
"Gene2091"	"Gene2091"	1.77700165187797	1	1.77700165187797	0.705014867488942	1.16390136700625	1	1
"Gene2093"	"Gene2093"	2.7706102193394	1	2.7706102193394	1.85032156467414	2.6128054010927	1	1
"Gene2095"	"Gene2095"	7.54509527845633	1	7.54509527845633	0.822820690051671	3.46046479478733	1	1
"Gene2101"	"Gene2101"	0.0201871782834645	91.139599683652	92.2609936478171	1.76779162332925	1.07834111729687	1	1
"Gene2108"	"Gene2108"	3.19774848596377	1	3.19774848596377	1.05007851928515	0.4728538371492	1	0.997608007873837
"Gene2110"	"Gene2110"	8.12251013200317	1	8.12251013200317	0.708317925588256	0.600938077248278	1	0.761188335509002
"Gene2111"	"Gene2111"	4.9351420132598	1	4.9351420132598	0.444632243403086	2.29644047849468	1	0.847849036491133
"Gene2112"	"Gene2112"	2.05780171020219	1	2.05780171020219	1.19266036051741	0.756810398525783	1	1
"Gene2113"	"Gene2113"	1.73324447091674	1	1.73324447091674	1.77636871967971	1.02218962465765	1	1
"Gene2116"	"Gene2116"	16.7478496624301	1	16.7478496624301	0.531870422074212	1.21704623482326	1	1
"Gene2121"	"Gene2121"	2.4896068649915	1	2.4896068649915	3.39823683249251	0.755293054328845	1	1
"Gene2122"	"Gene2122"	1.9590474758332	1	1.9590474758332	1.25573901711939	0.815278752002379	1	1
"Gene2127"	"Gene2127"	8.38731675141618	1	8.38731675141618	1.20063052766629	1.50733782252095	1	1
"Gene2131"	"Gene2131"	3.76774264868382	1	3.76774264868382	1.35291203439259	0.363097075726144	1	1
"Gene2133"	"Gene2133"	2.25594000742049	1	2.25594000742049	2.40308349909084	1.86154603166716	0.790044629349814	1
"Gene2135"	"Gene2135"	5.62137553855801	1	5.62137553855801	0.668382562074059	3.57478209921134	1	1.02039405909753
"Gene2137"	"Gene2137"	1.29031564559934	1	1.29031564559934	1.09049071084578	1.8970203214156	1.00420152883497	1
"Gene2139"	"Gene2139"	2.12329237624496	1	2.12329237624496	2.47136635247602	3.67136531423929	1	1
"Gene2146"	"Gene2146"	1.24983729517374	1	1.24983729517374	1.42227802697988	1.43518059194075	1	1
"Gene2148"	"Gene2148"	4.25328199357482	1	4.25328199357482	0.368316481602447	0.898101236299394	1	1
"Gene2153"	"Gene2153"	4.03930675562601	1	4.03930675562601	3.18342143213305	0.512078972619909	1	1
"Gene2155"	"Gene2155"	0.706998817951399	64.4297873209907	65.2225401404565	1.54061357355223	1.73728456081942	1	1
"Gene2157"	"Gene2157"	7.27592184829684	1	7.27592184829684	0.97132980231312	0.440678819940077	1	1.05159210959679
"Gene2159"	"Gene2159"	2.55005515113604	1	2.55005515113604	1.41989981236114	2.70476177229026	1	1
"Gene2160"	"Gene2160"	1.56440740310774	1	1.56440740310774	0.789553655394057	2.44300542898917	1	1
"Gene2161"	"Gene2161"	1.88599881680518	1	1.88599881680518	0.762745728348072	2.12126751246765	1	1
"Gene2167"	"Gene2167"	0.369880714276042	74.0951334694404	75.0068100154757	1.47981241594321	1.21338842107154	1	1
"Gene2168"	"Gene2168"	0.929652752692654	1	0.929652752692654	1.63144484438842	2.00784677476884	1	1
"Gene2169"	"Gene2169"	1.93440887526375	1	1.93440887526375	0.525062702111074	1.35758992218426	1	1
"Gene2173"	"Gene2173"	6.85263268657516	74.5132635201066	75.4300847948514	0.876746827004278	1.41498904887665	1	1
"Gene2174"	"Gene2174"	1.84015445425548	1	1.84015445425548	1.14540420342478	1.37220407683557	1	1
"Gene2176"	"Gene2176"	2.54863877820308	1	2.54863877820308	1.14406381087791	0.742352897966308	1	1
"Gene2178"	"Gene2178"	4.04372867404548	1	4.04372867404548	0.923914818278235	0.958476556593926	1	1
"Gene2181"	"Gene2181"	6.36667658428591	1	6.36667658428591	1.0980825701716	0.978011620907487	1	1
"Gene2182"	"Gene2182"	6.77839312334792	37.3190092116086	37.7781873495835	1.14012382740629	1.50863292860188	1	1
"Gene2183"	"Gene2183"	5.08240481427156	1	5.08240481427156	0.867662972604965	1.28445346647596	1	1
"Gene2185"	"Gene2185"	2.43682840029194	1	2.43682840029194	0.850611709062999	0.909547539616926	1	1
"Gene2187"	"Gene2187"	2.60025847084259	1	2.60025847084259	0.577626815109133	2.00417453572651	1	1
"Gene2189"	"Gene2189"	2.46315583512299	1	2.46315583512299	0.784347484700005	2.52293351017104	1	1
"Gene2190"	"Gene2190"	0.652117093564499	1	0.652117093564499	3.52816605169653	1.79694748717184	1	1
"Gene2194"	"Gene2194"	4.95454196492031	1	4.95454196492031	0.847866822500141	1.1724875125987	1	1
"Gene2202"	"Gene2202"	11.2807356281467	1	11.2807356281467	1.1736993262533	0.855341293428166	1	1
"Gene2203"	"Gene2203"	0.993899887401184	1	0.993899887401184	1.60478273818333	1.23803410115709	1.19406010526457	1
"Gene2204"	"Gene2204"	1.69619214822646	1	1.69619214822646	1.37750302481068	2.95441935548723	1	1
"Gene2207"	"Gene2207"	2.14693522430978	60.9488297162482	61.6987523624302	1.27409874710252	1.12962580232225	1	1
"Gene2208"	"Gene2208"	6.89765051672844	1	6.89765051672844	0.709848080122893	0.395163191642538	1	1.12302274440631
"Gene2211"	"Gene2211"	4.76477164676811	1	4.76477164676811	2.04204463209306	0.792103795337039	1	1
"Gene2213"	"Gene2213"	1.05232121118451	43.8649519204802	44.4046722231013	0.485865254390414	1.33851614027641	1	1
"Gene2214"	"Gene2214"	5.94059567707309	1	5.94059567707309	1.68259566407796	0.966231371372043	1	0.796548928204505
"Gene2216"	"Gene2216"	1.36543839844545	1	1.36543839844545	2.75665284451975	1.42127148745341	1	1
"Gene2218"	"Gene2218"	1.80069132792641	1	1.80069132792641	3.72365589076307	1.59789278210213	1	1
"Gene2220"	"Gene2220"	11.6645010011829	1	11.6645010011829	0.709980886919963	0.520535405572402	1.04023533323967	1
"Gene2221"	"Gene2221"	1.85809303433097	1	1.85809303433097	0.973534359695847	0.850839709228274	1	0.990715999488964
"Gene2222"	"Gene2222"	2.11196191671359	1	2.11196191671359	1.08049437432775	1.0826427050175	1.02579392325799	1
"Gene2223"	"Gene2223"	0.0450980518627298	83.383637228148	84.4096007810092	0.940275069911229	0.922796139987164	1	1
"Gene2224"	"Gene2224"	10.2320339453037	1	10.2320339453037	0.602141978975405	1.47610413805012	1	1
"Gene2226"	"Gene2226"	6.67313184247262	1	6.67313184247262	1.97540024230265	1.33745263093173	0.988842083127661	1
"Gene2227"	"Gene2227"	1.94518842224069	1	1.94518842224069	0.686089140328776	1.62278090888936	1.13020668007513	1
"Gene2228"	"Gene2228"	4.60376769767066	1	4.60376769767066	0.998578333915595	0.80026129345171	1	1
"Gene2229"	"Gene2229"	0.305087031670924	28.4752760975609	28.825639746892	1.23498070975607	0.414128663263647	1	1
"Gene2232"	"Gene2232"	1.81941899122449	1	1.81941899122449	0.93010941130785	2.03146227649259	1.19867717684661	1
"Gene2233"	"Gene2233"	2.89260024255303	1	2.89260024255303	0.662148143803995	1.33275767144623	1	1
"Gene2234"	"Gene2234"	1.57028180677013	1	1.57028180677013	1.22723875798343	0.757787714513331	1	1
"Gene2237"	"Gene2237"	1.36880439899232	1	1.36880439899232	1.02624112614334	1.13918274855241	1	1
"Gene2238"	"Gene2238"	1.14681672531225	1	1.14681672531225	1.31807984753102	1.57428393394443	0.957053333357045	1.15319497916687
"Gene2245"	"Gene2245"	2.27969033894504	1	2.27969033894504	1.00009286087011	1.86894390359382	1	1
"Gene2246"	"Gene2246"	1.57284588857059	1	1.57284588857059	1.00306528140789	1.75018126642503	1	0.974657644458288
"Gene2248"	"Gene2248"	2.4197281182351	1	2.4197281182351	0.629671226194044	1.07182735509691	1	1
"Gene2249"	"Gene2249"	3.53843515684968	1	3.53843515684968	0.985114664751765	0.335301652665398	1	1
"Gene2258"	"Gene2258"	1.46824789604067	101.562977768062	102.812622386286	0.760496845066329	0.556967781853582	1	1
"Gene2259"	"Gene2259"	3.12302474008192	1	3.12302474008192	0.465249423716316	1.03199413892327	1	1
"Gene2261"	"Gene2261"	3.43915927522984	1	3.43915927522984	1.81397737880746	1.01334696711288	1	1
"Gene2263"	"Gene2263"	2.79240020128285	1	2.79240020128285	0.755470711518095	0.867303978422731	1	0.944907314091991
"Gene2264"	"Gene2264"	2.14656692169501	1	2.14656692169501	0.927043354358587	1.15555612009747	1	1.02605942600735
"Gene2265"	"Gene2265"	2.78022132692692	206.718796673242	209.262292713092	1.75462024194613	2.418183003208	1.14642550639952	1
"Gene2267"	"Gene2267"	0.128934228229161	71.7916756869813	72.6750101768421	0.844318354347177	1.08568402554641	1	1
"Gene2271"	"Gene2271"	3.61123736220751	1	3.61123736220751	1.40486811239873	0.475952994494515	1	1
"Gene2279"	"Gene2279"	3.39776229706769	1	3.39776229706769	0.726599532304062	0.545553655190926	1	1
"Gene2281"	"Gene2281"	1.21645986722602	1	1.21645986722602	1.46717643350355	1.09756944608333	1	0.965915770413569
"Gene2282"	"Gene2282"	10.7093530985145	1	10.7093530985145	1.70028936556263	2.2759395247746	1	1
"Gene2285"	"Gene2285"	1.56963065752662	67.0804448521022	67.9058117204203	0.998338151684002	1.16820194386302	1	1
"Gene2296"	"Gene2296"	2.36353350787179	1	2.36353350787179	0.646831878389679	0.516861675820251	1	1
"Gene2298"	"Gene2298"	6.69569026018503	1	6.69569026018503	0.673737028866915	0.499941057606574	1	1
"Gene2302"	"Gene2302"	4.36205536743025	1	4.36205536743025	0.866059879199962	2.28188973225418	1	1.15242949428813
"Gene2307"	"Gene2307"	2.6803033208691	1	2.6803033208691	1.78305106767918	2.83577952082531	1	1
"Gene2310"	"Gene2310"	3.91833378238402	1	3.91833378238402	0.746509241497832	0.801165284234007	1	1
"Gene2312"	"Gene2312"	1.82689241321093	43.3361248393876	43.8693383820614	1.20996403414747	1.27306562332087	1	1
"Gene2314"	"Gene2314"	1.68513869465233	1	1.68513869465233	1.12706634533291	0.693543623939749	1	0.912433836937691
"Gene2317"	"Gene2317"	3.61463836050342	58.2220289047744	58.9384006248817	2.08384437768114	0.816828246511713	1	1
"Gene2321"	"Gene2321"	5.44361956169367	1	5.44361956169367	1.39134927924955	0.933558288946857	1	1
"Gene2322"	"Gene2322"	4.6947477276122	1	4.6947477276122	0.632428453019864	0.478025684311567	1	1
"Gene2323"	"Gene2323"	1.97814970808859	1	1.97814970808859	0.815649033591789	0.930147633205988	1	1
"Gene2324"	"Gene2324"	2.501565780338	1	2.501565780338	1.18120056505588	1.07361282311018	1.05698119575392	1.1212486451094
"Gene2326"	"Gene2326"	2.6861527713506	1	2.6861527713506	0.49866594276777	0.993396343513107	1.00601964381459	1
"Gene2328"	"Gene2328"	2.83401472103124	1	2.83401472103124	1.51959596606501	0.975215328348603	1	0.928158615279107
"Gene2329"	"Gene2329"	7.46757188041958	1	7.46757188041958	0.644955829615302	1.29422891598214	1	1
"Gene2330"	"Gene2330"	2.1131609072007	1	2.1131609072007	0.683324587887634	0.982726852714461	1	1
"Gene2332"	"Gene2332"	4.15415826587881	1	4.15415826587881	1.49985684732384	0.736683440777289	1	1
"Gene2333"	"Gene2333"	1.96307541459858	1	1.96307541459858	1.44799369103897	0.758861507174699	1	1
"Gene2336"	"Gene2336"	2.04655605648456	1	2.04655605648456	2.05291855062717	0.638345935819251	1	1
"Gene2339"	"Gene2339"	2.94361117903245	1	2.94361117903245	0.565082157820459	0.858925167926923	1	1
"Gene2343"	"Gene2343"	2.43294826742171	1	2.43294826742171	3.14131745107262	0.901310610959253	1.07349219642141	1
"Gene2344"	"Gene2344"	5.71650716198657	1	5.71650716198657	0.946947403769319	0.866709530297631	1	1
"Gene2345"	"Gene2345"	1.34572349228123	1	1.34572349228123	1.43396161785126	0.929263442542678	1	1
"Gene2347"	"Gene2347"	0.828886230661316	1	0.828886230661316	1.24296296156748	2.57693422088625	1	0.939522552952939
"Gene2348"	"Gene2348"	6.54713308868482	1	6.54713308868482	0.528227639581891	2.54952518041204	1	1
"Gene2350"	"Gene2350"	1.9255449440172	1	1.9255449440172	2.46625453905239	2.44051557420383	1	1
"Gene2355"	"Gene2355"	2.97201306731439	1	2.97201306731439	0.958023111379579	1.93616899484288	1	1
"Gene2356"	"Gene2356"	3.40428216103258	1	3.40428216103258	0.470076720226696	1.59072629156399	1	1
"Gene2358"	"Gene2358"	1.28609883780108	1	1.28609883780108	1.01357668343176	1.66026288107158	1	1
"Gene2359"	"Gene2359"	2.34269219352213	1	2.34269219352213	1.77945855804777	2.08264680127964	1	1
"Gene2360"	"Gene2360"	1.54860000018727	1	1.54860000018727	0.866587782141389	1.02749448445682	1	1
"Gene2365"	"Gene2365"	3.59143424559299	1	3.59143424559299	2.05231184904213	1.10237784765216	1	1
"Gene2366"	"Gene2366"	4.40345325245021	1	4.40345325245021	0.586498033991926	0.874102197758571	1	1
"Gene2375"	"Gene2375"	0.723782008714399	1	0.723782008714399	1.61652407483618	2.1455368529929	1	1
"Gene2376"	"Gene2376"	4.4928959453144	1	4.4928959453144	0.475362865921605	1.06512769375188	1	1
"Gene2377"	"Gene2377"	3.63592423893538	1	3.63592423893538	0.765460015966674	0.99024782149925	1	1.18689804313017
"Gene2381"	"Gene2381"	0.987610499764448	1	0.987610499764448	1.26406004420912	2.30057199779269	1	0.894190111356857
"Gene2382"	"Gene2382"	12.4441633928039	1	12.4441633928039	2.71718014649859	1.44250281540006	1	1
"Gene2383"	"Gene2383"	3.24480614088881	1	3.24480614088881	1.75368379912175	0.696582864482851	1	1.0991514613544
"Gene2384"	"Gene2384"	9.14703438861689	1	9.14703438861689	0.49048643452924	0.706468793721407	1	1
"Gene2386"	"Gene2386"	2.58827497813325	17.8037472035283	18.0228069176686	0.661866862534216	0.459403552935363	1.32226840511023	1
"Gene2390"	"Gene2390"	2.45256911039372	1	2.45256911039372	0.499661056891982	1.60885563363032	1	1
"Gene2391"	"Gene2391"	6.82706089696225	1	6.82706089696225	0.942714583972971	0.655838821591092	1	1
"Gene2392"	"Gene2392"	2.04006899626524	1	2.04006899626524	0.806626261254227	0.939353798694809	1	1
"Gene2393"	"Gene2393"	4.76107072942951	1	4.76107072942951	0.473046872547154	0.857134621761298	1	1
"Gene2394"	"Gene2394"	0.0229587367073894	64.4986626419715	65.2922629127043	0.68071064100174	1.46632286123162	0.98322668149305	1
"Gene2395"	"Gene2395"	2.34154664620475	1	2.34154664620475	0.648799495445674	2.15137775697216	0.792494506151355	1
"Gene2396"	"Gene2396"	5.75573259288779	28.0118242346455	28.356485509558	0.747484745498077	0.620685516779734	1	1
"Gene2397"	"Gene2397"	1.05825932402735	75.9764971759052	76.9113222755018	0.428093191228035	0.97850236804581	0.790618449107101	1
"Gene2400"	"Gene2400"	5.41613815435427	1	5.41613815435427	0.484889285712282	1.65606074314435	1	1
"Gene2401"	"Gene2401"	2.08481610717959	1	2.08481610717959	1.33091503621234	1.07301375062345	1	1
"Gene2404"	"Gene2404"	12.6933428191042	1	12.6933428191042	0.883971511215405	1.72959401927256	1	1
"Gene2405"	"Gene2405"	3.26284436842329	1	3.26284436842329	0.622743638926254	0.453197651795832	1	0.989982976327491
"Gene2406"	"Gene2406"	2.83390141258585	1	2.83390141258585	1.51791247547583	2.04107519400054	1	1
"Gene2407"	"Gene2407"	2.99875082661469	1	2.99875082661469	0.458253294596268	1.41011592969841	1	1
"Gene2408"	"Gene2408"	1.88072398601463	1	1.88072398601463	1.61731584171272	0.663740922520043	1	1
"Gene2413"	"Gene2413"	2.63469297416778	1	2.63469297416778	0.806679157346648	1.12303746648485	1	1
"Gene2417"	"Gene2417"	6.20625241292956	1	6.20625241292956	1.10473249897008	0.683391496213862	1	1
"Gene2421"	"Gene2421"	4.39447634408344	1	4.39447634408344	2.04836282141944	1.07923526302133	1.23644564405978	1
"Gene2424"	"Gene2424"	0.383090936528242	105.700024809832	107.000572214531	1.19887229029378	2.44049675627705	1	1
"Gene2426"	"Gene2426"	2.04338665142933	1	2.04338665142933	1.74673364536378	1.66099460211435	1	1
"Gene2428"	"Gene2428"	3.46271751747977	1	3.46271751747977	2.54129983378079	1.44072722880344	1	1
"Gene2429"	"Gene2429"	4.03278408224275	1	4.03278408224275	0.915522994937355	0.293453104092707	1	1
"Gene2430"	"Gene2430"	2.69484300365886	1	2.69484300365886	1.43971140824834	2.11227842851307	1.04286603990475	1
"Gene2435"	"Gene2435"	2.56849406205875	1	2.56849406205875	1.19913228573958	1.57401001074852	1.06710656941486	1
"Gene2442"	"Gene2442"	4.03703596559814	1	4.03703596559814	1.16662706658723	0.92108932369698	1	1
"Gene2445"	"Gene2445"	7.55049793489974	1	7.55049793489974	0.639324875059872	0.934837136588057	0.90333349569828	1
"Gene2451"	"Gene2451"	2.96403787149143	1	2.96403787149143	0.474091337480045	1.86772024966445	1	1
"Gene2452"	"Gene2452"	4.41986505876596	1	4.41986505876596	0.845900659403501	1.53437522867603	1	1
"Gene2453"	"Gene2453"	0.951588224646501	1	0.951588224646501	1.97666657759432	1.95979517582163	1	1
"Gene2454"	"Gene2454"	1.31425305763991	86.1698760387745	87.2301218508929	0.652871720691447	1.76180500507617	1	0.941799005002251
"Gene2455"	"Gene2455"	0.927306753436844	1	0.927306753436844	1.84928985006949	1.4996183401709	1	1
"Gene2456"	"Gene2456"	0.964900745530469	71.3688816027	72.2470139769509	0.321965097475328	1.22367213297927	1	1
"Gene2457"	"Gene2457"	7.20680831283168	1	7.20680831283168	1.91998131960943	0.890636433717451	1	1
"Gene2458"	"Gene2458"	9.60978836727207	1	9.60978836727207	1.23994803530829	2.89764620668409	1	1
"Gene2463"	"Gene2463"	1.21715388496646	50.195119940988	50.8127274872988	2.93085210282827	0.369296506823707	0.892603498315959	1
"Gene2464"	"Gene2464"	1.98613574521077	1	1.98613574521077	0.924311154316595	2.31249840459796	1	1
"Gene2468"	"Gene2468"	3.47664548478429	1	3.47664548478429	0.617161405349368	0.44308226702611	1	1
"Gene2471"	"Gene2471"	8.82807262417281	1	8.82807262417281	1.77434804938634	1.19614409322981	1	1
"Gene2475"	"Gene2475"	2.88229288537736	1	2.88229288537736	0.652417195808597	1.15618934994068	1.18995743132085	1
"Gene2479"	"Gene2479"	0.113674886594466	44.8926190582194	45.4449839163292	1.80718175104991	1.11806121385064	1	1
"Gene2484"	"Gene2484"	3.14366030069368	1	3.14366030069368	1.51091314847043	1.11409559461957	1	1
"Gene2485"	"Gene2485"	3.10715943678272	1	3.10715943678272	1.10331755211421	0.865344034077658	1	1
"Gene2486"	"Gene2486"	3.87804407802672	1	3.87804407802672	0.60827640192774	1.30601468071025	1	1
"Gene2488"	"Gene2488"	2.52262809662428	1	2.52262809662428	0.799696329186487	0.649154123551273	1	1
"Gene2492"	"Gene2492"	3.47065511886195	1	3.47065511886195	1.16560753435094	1.1935604959547	1	1
"Gene2495"	"Gene2495"	3.82968149637715	1	3.82968149637715	1.43811990750631	1.39498143401915	1	1
"Gene2496"	"Gene2496"	3.2112093271892	1	3.2112093271892	0.896193855982101	1.12241704463669	1	1
"Gene2497"	"Gene2497"	3.66453157477039	1	3.66453157477039	0.934670104335656	1.92867034862081	1	1
"Gene2499"	"Gene2499"	13.5925388241527	1	13.5925388241527	1.06293208489509	2.2835779855288	1	1
"Gene2500"	"Gene2500"	1.56417731900088	1	1.56417731900088	1.58660849705154	2.24322459321626	1	1
"Gene2506"	"Gene2506"	4.567887024964	1	4.567887024964	0.502239766694478	0.89949654111386	1	1
"Gene2509"	"Gene2509"	2.22635050279013	1	2.22635050279013	2.58273025252647	0.864769271757256	1	1
"Gene2511"	"Gene2511"	1.94642841639512	1	1.94642841639512	1.39359033986418	0.592208173015636	0.9786345819732	1
"Gene2512"	"Gene2512"	4.26394563460021	1	4.26394563460021	2.31058676083534	0.401850405890229	1	1
"Gene2515"	"Gene2515"	6.25320796724743	1	6.25320796724743	0.569261507593984	0.945804193104603	1	1
"Gene2517"	"Gene2517"	5.1038725775625	1	5.1038725775625	0.447635296652973	1.12911392867919	1	1.16437744190023
"Gene2520"	"Gene2520"	2.80820672000715	1	2.80820672000715	1.08987529823165	1.95905627585439	1	1
"Gene2521"	"Gene2521"	4.73011289673017	1	4.73011289673017	1.64476726626248	1.06983144478551	1	1
"Gene2522"	"Gene2522"	2.65522506050836	1	2.65522506050836	0.809446095384841	1.1809139438065	1	1
"Gene2523"	"Gene2523"	3.03202041640512	49.9317871850527	50.54615464951	0.984817146181205	1.16909964320626	1	1
"Gene2525"	"Gene2525"	5.93523885511606	1	5.93523885511606	0.494806735065607	0.307718606578763	1	1
"Gene2527"	"Gene2527"	2.71631051884976	1	2.71631051884976	0.877464384519329	0.75781105717162	1	1.16066769042163
"Gene2532"	"Gene2532"	4.88257697478311	1	4.88257697478311	0.677409689140592	1.79063660605028	1.33472714378975	1
"Gene2534"	"Gene2534"	4.98059499798353	1	4.98059499798353	1.18797642669161	0.784024192259132	1	1
"Gene2535"	"Gene2535"	4.31878315393489	1	4.31878315393489	1.82076345857843	2.11416491093656	1	1
"Gene2536"	"Gene2536"	0.654419271149913	55.785657948019	56.4720522302742	2.59316811698777	1.12246210792652	1	1
"Gene2538"	"Gene2538"	3.92277920463837	1	3.92277920463837	1.19601436780937	0.300012276746131	1	1
"Gene2539"	"Gene2539"	6.83802273795511	1	6.83802273795511	0.310307359337453	2.07267819859067	1	1
"Gene2543"	"Gene2543"	3.39284744416323	1	3.39284744416323	0.989815758736723	0.511494797652538	1	1
"Gene2544"	"Gene2544"	2.04148981704888	1	2.04148981704888	1.66197497690639	0.541923821287047	1	1
"Gene2547"	"Gene2547"	3.23396261646098	1	3.23396261646098	1.47439527341324	0.409441258112738	1.15739435007592	1
"Gene2552"	"Gene2552"	2.39020398301842	1	2.39020398301842	2.48930194702207	2.18196903351807	1	1
"Gene2554"	"Gene2554"	11.4180510123019	1	11.4180510123019	0.395849219140319	0.561338937669607	1	1
"Gene2555"	"Gene2555"	5.20320925440349	1	5.20320925440349	1.03843655557845	1.38317275712763	1	1
"Gene2558"	"Gene2558"	2.39230027268454	1	2.39230027268454	1.03536148102987	1.61737966958476	1	1
"Gene2560"	"Gene2560"	10.834358777141	1	10.834358777141	0.54880721595183	0.277768152649212	1	1
"Gene2561"	"Gene2561"	10.3429432420009	1	10.3429432420009	1.28919492910217	0.667874005205561	1	1
"Gene2565"	"Gene2565"	8.46374579217655	1	8.46374579217655	1.12231656391143	1.83384381009458	1	1
"Gene2567"	"Gene2567"	1.73073515330858	1	1.73073515330858	1.30901527071176	0.659761751008184	1	1
"Gene2568"	"Gene2568"	2.24988596602753	1	2.24988596602753	0.860680085867738	0.646798162811029	1	1
"Gene2570"	"Gene2570"	3.19282209264036	1	3.19282209264036	0.445162146660338	1.30440747724547	1	1
"Gene2572"	"Gene2572"	2.6619923323475	1	2.6619923323475	1.43710267556316	1.61652203837114	1	1
"Gene2576"	"Gene2576"	1.61235212085403	1	1.61235212085403	1.92715982574732	2.20514455015993	1	1.04981177569354
"Gene2577"	"Gene2577"	0.88959867460902	1	0.88959867460902	1.66350866528729	1.71900253686204	1	1
"Gene2579"	"Gene2579"	0.211988369732118	42.3268616627316	42.8476570947435	1.47147181907742	2.6312371728723	1	1
"Gene2583"	"Gene2583"	2.11338981167104	1	2.11338981167104	0.66183017315814	0.837336011325872	1	1
"Gene2584"	"Gene2584"	1.34763452595541	1	1.34763452595541	0.994960892127558	2.5795272842745	1	1
"Gene2586"	"Gene2586"	8.31660161956924	1	8.31660161956924	0.624739465506335	0.617361500249679	1	1
"Gene2587"	"Gene2587"	5.28111770132778	1	5.28111770132778	1.47077900958722	0.975808475239137	1.09006359390122	1
"Gene2588"	"Gene2588"	0.749418357888773	1	0.749418357888773	3.2413000188274	1.56193766339313	1	0.879809021799398
"Gene2590"	"Gene2590"	9.36358733078969	81.6482805967221	82.6528920868256	1.15275386436269	1.02270759880891	1	1
"Gene2592"	"Gene2592"	4.32598676980115	1	4.32598676980115	0.455186002320448	0.824145547458424	1	1
"Gene2593"	"Gene2593"	0.235168586977854	35.714162918826	36.1535948109057	1.00449430273021	3.00098468022553	1	1
"Gene2594"	"Gene2594"	4.12563574381927	1	4.12563574381927	1.19267753443501	2.09572211255526	1	0.975634993066939
"Gene2595"	"Gene2595"	3.29099055241613	1	3.29099055241613	0.803098625140175	0.964583364198079	1	1
"Gene2596"	"Gene2596"	2.6444159727219	1	2.6444159727219	1.64278191406052	0.857768199059115	1	1
"Gene2598"	"Gene2598"	3.10512780875569	1	3.10512780875569	0.714263091148796	0.720074679320431	1	1
"Gene2600"	"Gene2600"	2.5532350875639	1	2.5532350875639	1.29862611016842	1.37752825697732	1	1
"Gene2601"	"Gene2601"	5.36564065054602	1	5.36564065054602	0.755252054424098	1.10393296150941	1	1
"Gene2604"	"Gene2604"	2.61849928750797	1	2.61849928750797	0.633645096365189	3.12213416658873	1	1
"Gene2605"	"Gene2605"	2.77098364877111	1	2.77098364877111	0.791766982897854	0.914608888121204	1	1
"Gene2607"	"Gene2607"	4.35668038598205	1	4.35668038598205	0.312864094854763	1.02937991435178	1.23047366645243	1
"Gene2608"	"Gene2608"	3.7905303137422	92.8610621929136	94.0036372646776	0.477923363806589	0.991754719198478	1	1
"Gene2609"	"Gene2609"	3.10046967525795	1	3.10046967525795	2.91360018734481	2.42143499439335	1	1
"Gene2610"	"Gene2610"	11.3015827942204	1	11.3015827942204	0.65805428206283	2.28831018723763	1	1
"Gene2611"	"Gene2611"	3.99002416569325	1	3.99002416569325	1.02110862019659	1.05945768962637	1	1
"Gene2612"	"Gene2612"	1.36690583369833	1	1.36690583369833	2.50157797867791	1.4444268899901	1	1
"Gene2613"	"Gene2613"	1.57631224022938	1	1.57631224022938	1.8840154702953	0.999866529065468	1	1
"Gene2614"	"Gene2614"	2.16906268474591	1	2.16906268474591	1.16161637215163	1.82195210479982	1	1
"Gene2618"	"Gene2618"	3.48291349453319	1	3.48291349453319	0.324309290870687	0.741409116184686	1	1
"Gene2619"	"Gene2619"	4.42857756797301	1	4.42857756797301	1.34989722995556	0.624159239514884	1	0.980580908248852
"Gene2620"	"Gene2620"	6.18853139973458	1	6.18853139973458	3.29008094080159	0.545466131583878	1	1
"Gene2625"	"Gene2625"	0.426461302834147	73.4003037740514	74.3034310415159	0.477023710296508	0.500810875150812	1	1
"Gene2627"	"Gene2627"	4.84219702996372	1	4.84219702996372	3.95575782378753	1.27820362845706	1	1
"Gene2635"	"Gene2635"	3.8635389283701	1	3.8635389283701	0.456924250964055	1.79308912639745	1	1
"Gene2637"	"Gene2637"	9.5523163012621	1	9.5523163012621	1.24217172171441	1.64517043098191	1	1
"Gene2641"	"Gene2641"	1.28904685390782	1	1.28904685390782	1.50476021171983	2.25110939185402	1	1
"Gene2643"	"Gene2643"	2.3912975086499	1	2.3912975086499	2.09874188313008	0.535722105799525	1	1
"Gene2645"	"Gene2645"	1.31458209733394	1	1.31458209733394	1.0523716827216	1.15243148574112	1.02988754988355	1
"Gene2650"	"Gene2650"	5.85679982170619	1	5.85679982170619	0.546052521260291	0.758492198069186	1	1
"Gene2654"	"Gene2654"	1.84854057911345	1	1.84854057911345	1.97041729339196	2.26353302575893	1	1
"Gene2656"	"Gene2656"	4.90429623114352	1	4.90429623114352	1.35720121918252	0.605575691823985	1	1
"Gene2657"	"Gene2657"	0.86871181476118	1	0.86871181476118	3.08969544464558	2.08106768217919	1	1
"Gene2658"	"Gene2658"	3.4946232145701	1	3.4946232145701	0.332036815704264	2.27189858043097	1	1
"Gene2659"	"Gene2659"	1.3197492866959	1	1.3197492866959	2.8021392747953	0.878108630809969	1	1
"Gene2660"	"Gene2660"	1.23207514396912	1	1.23207514396912	2.36717829265141	1.33398021495429	1	1
"Gene2661"	"Gene2661"	2.3150789062859	1	2.3150789062859	1.61840219354966	3.18163437050585	1	1
"Gene2663"	"Gene2663"	3.71867212278698	1	3.71867212278698	0.670785455669425	0.945877556825697	1	1
"Gene2664"	"Gene2664"	1.53655076161355	1	1.53655076161355	0.966323148708698	0.961337036799723	1	1
"Gene2667"	"Gene2667"	3.59848646063326	1	3.59848646063326	0.733155345828092	0.805361041151466	0.785641332020665	1
"Gene2668"	"Gene2668"	8.60356740381951	1	8.60356740381951	1.5151196462965	0.942751982878938	1	1
"Gene2673"	"Gene2673"	2.18114634396509	1	2.18114634396509	2.22645424398994	1.66133657058256	1	1
"Gene2674"	"Gene2674"	4.46321881185331	1	4.46321881185331	0.939096770398711	2.63853922589315	1	1
"Gene2677"	"Gene2677"	0.289272683831309	19.3748640812113	19.6132550299603	1.00255554220432	0.81924998609932	1	1
"Gene2681"	"Gene2681"	2.43095358278778	1	2.43095358278778	1.76786290082206	0.723838336557264	1	0.928290077111215
"Gene2683"	"Gene2683"	4.08473843827862	1	4.08473843827862	1.91556067860919	1.19024332116139	1	1.12716276364262
"Gene2687"	"Gene2687"	1.77487050517736	1	1.77487050517736	2.29582343111952	1.44797955169626	1	1
"Gene2689"	"Gene2689"	0.910250477364476	167.470039572426	169.53061359521	0.846621646699061	2.92083355838225	1	1
"Gene2691"	"Gene2691"	6.97778273724841	1	6.97778273724841	1.8439105380453	0.937239643977488	1	1
"Gene2696"	"Gene2696"	1.38397677331467	1	1.38397677331467	0.998333886908692	1.07055666237693	1	1
"Gene2697"	"Gene2697"	2.22386021523292	1	2.22386021523292	2.06047868943318	0.91241024704986	1	1
"Gene2698"	"Gene2698"	11.1660685534775	1	11.1660685534775	0.544648990661377	1.39159088446224	1	1
"Gene2699"	"Gene2699"	2.46702447146435	1	2.46702447146435	1.20482577585194	0.950832215758724	0.766652674896435	1
"Gene2703"	"Gene2703"	4.58762284237787	1	4.58762284237787	1.41283728849567	1.29710283042083	1	1
"Gene2704"	"Gene2704"	3.56810872627166	1	3.56810872627166	0.394490550657156	0.794852645264617	1	1
"Gene2707"	"Gene2707"	2.56863835586207	1	2.56863835586207	1.76677890981554	0.591303837147458	1	1
"Gene2708"	"Gene2708"	3.06681037589369	1	3.06681037589369	0.575794547673712	0.658707370135156	1	1
"Gene2709"	"Gene2709"	3.88960457975786	1	3.88960457975786	1.58608877915866	1.05834349972511	1	1
"Gene2710"	"Gene2710"	3.24607114524404	1	3.24607114524404	0.483566750908734	0.338192624122916	1	1
"Gene2711"	"Gene2711"	4.36726560813811	1	4.36726560813811	1.66254112851434	0.460656108140249	1	1
"Gene2714"	"Gene2714"	11.5979689135491	1	11.5979689135491	2.33076197556165	0.998989905182992	1	1
"Gene2719"	"Gene2719"	4.69573496405545	1	4.69573496405545	0.812674161893424	1.48224168886293	1	1
"Gene2721"	"Gene2721"	5.7811048939321	1	5.7811048939321	2.02124438971221	0.905369025491186	1	1
"Gene2722"	"Gene2722"	9.00215469990016	85.6785279668214	86.7327281657913	1.24184467753908	1.10378573063937	1	0.890399094025832
"Gene2727"	"Gene2727"	10.440376571592	1	10.440376571592	0.84480722013522	0.905184918449232	1	1.13877651215251
"Gene2728"	"Gene2728"	4.21607311150647	1	4.21607311150647	1.10402514767857	0.320890243802345	1	1
"Gene2731"	"Gene2731"	1.71835171792267	1	1.71835171792267	0.816966787704865	1.52940260480462	1	0.870194434461636
"Gene2733"	"Gene2733"	5.84955741393847	1	5.84955741393847	0.988833882642169	1.02422323725336	1.06938013395331	1
"Gene2736"	"Gene2736"	1.04265411926633	1	1.04265411926633	2.04071795263341	1.72722596780364	1	1.08312112880268
"Gene2739"	"Gene2739"	1.66813250619811	1	1.66813250619811	1.33173445922721	0.601456662940593	1	1
"Gene2742"	"Gene2742"	1.81660457686741	1	1.81660457686741	0.505386872261526	2.20197354606038	1	1
"Gene2746"	"Gene2746"	12.4706801605491	1	12.4706801605491	0.799314643616737	0.482459375404811	1	1
"Gene2750"	"Gene2750"	1.22411390496474	31.7945822990342	32.1857871409146	0.7312719905276	0.58149326490425	1	1
"Gene2754"	"Gene2754"	1.08192402217275	73.9227318171535	74.8322871099361	1.63712522213523	1.21606619139708	1	1
"Gene2757"	"Gene2757"	3.59027260520664	1	3.59027260520664	1.09680756127436	0.994223417725666	1	1
"Gene2758"	"Gene2758"	1.26003134240109	1	1.26003134240109	1.30730793471386	0.971112117514491	1	1
"Gene2761"	"Gene2761"	4.08996327996109	1	4.08996327996109	0.507799124499407	2.29914681635013	0.99524881077417	1
"Gene2762"	"Gene2762"	0.0306694406988457	81.3973564418865	82.398880527243	2.02859485813137	0.901048733483673	1	1
"Gene2763"	"Gene2763"	5.04838240494109	1	5.04838240494109	1.39273882864462	0.634252224592215	1	1
"Gene2764"	"Gene2764"	2.87870394092117	80.5391295498337	81.5300938954067	1.61207497651745	1.84541039782033	1	1
"Gene2767"	"Gene2767"	2.05583129858138	1	2.05583129858138	1.04811075219839	2.26840713706254	1.05693664943432	1
"Gene2768"	"Gene2768"	2.69754036196963	1	2.69754036196963	0.890669409624288	0.731635225730009	1	1
"Gene2769"	"Gene2769"	2.20295282014635	1	2.20295282014635	0.964647062050099	0.738011806483372	1	0.875767187948685
"Gene2772"	"Gene2772"	2.01357582960778	1	2.01357582960778	1.81718589699117	2.8451082163229	1	1
"Gene2775"	"Gene2775"	2.11955705922033	1	2.11955705922033	3.01183842438882	1.04037935308455	1	1
"Gene2778"	"Gene2778"	4.49401336031666	1	4.49401336031666	1.36719771408132	1.97080983698154	1	1
"Gene2781"	"Gene2781"	7.15691487162651	1	7.15691487162651	0.555199364414695	1.11782279448957	1	1
"Gene2782"	"Gene2782"	8.3376586337234	1	8.3376586337234	0.514244666770467	0.814467128468225	1	1
"Gene2785"	"Gene2785"	3.66754864558336	1	3.66754864558336	0.402127107006774	0.701009467815263	1	1
"Gene2786"	"Gene2786"	8.50040859853747	1	8.50040859853747	0.525772413269876	2.08261406460132	1	1
"Gene2791"	"Gene2791"	3.9909898145702	1	3.9909898145702	0.360806859862551	0.850002861475055	1	1
"Gene2795"	"Gene2795"	2.49889489549672	1	2.49889489549672	0.781090773167762	0.824783995748089	1	1
"Gene2796"	"Gene2796"	2.16062079533907	1	2.16062079533907	0.611773839124339	1.44437792766184	1	1
"Gene2801"	"Gene2801"	4.59590900274877	1	4.59590900274877	1.7103769246021	0.418460246696418	1	0.826506923424058
"Gene2803"	"Gene2803"	4.65808253514527	1	4.65808253514527	0.446636472949084	1.08747558035033	1	1
"Gene2804"	"Gene2804"	2.28270640710266	1	2.28270640710266	1.25169652420897	1.52753514094123	1	1
"Gene2805"	"Gene2805"	6.80232889332	1	6.80232889332	1.13479326751682	0.354979322730232	1	1
"Gene2807"	"Gene2807"	4.50807109113789	1	4.50807109113789	0.40089214466721	0.902853540780096	1	1
"Gene2808"	"Gene2808"	3.93558523440516	1	3.93558523440516	0.96069950829844	0.730133564147378	1	1
"Gene2811"	"Gene2811"	1.67633784118547	1	1.67633784118547	1.98545564493174	0.725793067170882	1	1
"Gene2815"	"Gene2815"	1.30560483810333	103.088430650845	104.356844647707	0.690556195689036	1.7574663897547	1	1
"Gene2818"	"Gene2818"	7.85838634413442	1	7.85838634413442	2.07860978622329	1.0171316503572	1	1.04070035221492
"Gene2819"	"Gene2819"	4.3227666686788	1	4.3227666686788	1.45177604135498	0.642964905978858	1	1
"Gene2820"	"Gene2820"	8.29206761557599	1	8.29206761557599	0.491538606675892	3.05492748685544	1	1
"Gene2823"	"Gene2823"	1.54169348124033	1	1.54169348124033	1.77685808356691	0.966792296439643	1	1
"Gene2824"	"Gene2824"	2.84147661971476	1	2.84147661971476	1.28884865155333	0.74874207717138	1	1
"Gene2825"	"Gene2825"	4.19896650923558	1	4.19896650923558	0.764303590545341	0.981330785877134	1	1
"Gene2828"	"Gene2828"	12.4222713838139	1	12.4222713838139	1.92891916803935	2.55580600054533	1.43327157887989	1
"Gene2829"	"Gene2829"	2.84663017540171	1	2.84663017540171	1.61503447013402	0.578916122533252	1	1
"Gene2830"	"Gene2830"	8.07338417657725	1	8.07338417657725	0.923910006970058	1.04247120524311	1	1
"Gene2833"	"Gene2833"	2.74754328450835	29.7438403154956	30.1098125505796	1.49630150933129	2.50187894793992	1	0.907095034654391
"Gene2834"	"Gene2834"	3.44698589292062	1	3.44698589292062	2.62605619502871	2.87913055766861	0.855929479266563	1
"Gene2836"	"Gene2836"	2.85921196249166	1	2.85921196249166	0.647670521125942	1.80359446344451	1	1
"Gene2838"	"Gene2838"	1.613898547714	1	1.613898547714	2.30328785989589	0.793505095036464	1	1
"Gene2842"	"Gene2842"	1.58324378310741e-05	26.8100698129824	27.1399445389136	0.580420470573661	2.34868108698774	1	1
"Gene2847"	"Gene2847"	2.06714868862669	1	2.06714868862669	1.57630740360274	1.92375482108308	1	1
"Gene2849"	"Gene2849"	3.85235053680581	1	3.85235053680581	1.35731502737501	1.46598971312974	1	1
"Gene2853"	"Gene2853"	1.79065263549559	1	1.79065263549559	2.62167885062681	1.20424728118	1	1
"Gene2854"	"Gene2854"	7.93662998779139	1	7.93662998779139	1.30159412946372	1.52216233362609	1	1.19257923877436
"Gene2857"	"Gene2857"	1.47474005085573	1	1.47474005085573	2.33981407893592	1.59511395020357	1	1
"Gene2859"	"Gene2859"	5.50582374547699	1	5.50582374547699	1.68496067869894	1.64643315383429	1.01013558663366	1
"Gene2860"	"Gene2860"	0.538926502389195	87.3543608000785	88.4291806729409	0.910406608602917	0.723653308512465	1	1
"Gene2862"	"Gene2862"	0.992095076092285	1	0.992095076092285	2.95933338507846	1.50022338382192	1	1
"Gene2863"	"Gene2863"	1.82901065792303	1	1.82901065792303	0.770349656249281	1.419626955607	1	1
"Gene2865"	"Gene2865"	3.2333916023042	1	3.2333916023042	2.49794283864272	1.38423065473869	1	1
"Gene2867"	"Gene2867"	0.869098683021614	1	0.869098683021614	3.49750583326421	1.85473611595694	1	1
"Gene2868"	"Gene2868"	0.0224058615433374	49.1048502809116	49.7090430018296	1.11763240595875	1.76252250138238	1	1
"Gene2869"	"Gene2869"	7.83645875164093	1	7.83645875164093	0.929721634347737	0.88801393163207	1	1
"Gene2871"	"Gene2871"	4.32606835398211	1	4.32606835398211	1.17534464684702	1.56656808979279	1	1
"Gene2874"	"Gene2874"	5.91429348861877	1	5.91429348861877	0.729920023807843	1.65633383210744	1	0.884083199051734
"Gene2876"	"Gene2876"	6.60786556592526	1	6.60786556592526	1.12389847271458	0.583783883194728	1	1
"Gene2877"	"Gene2877"	5.00903123597133	1	5.00903123597133	0.695624577225161	0.397996314051666	1	1
"Gene2878"	"Gene2878"	11.7928846383094	1	11.7928846383094	0.941132026836614	2.97872598493046	1	1
"Gene2883"	"Gene2883"	1.33169808856099	1	1.33169808856099	1.4773808137759	1.57149715601834	1	1
"Gene2885"	"Gene2885"	0.569170765122658	62.2375170760362	63.0032959058308	1.761891515868	0.693604079613864	1	1
"Gene2887"	"Gene2887"	3.64572056123581	1	3.64572056123581	2.85114251570219	1.50930681070483	1	1
"Gene2890"	"Gene2890"	3.67996170810652	1	3.67996170810652	0.487649081972489	0.653723623636983	1	1
"Gene2891"	"Gene2891"	4.16572690147683	1	4.16572690147683	0.563401938651509	0.541795737201338	1.01453207188321	1
"Gene2893"	"Gene2893"	3.32738823177777	1	3.32738823177777	2.76060899601969	0.821947436016651	1	1
"Gene2894"	"Gene2894"	7.21717986303121	1	7.21717986303121	2.87111967615578	1.30386220897019	1	1
"Gene2895"	"Gene2895"	6.27629331497753	1	6.27629331497753	0.56822743924094	0.569778666374652	1	1
"Gene2897"	"Gene2897"	5.25077101429448	1	5.25077101429448	1.08916660675466	1.40872962158016	1.01515335961812	1.19486399764291
"Gene2898"	"Gene2898"	4.18806927602746	1	4.18806927602746	0.589204580470902	0.560649405102666	1	1
"Gene2899"	"Gene2899"	0.340365228072821	111.850984616301	113.22721426258	0.984917179962093	0.636991427435213	1	1
"Gene2901"	"Gene2901"	2.92715139951907	1	2.92715139951907	1.21260303009125	1.08003560090525	1	1
"Gene2910"	"Gene2910"	4.98186104473697	1	4.98186104473697	3.19306951800297	1.55902212045907	1	1
"Gene2911"	"Gene2911"	1.1947253611903	1	1.1947253611903	2.10269340533382	1.54055400543467	1	1
"Gene2914"	"Gene2914"	3.33825079845155	1	3.33825079845155	1.81338920350906	1.84769965712787	1	1
"Gene2916"	"Gene2916"	3.66729064795606	1	3.66729064795606	1.01459430424402	1.78486916961299	1	1
"Gene2918"	"Gene2918"	1.67542233335378	1	1.67542233335378	0.97599660379686	1.08101636189093	1	1
"Gene2920"	"Gene2920"	3.75566864299329	1	3.75566864299329	0.638514793555771	0.893824394061817	1	1
"Gene2923"	"Gene2923"	9.20749439328183	1	9.20749439328183	0.347093963905815	2.10775419693937	1	1
"Gene2925"	"Gene2925"	2.10764070112124	1	2.10764070112124	0.806513358106264	0.637664769033327	1	1
"Gene2927"	"Gene2927"	2.26467541284821	1	2.26467541284821	3.54381357338979	1.39851983943764	1.01574308444604	1
"Gene2928"	"Gene2928"	3.32813128161368	1	3.32813128161368	0.721815163592772	0.436312908564708	0.864959800564915	1
"Gene2929"	"Gene2929"	2.8324684033254	1	2.8324684033254	0.509857378065025	1.12622114530659	1	1
"Gene2930"	"Gene2930"	2.98054873416026	1	2.98054873416026	2.69354234443722	0.645605414620109	1	1
"Gene2933"	"Gene2933"	8.19585807132937	1	8.19585807132937	0.70051673122326	0.788160243723332	1	1.0223529558557
"Gene2935"	"Gene2935"	6.38280567358965	1	6.38280567358965	1.69644435307404	2.18002133613213	1	1
"Gene2936"	"Gene2936"	7.74174074184158	1	7.74174074184158	0.506560157152805	0.738157881610378	1	1
"Gene2938"	"Gene2938"	11.8356925557152	1	11.8356925557152	1.08104623439377	0.764717296358265	1	1
"Gene2939"	"Gene2939"	12.8211547289758	1	12.8211547289758	0.92914401197765	0.752243454447517	1	1
"Gene2940"	"Gene2940"	16.9281224255492	1	16.9281224255492	1.39477487229756	1.09334122913122	1	1
"Gene2946"	"Gene2946"	17.4962442987747	1	17.4962442987747	0.837894027574023	1.70119944262442	1	1.13512784702548
"Gene2953"	"Gene2953"	14.8485492588699	40.928253577043	41.4318403459604	1.71950734883328	0.966354821882593	0.902438344633051	1
"Gene2956"	"Gene2956"	2.89892354334778	1	2.89892354334778	5.62666354753051	1.63834786136231	1	1
"Gene2958"	"Gene2958"	2.31316449202607	1	2.31316449202607	0.774314775453643	0.904897157826544	1	1
"Gene2959"	"Gene2959"	2.37613610024896	1	2.37613610024896	0.615938252300644	0.797509495110357	1	1
"Gene2966"	"Gene2966"	4.1801565261549	1	4.1801565261549	0.422326231977602	1.70489865284199	1	1
"Gene2968"	"Gene2968"	5.0474242764305	1	5.0474242764305	1.85296317329694	0.873364941232276	1	1
"Gene2971"	"Gene2971"	6.06747391790713	1	6.06747391790713	1.07589620696913	0.458166916066729	1	1
"Gene2975"	"Gene2975"	1.62114003736386	1	1.62114003736386	0.800831483379865	1.19033064920259	1	1
"Gene2976"	"Gene2976"	3.94844429153947	1	3.94844429153947	0.646585363946757	1.52210310046262	1	0.874776586370336
"Gene2977"	"Gene2977"	5.26850460052125	1	5.26850460052125	1.78374812960459	1.429741719944	1	1
"Gene2979"	"Gene2979"	5.58761717154614	1	5.58761717154614	0.823784878145207	1.83855102599569	1	1
"Gene2980"	"Gene2980"	0.107618352634589	47.2489725451739	47.8303302953623	1.31795849918714	0.648613680972813	1	0.844112233635489
"Gene2983"	"Gene2983"	7.20714487788406	1	7.20714487788406	1.18238229770388	2.17365397869282	1	1
"Gene2984"	"Gene2984"	1.48964072693236	1	1.48964072693236	0.890305518184507	3.01263896241735	1	1
"Gene2988"	"Gene2988"	1.39864980552527	1	1.39864980552527	1.57716285517423	2.37370391217992	1	1
"Gene2998"	"Gene2998"	4.6568277547524	1	4.6568277547524	2.16799819908582	0.330714372420571	1	1
"Gene2999"	"Gene2999"	1.81135587047581	1	1.81135587047581	1.13246860214042	2.47547592408263	1	0.813188375717842
"Gene3000"	"Gene3000"	2.00602951331853	1	2.00602951331853	1.06802405082668	0.591183782827461	1	1
"Gene3004"	"Gene3004"	8.48794749374314	1	8.48794749374314	0.427975950698323	1.20294550930527	1	1
"Gene3010"	"Gene3010"	5.31686431778013	1	5.31686431778013	0.955916523568671	3.11489266562233	1	1
"Gene3012"	"Gene3012"	4.54765872479664	1	4.54765872479664	0.642935598337776	0.756743460678186	1	1
"Gene3014"	"Gene3014"	3.76857284165799	1	3.76857284165799	2.03230896130305	0.787767837192923	1	1
"Gene3019"	"Gene3019"	2.56132327997706	1	2.56132327997706	0.984114280340219	0.609037417007485	1	1
"Gene3020"	"Gene3020"	4.44904908348985	1	4.44904908348985	0.788122694846847	1.168753518571	1	1
"Gene3029"	"Gene3029"	5.63465936608565	1	5.63465936608565	1.20512248344994	0.555235403769317	0.743017090670592	1
"Gene3031"	"Gene3031"	8.54637821552263	1	8.54637821552263	0.359394322147755	1.75960857929813	1	1.0102702658524
"Gene3032"	"Gene3032"	1.00329690216664	35.5666618970945	36.0042789166485	0.555202900587453	0.356460943362525	1	1
"Gene3036"	"Gene3036"	1.59812009836359	1	1.59812009836359	0.654997959389692	1.43346105778156	1	1
"Gene3038"	"Gene3038"	2.65320169967031	1	2.65320169967031	1.47787689770264	0.502381459914368	1	1
"Gene3039"	"Gene3039"	2.79181893171762	1	2.79181893171762	1.77527910531242	0.791841111743608	1	1
"Gene3040"	"Gene3040"	3.3302402648311	1	3.3302402648311	1.22756975448165	0.939097988392635	1	1
"Gene3041"	"Gene3041"	7.50809845202869	1	7.50809845202869	0.570804119216341	0.89017909335908	1	1
"Gene3043"	"Gene3043"	0.824134826899801	1	0.824134826899801	1.98271033335768	1.66154052683666	1	1
"Gene3049"	"Gene3049"	2.60293579117407	1	2.60293579117407	3.1497559143005	0.821789636992568	1	1
"Gene3054"	"Gene3054"	3.87734147504047	1	3.87734147504047	0.537179775677928	1.81644349768894	1	1
"Gene3055"	"Gene3055"	2.20507782556515	1	2.20507782556515	1.69093380577187	0.629699511672848	0.920605842430162	1
"Gene3059"	"Gene3059"	9.12568781048444	1	9.12568781048444	0.707299198547784	0.796344241224752	1	1
"Gene3062"	"Gene3062"	8.67884847110126	1	8.67884847110126	0.881698182280021	2.14420397402589	1	1
"Gene3063"	"Gene3063"	4.40650913328934	1	4.40650913328934	1.26832937892885	0.761246964796371	1	1
"Gene3064"	"Gene3064"	8.53668903928373	1	8.53668903928373	1.47197784708881	2.04079096570501	1	1
"Gene3067"	"Gene3067"	1.4614059878043	1	1.4614059878043	1.47016944267092	1.24025965330926	1	1
"Gene3068"	"Gene3068"	2.69056967426061	1	2.69056967426061	1.05043704500444	1.32818501051182	1	1
"Gene3069"	"Gene3069"	3.21298749190605	1	3.21298749190605	2.4453673019396	2.93015639380981	0.954131629441931	1
"Gene3070"	"Gene3070"	1.98895151170828	1	1.98895151170828	0.592191555252578	1.35932982942978	1	1
"Gene3074"	"Gene3074"	3.39568121040929	1	3.39568121040929	0.541183004888809	0.711544267451284	1	1
"Gene3075"	"Gene3075"	10.831117288954	89.9631505328938	91.0700693075542	1.19431994527842	0.882615915308246	1	1
"Gene3077"	"Gene3077"	1.67671671911077	1	1.67671671911077	1.29228220152031	1.45958402556637	1	1
"Gene3080"	"Gene3080"	2.83147575157778	1	2.83147575157778	1.2368087340829	1.05901365744965	1	1
"Gene3082"	"Gene3082"	5.84930169346195	1	5.84930169346195	0.553415970313315	0.955255014906583	0.925627619662123	1
"Gene3083"	"Gene3083"	3.69483656575765	1	3.69483656575765	1.47147829441888	0.805741066461853	1	1
"Gene3084"	"Gene3084"	2.39912916467818	1	2.39912916467818	0.901119164146293	2.67292668229032	1	1
"Gene3086"	"Gene3086"	3.9682072062082	1	3.9682072062082	0.4995400928112	0.693990552691383	1	1
"Gene3089"	"Gene3089"	2.79210051905334	1	2.79210051905334	0.667876257764036	1.11718257918849	1	1
"Gene3090"	"Gene3090"	3.63876872622177	53.8546106357615	54.5172450506484	0.503490161263246	0.818262372164113	1	1
"Gene3092"	"Gene3092"	6.14486613398045	1	6.14486613398045	0.841016022464759	1.15493496548566	1	1
"Gene3095"	"Gene3095"	3.20127797764627	1	3.20127797764627	0.770771918441711	0.805347400879557	1	1
"Gene3099"	"Gene3099"	5.20593728698882	1	5.20593728698882	0.700786153892126	0.83267787599047	1	1
"Gene3100"	"Gene3100"	1.17945672735294	1	1.17945672735294	1.89863126391276	2.11769752639275	1	1.02577442829887
"Gene3101"	"Gene3101"	2.36873545084652	1	2.36873545084652	1.45140226461902	0.853491817539879	1	1
"Gene3102"	"Gene3102"	7.09689316846841	1	7.09689316846841	1.01448728058461	1.22526726857912	1	1
"Gene3103"	"Gene3103"	1.03983661311488	1	1.03983661311488	1.88352973834438	1.22274544904051	1	1
"Gene3106"	"Gene3106"	2.35249840154535	1	2.35249840154535	0.60939016036175	1.02224359549357	1	1
"Gene3107"	"Gene3107"	0.926564883735643	40.252177646934	40.7474458861456	0.596053065217136	0.860328529501339	1	1
"Gene3109"	"Gene3109"	1.94583177119983	1	1.94583177119983	0.853494493362895	0.837948358919754	1.08396565003714	1
"Gene3110"	"Gene3110"	0.966051688170575	63.3307183507815	64.1099480769523	1.45700283667813	0.506707759067618	1	1
"Gene3112"	"Gene3112"	3.70262407241107	1	3.70262407241107	2.19687674791122	0.357422658299981	1	1
"Gene3113"	"Gene3113"	3.11131911018821	1	3.11131911018821	0.624178674713992	0.787320126755216	1	1
"Gene3114"	"Gene3114"	8.06027314453595	1	8.06027314453595	0.737287664906404	0.417346381893077	1	1
"Gene3123"	"Gene3123"	1.9098765574019	1	1.9098765574019	0.858442851125268	1.16542945191185	1	1
"Gene3126"	"Gene3126"	13.7856726166307	1	13.7856726166307	2.0507698484641	0.675459097557166	1	1
"Gene3128"	"Gene3128"	2.26078687489037	1	2.26078687489037	1.42380472506776	0.843312019142369	1	1
"Gene3131"	"Gene3131"	0.830164410370588	1	0.830164410370588	1.47328989901146	1.40480349623818	1	1
"Gene3132"	"Gene3132"	7.7830881964955	1	7.7830881964955	0.919815407826024	1.97456474032689	1	1.13025206525642
"Gene3135"	"Gene3135"	7.42569514918732	1	7.42569514918732	0.772561647693681	0.984917496791384	1	1
"Gene3137"	"Gene3137"	9.44296583598865	1	9.44296583598865	0.442189925723285	0.883773665011985	1	1
"Gene3138"	"Gene3138"	2.6434432442669	1	2.6434432442669	0.546847423033799	1.27077267364048	1	1
"Gene3139"	"Gene3139"	5.52825970831364	1	5.52825970831364	0.535721690765784	0.617921795030297	1	1
"Gene3144"	"Gene3144"	3.939601139759	1	3.939601139759	0.451151802037141	1.02387987981402	1	1
"Gene3145"	"Gene3145"	1.64056447089884	1	1.64056447089884	1.1294830045599	0.834356633158411	1	1
"Gene3147"	"Gene3147"	3.70467615584741	1	3.70467615584741	1.12946432969919	1.64929139094536	0.978486408815064	1
"Gene3152"	"Gene3152"	2.7500534454421	1	2.7500534454421	0.861002551369028	2.63418542579754	1	1
"Gene3155"	"Gene3155"	9.45027257590237	1	9.45027257590237	0.298258743736685	0.700135139791384	1	1
"Gene3157"	"Gene3157"	1.15404068837694	1	1.15404068837694	1.16715602814323	0.945432219608716	1	1
"Gene3159"	"Gene3159"	1.26690796430873	1	1.26690796430873	1.17347849552524	0.890725355630056	1	1.19490932184733
"Gene3161"	"Gene3161"	4.54841689386489	1	4.54841689386489	0.540271022635621	1.0942555424466	1	1
"Gene3162"	"Gene3162"	6.37717794459594	1	6.37717794459594	1.93997773848895	0.770497326515221	1	1
"Gene3165"	"Gene3165"	1.97787891312789	1	1.97787891312789	0.809031388875195	1.86493465646592	1	0.911952031140284
"Gene3166"	"Gene3166"	2.03035175242901	1	2.03035175242901	0.994253022584182	2.80087925775458	1	1
"Gene3167"	"Gene3167"	1.68364386161426	1	1.68364386161426	2.62172081897734	1.50236378755258	1	1
"Gene3168"	"Gene3168"	2.90864627975378	1	2.90864627975378	0.596294779021506	1.60615514946217	1	1
"Gene3169"	"Gene3169"	3.52287469903509	1	3.52287469903509	0.405069695887291	0.914066850310069	1	1
"Gene3170"	"Gene3170"	1.90097395744389	1	1.90097395744389	0.701216431373006	1.47230741561493	1	1
"Gene3172"	"Gene3172"	8.97395481792789	1	8.97395481792789	0.457000102919737	1.32316555963202	1	1
"Gene3178"	"Gene3178"	1.86385698207083	1	1.86385698207083	0.615891379676462	1.2274008053801	1.13754000757096	1
"Gene3180"	"Gene3180"	0.231584148082175	62.1211444169739	62.8854913818281	0.854662633652815	3.26803404623405	1	1
"Gene3181"	"Gene3181"	2.55194297297946	1	2.55194297297946	0.554430800446303	1.16730082461526	1.25651875401012	1
"Gene3184"	"Gene3184"	3.66677496402052	1	3.66677496402052	2.47295612167792	0.545455738928252	1	1
"Gene3185"	"Gene3185"	3.97680852323268	1	3.97680852323268	0.965453578825437	1.31490070988778	1	1
"Gene3186"	"Gene3186"	2.08395957448195	1	2.08395957448195	1.57596194997709	0.594637995714765	1	1
"Gene3187"	"Gene3187"	3.73629132052719	1	3.73629132052719	0.679833854327443	0.753559724211755	1	1
"Gene3188"	"Gene3188"	4.56830135171207	1	4.56830135171207	1.21979245841291	1.6477307623922	1	1
"Gene3190"	"Gene3190"	7.64873842431289	1	7.64873842431289	0.729238884862204	2.32043652492723	1	1
"Gene3191"	"Gene3191"	4.42596406884744	1	4.42596406884744	0.538251867786624	0.616025580530305	1	1
"Gene3194"	"Gene3194"	9.06246545526987	1	9.06246545526987	0.414690372893797	0.905659152999471	1	1
"Gene3196"	"Gene3196"	0.813548163354091	1	0.813548163354091	1.40464667905811	2.26283931152171	1	1
"Gene3198"	"Gene3198"	0.638478334750499	1	0.638478334750499	1.76293879527041	1.60010810733038	1.11614973134027	1
"Gene3199"	"Gene3199"	2.66307781784356	1	2.66307781784356	2.07447451330633	0.984404376610561	1	1
"Gene3201"	"Gene3201"	0.106478631769426	29.5239350077837	29.8872014982121	1.19590037844735	1.13015358140729	1	1.31347668932704
"Gene3203"	"Gene3203"	5.73701107569437	1	5.73701107569437	1.62264073573749	0.784209216032406	1	1
"Gene3204"	"Gene3204"	4.9983098124712	1	4.9983098124712	1.5988336741249	4.3114510813116	1	1
"Gene3208"	"Gene3208"	1.29229764610127	1	1.29229764610127	1.91193910155262	2.19147690468552	1	1
"Gene3209"	"Gene3209"	6.20955382311589	1	6.20955382311589	0.611976681190317	0.672622868205446	1	1
"Gene3213"	"Gene3213"	6.78888792794627	1	6.78888792794627	0.454857612180148	1.0389073244719	1	1.10292618581112
"Gene3217"	"Gene3217"	2.96311749462297	1	2.96311749462297	0.600248926177924	1.8078976345326	1	1
"Gene3218"	"Gene3218"	2.35409078790296	1	2.35409078790296	1.76754758421642	0.766755452948531	1	1
"Gene3219"	"Gene3219"	2.82952235443187	1	2.82952235443187	0.991789757142231	1.48319470763271	1	1
"Gene3220"	"Gene3220"	8.83414140532759	1	8.83414140532759	1.32780119143953	1.6105322693848	1	1
"Gene3224"	"Gene3224"	4.20052250958708	1	4.20052250958708	0.685956054270977	1.2944340359342	1	1
"Gene3229"	"Gene3229"	3.82677266628201	1	3.82677266628201	0.573518753700323	1.27532581844337	1	1
"Gene3245"	"Gene3245"	3.09604308623849	1	3.09604308623849	0.639532940496377	1.75118302862952	1	1
"Gene3247"	"Gene3247"	6.17960632099214	1	6.17960632099214	0.522917263872777	1.47268697535318	1	1
"Gene3250"	"Gene3250"	3.61589686498309	1	3.61589686498309	0.559059640906985	1.6416884731088	1	1
"Gene3251"	"Gene3251"	3.85720539577023	1	3.85720539577023	1.72279335861803	1.05771455832811	1	1.07544620302023
"Gene3252"	"Gene3252"	1.50241887202285	1	1.50241887202285	1.07149261825058	1.04271796989096	1	1.02090714603329
"Gene3260"	"Gene3260"	3.78286560622676	1	3.78286560622676	0.736779342780403	1.49579204353327	1	1.12873909635353
"Gene3261"	"Gene3261"	2.51526624575819	1	2.51526624575819	0.667147311635627	1.40324442354278	1	1
"Gene3263"	"Gene3263"	4.12825086144354	1	4.12825086144354	1.08830928117237	0.567931277541019	1	1
"Gene3264"	"Gene3264"	1.79780562865927	1	1.79780562865927	0.984952956577577	0.72322366937708	1	1
"Gene3267"	"Gene3267"	6.74638957419942	1	6.74638957419942	0.562974199432786	0.789608940554259	1	1
"Gene3268"	"Gene3268"	1.24200223389762	1	1.24200223389762	1.10832129566395	0.99546836466158	1	1
"Gene3272"	"Gene3272"	3.60021641496663	1	3.60021641496663	0.998269891460252	1.98272377082243	1	1
"Gene3274"	"Gene3274"	4.13760079111617	1	4.13760079111617	1.60167785363133	0.818183878181489	1	0.792507834046158
"Gene3275"	"Gene3275"	3.25797887670751	1	3.25797887670751	1.3444635978713	0.430546658997787	1	1
"Gene3278"	"Gene3278"	2.44590098404619	1	2.44590098404619	0.531033153129205	1.49004629448791	1	1
"Gene3280"	"Gene3280"	4.66261926573115	1	4.66261926573115	0.797610536399671	0.512912192513689	1.06804063695416	1
"Gene3281"	"Gene3281"	2.89523734318682	1	2.89523734318682	1.39617822689378	1.32214343582142	1	1
"Gene3282"	"Gene3282"	3.31024017123625	1	3.31024017123625	0.600410594953899	0.93597741550362	1	1
"Gene3284"	"Gene3284"	0.0317896325376717	71.855249696244	72.7393664093153	0.780053572694145	0.393928875244064	1	1
"Gene3288"	"Gene3288"	2.93800948398579	43.6671922026034	44.2044792429021	5.74153671679922	1.64550869527835	1	1
"Gene3293"	"Gene3293"	3.2477297422258	1	3.2477297422258	0.736890260065183	2.03401276479997	1	1
"Gene3294"	"Gene3294"	6.81951334129664	1	6.81951334129664	0.96077769084998	1.28861411519087	1	0.847890129081828
"Gene3296"	"Gene3296"	2.23699452719353	1	2.23699452719353	0.788120062214385	0.893404768127989	1	0.991842375754346
"Gene3298"	"Gene3298"	1.16226294516093	1	1.16226294516093	3.82812302777624	1.52529805048616	1	1
"Gene3300"	"Gene3300"	8.76008290412201	1	8.76008290412201	1.11575024356435	1.20175978749248	1	1
"Gene3305"	"Gene3305"	1.91261724893637	1	1.91261724893637	1.94514290168613	1.44071763283441	1	1
"Gene3306"	"Gene3306"	2.81973624053358	1	2.81973624053358	0.689105470906721	0.831261221468564	1	1
"Gene3307"	"Gene3307"	2.07489546821767	1	2.07489546821767	1.97818167309732	0.683208564112484	1	1
"Gene3310"	"Gene3310"	3.00280593938663	1	3.00280593938663	0.467192046680066	2.36026465556098	1	1
"Gene3312"	"Gene3312"	0.780790891477394	36.0251052076006	36.4683629756667	1.47945845403599	0.661163266456984	1	1
"Gene3319"	"Gene3319"	0.0457568393903983	49.876839722855	50.4905311063039	2.53520112658032	1.17656458279345	1	1
"Gene3321"	"Gene3321"	6.65362443606434	1	6.65362443606434	1.99524480635742	2.47500979474266	1	1
"Gene3326"	"Gene3326"	1.92270061332148	1	1.92270061332148	0.94327110832869	0.833960502837888	1	1
"Gene3327"	"Gene3327"	3.81174422493207	1	3.81174422493207	1.80461713775921	0.632280529359631	1	0.908277202923317
"Gene3328"	"Gene3328"	1.64282624115857	1	1.64282624115857	0.955690509828465	1.06105718118909	1	1
"Gene3332"	"Gene3332"	4.51255989752159	1	4.51255989752159	1.5320701646324	0.768743839518672	1	1
"Gene3336"	"Gene3336"	3.32854563669949	1	3.32854563669949	1.22843607972662	1.63694459619089	1	1
"Gene3338"	"Gene3338"	2.4239822142212	1	2.4239822142212	1.84824813924072	1.32322157504839	1	1
"Gene3341"	"Gene3341"	2.21896949058804	1	2.21896949058804	1.41854047135551	0.7814932845861	1	1
"Gene3346"	"Gene3346"	14.4319499704386	1	14.4319499704386	1.17686709379956	3.99738034472653	1	1
"Gene3347"	"Gene3347"	2.81847225536646	1	2.81847225536646	0.89628380098456	1.03151226452535	1	1
"Gene3355"	"Gene3355"	0.929868677703423	1	0.929868677703423	1.22485510678137	1.98011788321183	1	1
"Gene3356"	"Gene3356"	7.05020878694695	1	7.05020878694695	0.402968036688344	1.22593933886583	1.06693720617677	1
"Gene3361"	"Gene3361"	0.954210836665184	1	0.954210836665184	2.14101141458336	2.08485343748194	1	1
"Gene3363"	"Gene3363"	3.07819756524062	1	3.07819756524062	0.454369761457109	0.439780390958128	1	1
"Gene3367"	"Gene3367"	1.76897652127898	125.873445542425	127.422209444943	1.4007479305428	1.92783246563053	1	1
"Gene3368"	"Gene3368"	7.86212614575211	1	7.86212614575211	1.09049705794826	1.07052829479053	1	1
"Gene3369"	"Gene3369"	0.270401938956026	71.1385937335984	72.0138926147538	0.684655248746374	0.998930624834722	0.881851173639533	1
"Gene3375"	"Gene3375"	3.26728023610911	1	3.26728023610911	2.39156645339937	1.65524608173301	1	1.07182566603014
"Gene3378"	"Gene3378"	1.1060852548899	1	1.1060852548899	3.00097885517034	1.68771093495186	1.1642005177351	1
"Gene3381"	"Gene3381"	5.30302571753883	1	5.30302571753883	1.18693864182788	1.00199934901831	1.05603697199361	1
"Gene3382"	"Gene3382"	2.10365829587969	1	2.10365829587969	1.09524468242997	1.36770519002067	1.13656477322824	0.920814702322014
"Gene3383"	"Gene3383"	1.32548949523229	1	1.32548949523229	1.34331868157987	1.23328933036161	1	1
"Gene3384"	"Gene3384"	1.39007549371424	1	1.39007549371424	1.70221706177396	1.53368416306183	1	1
"Gene3385"	"Gene3385"	6.11933019031116	1	6.11933019031116	3.28212609076855	0.861283540997303	1	1
"Gene3386"	"Gene3386"	1.3403427342366	1	1.3403427342366	1.03623819456934	0.872960345060973	1	0.896956807735201
"Gene3388"	"Gene3388"	3.7047479782636	1	3.7047479782636	2.77408088015028	1.10055217228065	0.895629589125208	1
"Gene3390"	"Gene3390"	9.11432387314654	1	9.11432387314654	3.83851567645886	0.335881059048763	1	1
"Gene3391"	"Gene3391"	2.68791268526332	1	2.68791268526332	1.51838299004056	0.993652257505757	1	1
"Gene3395"	"Gene3395"	13.7117975509008	1	13.7117975509008	0.852221491495767	1.2446244368996	1	1
"Gene3397"	"Gene3397"	5.39070568874382	1	5.39070568874382	1.13920912096984	1.13207365919903	1	1
"Gene3398"	"Gene3398"	0.189509424321638	50.7090531663309	51.3329842165729	0.767765751896524	0.349156341348134	1	1
"Gene3401"	"Gene3401"	2.14063570939211	1	2.14063570939211	1.6869921110484	2.03127240766874	1	1
"Gene3402"	"Gene3402"	2.22704402065537	1	2.22704402065537	0.628054071879476	0.57516704185824	1	1
"Gene3403"	"Gene3403"	1.66008041331619	1	1.66008041331619	2.26578541662136	0.801454366361423	1	1
"Gene3404"	"Gene3404"	0.981049036985555	1	0.981049036985555	1.8830523172759	1.49216131971251	1	1
"Gene3407"	"Gene3407"	2.3952588782485	1	2.3952588782485	0.871038034051951	1.71763518099888	0.933470382264917	1
"Gene3408"	"Gene3408"	4.32508126282224	1	4.32508126282224	0.943802510000193	0.917458612486409	1	1
"Gene3412"	"Gene3412"	2.27885408553401	21.3264775629722	21.5888814280213	0.401164353270218	2.5837421270061	1	1
"Gene3413"	"Gene3413"	4.80350803229115	1	4.80350803229115	1.94460661381867	2.1363252532777	1	1
"Gene3414"	"Gene3414"	5.55060204254787	1	5.55060204254787	1.54657301525101	0.574891762348982	1	1
"Gene3415"	"Gene3415"	2.54100036631609	1	2.54100036631609	0.709368422115587	0.628815843807098	1	1
"Gene3417"	"Gene3417"	7.32090127384357	1	7.32090127384357	2.24590534432436	1.2932598572123	1	1
"Gene3420"	"Gene3420"	4.19789740513418	1	4.19789740513418	0.893660959158886	2.62233437957333	1	1
"Gene3424"	"Gene3424"	2.88424626092143	1	2.88424626092143	0.595742923956302	1.13345416788745	1	1
"Gene3427"	"Gene3427"	1.74010392845798	1	1.74010392845798	1.08494582255701	0.878339287888365	1.23821044049371	1
"Gene3431"	"Gene3431"	3.87143858735951	1	3.87143858735951	1.44831194983315	2.14119725210032	1	1
"Gene3434"	"Gene3434"	3.4368872034458	1	3.4368872034458	0.44354871851886	0.520551717034752	1	1
"Gene3436"	"Gene3436"	1.60465642502607	61.3269607987412	62.0815360209169	0.262610931093037	0.705059913025243	1	1
"Gene3437"	"Gene3437"	2.82218848588434	1	2.82218848588434	1.60509262730155	0.59055579895931	1	1
"Gene3439"	"Gene3439"	3.5096930636175	1	3.5096930636175	0.908021465391239	0.839954925099146	1	1
"Gene3442"	"Gene3442"	3.86650911117548	1	3.86650911117548	1.45616208677551	0.728106940176916	1	0.716478229843848
"Gene3443"	"Gene3443"	3.85416228405406	1	3.85416228405406	0.764350771405357	2.38641309101087	1	1
"Gene3445"	"Gene3445"	4.82594763029552	1	4.82594763029552	1.6107185009551	2.00331897723171	1	1
"Gene3446"	"Gene3446"	2.80362951376189	1	2.80362951376189	0.842302885398639	0.595273780669046	1	1
"Gene3450"	"Gene3450"	2.99604759197458	1	2.99604759197458	0.857332693337726	1.30909359105226	1	1
"Gene3451"	"Gene3451"	6.28037580595769	1	6.28037580595769	1.41941891989172	0.886243165210843	1	1
"Gene3452"	"Gene3452"	3.56564012139334	1	3.56564012139334	1.26996523948609	0.369897369729828	1	1
"Gene3453"	"Gene3453"	5.51626112912812	1	5.51626112912812	0.998377075820605	0.534410899789608	1	1
"Gene3454"	"Gene3454"	2.55553111019106	1	2.55553111019106	1.30936541117904	1.23915862490663	1	1
"Gene3458"	"Gene3458"	1.52047893934552	1	1.52047893934552	0.80494994070615	0.78789644004312	1	1
"Gene3462"	"Gene3462"	7.54215464494694	1	7.54215464494694	0.627597568072671	0.507690415404516	1	1
"Gene3464"	"Gene3464"	5.38687163924088	34.1622418108778	34.5825786556965	1.42477761078657	1.51353875910967	1	1
"Gene3466"	"Gene3466"	2.62496266849492	1	2.62496266849492	0.754216924163381	0.421223243311391	1	1
"Gene3467"	"Gene3467"	1.63709537494055	1	1.63709537494055	2.10814553569986	1.62087496448892	1	1
"Gene3473"	"Gene3473"	4.54523556210716	1	4.54523556210716	1.26778544917027	1.02406278671543	1	1
"Gene3474"	"Gene3474"	1.90922655971101	1	1.90922655971101	0.87270850905472	0.545967783328334	1	1
"Gene3478"	"Gene3478"	4.92376628090705	1	4.92376628090705	1.96055909400608	0.77078218195418	1.29123644945514	1
"Gene3479"	"Gene3479"	3.06764907970047	1	3.06764907970047	0.744692789826057	0.390685390624887	1	1
"Gene3481"	"Gene3481"	2.22686900078992	1	2.22686900078992	2.64849401912301	1.01011669926669	1	1
"Gene3482"	"Gene3482"	9.29544465398695	1	9.29544465398695	0.373891664207336	0.758988113911224	1	1
"Gene3483"	"Gene3483"	3.25585529349609	1	3.25585529349609	1.13180504095392	1.51087856483099	1	1
"Gene3484"	"Gene3484"	0.762188536101195	1	0.762188536101195	2.03261686723009	1.42286994557816	1	1
"Gene3491"	"Gene3491"	6.18430073219381	1	6.18430073219381	0.704765107863118	0.559333540253525	1	1.00209471212972
"Gene3493"	"Gene3493"	2.74033781615539	1	2.74033781615539	0.640949144161531	0.651100724006335	1	1
"Gene3494"	"Gene3494"	1.78963622082976	1	1.78963622082976	2.01617775662821	2.16792993800048	1	1
"Gene3495"	"Gene3495"	4.95887774112732	1	4.95887774112732	0.69688829877787	1.16004679698234	1	1
"Gene3509"	"Gene3509"	3.64549431535981	1	3.64549431535981	1.37091934843972	1.17976380779865	1	1.23741518498936
"Gene3512"	"Gene3512"	23.2424064708352	1	23.2424064708352	0.952856290939113	1.63521371346783	1.0244130755728	1
"Gene3513"	"Gene3513"	2.85454315038706	1	2.85454315038706	1.19713140194813	1.2711500657981	1	1.10253241561744
"Gene3518"	"Gene3518"	3.74800060393685	1	3.74800060393685	1.84829178911251	1.60988152559841	1	1
"Gene3521"	"Gene3521"	9.03584599977928	1	9.03584599977928	1.37544326960038	1.80551830119599	1	1
"Gene3522"	"Gene3522"	5.95394201339362	1	5.95394201339362	0.916851586010783	1.13632131127205	1	1
"Gene3523"	"Gene3523"	11.1128643810456	1	11.1128643810456	2.21599772379877	0.487434502830043	1	1
"Gene3524"	"Gene3524"	0.0197573286380466	30.4074702787447	30.7816079066745	1.67879633748522	1.6007162916734	1	1
"Gene3527"	"Gene3527"	2.18089080925813	1	2.18089080925813	1.75303128642157	1.17022795460529	1	1
"Gene3529"	"Gene3529"	5.58308971411626	1	5.58308971411626	1.88091000577723	0.816414809415875	1	1
"Gene3530"	"Gene3530"	7.17754271298962	1	7.17754271298962	0.453811602356957	2.43576362249992	1	1
"Gene3534"	"Gene3534"	7.64184891599971	1	7.64184891599971	1.56474558513819	0.495341796451304	1	1
"Gene3535"	"Gene3535"	2.19836260790452	1	2.19836260790452	0.670318631282153	1.67715521512292	1	1
"Gene3537"	"Gene3537"	6.38268970731408	1	6.38268970731408	2.10200770184439	1.03810342806838	1	1
"Gene3539"	"Gene3539"	1.3727267319932	1	1.3727267319932	1.97176796025542	0.85517376624382	1	1
"Gene3540"	"Gene3540"	7.27912276261113	56.1810360596728	56.8722951277018	1.66142549150174	0.402135801267488	1	1
"Gene3541"	"Gene3541"	2.97717148831956	1	2.97717148831956	0.555126621033045	0.786424872333998	1	1
"Gene3542"	"Gene3542"	1.49108711500195	1	1.49108711500195	0.815233592380893	1.37725000648606	1	1.24118616988068
"Gene3543"	"Gene3543"	2.67138228030346	1	2.67138228030346	1.02303174666853	1.03173583180939	1	1
"Gene3547"	"Gene3547"	3.52651662686757	1	3.52651662686757	0.70081625719807	0.360828889432182	1	0.854315196342662
"Gene3548"	"Gene3548"	5.09762977155436	1	5.09762977155436	0.750639529772649	3.08054938279614	1	1
"Gene3551"	"Gene3551"	4.62530610814393	1	4.62530610814393	0.926981118037947	1.30247677836982	1	1
"Gene3552"	"Gene3552"	5.46953791320492	1	5.46953791320492	0.936076699572393	0.859536966773274	1	1
"Gene3557"	"Gene3557"	2.82434475012581	1	2.82434475012581	0.785713083211348	0.479923460593763	1	1
"Gene3560"	"Gene3560"	4.27357988040023	1	4.27357988040023	0.415057469409405	0.343027475666281	1	1
"Gene3562"	"Gene3562"	9.84829798274107	1	9.84829798274107	1.63134628514019	0.754445797289004	1	1
"Gene3564"	"Gene3564"	0.0308781470897809	110.841368494331	112.205175687262	1.15275363699093	1.16065373934931	1	1
"Gene3570"	"Gene3570"	0.567060296624809	74.2132136828147	75.1263431037697	1.07945203311314	0.380492739446613	1	1
"Gene3571"	"Gene3571"	5.02415705487912	1	5.02415705487912	1.50080572284834	1.44923029542877	1	1
"Gene3576"	"Gene3576"	0.00315215700913875	52.5987768486809	53.2459593147584	0.680242060391148	1.71167142835587	1	1
"Gene3578"	"Gene3578"	15.8417678322986	1	15.8417678322986	1.2869295662488	0.529238674626818	1	1
"Gene3581"	"Gene3581"	1.03452221698694	1	1.03452221698694	1.21438464796425	1.85787382773789	1	1
"Gene3583"	"Gene3583"	0.0506125537341304	84.1462159047156	85.1815623287772	1.71230003732651	0.398301540339985	1	1
"Gene3584"	"Gene3584"	1.84441038443764	1	1.84441038443764	1.13832232709037	0.816047053144229	1	1
"Gene3585"	"Gene3585"	4.03610352832521	1	4.03610352832521	0.971433269439235	0.685098985779804	1	0.893388708401576
"Gene3589"	"Gene3589"	2.48559753326007	1	2.48559753326007	1.28044919411483	1.54570993471759	1	1
"Gene3591"	"Gene3591"	4.03626114766449	1	4.03626114766449	1.25032237490864	1.80767227152189	0.793627331299771	1
"Gene3597"	"Gene3597"	0.425838765365286	68.8249135053609	69.671744551986	0.748064070735536	0.637286888555018	1	1
"Gene3600"	"Gene3600"	2.0028057423707	1	2.0028057423707	2.41087297707665	1.74601809312938	1	1
"Gene3601"	"Gene3601"	6.15257902834088	1	6.15257902834088	1.01069723904103	1.76064518871835	0.921876294845991	1
"Gene3602"	"Gene3602"	2.20183534865121	49.780351784769	50.3928559675745	2.66860525104392	0.663843059053466	1	1
"Gene3603"	"Gene3603"	0.134146550251285	77.236484479197	78.1868126330285	1.01884349324515	1.20069642017002	1	1
"Gene3607"	"Gene3607"	6.44902746932996	1	6.44902746932996	0.541911376650076	2.68910055194394	1	1
"Gene3608"	"Gene3608"	0.433674342335362	53.3282173206704	53.9843749209962	1.73169079080131	0.70411501434666	1	1
"Gene3612"	"Gene3612"	0.916022000324166	1	0.916022000324166	1.37642017728875	2.35983873951572	1	1
"Gene3613"	"Gene3613"	3.50523841613787	1	3.50523841613787	0.525893752814145	1.19744848856556	1	1
"Gene3615"	"Gene3615"	3.27208043886217	1	3.27208043886217	0.580692904421139	0.759779334064454	1	1
"Gene3616"	"Gene3616"	2.71149547275127	1	2.71149547275127	1.45157105286412	0.878265783127089	1.19111958644859	0.811793725787082
"Gene3617"	"Gene3617"	10.9551066034066	1	10.9551066034066	1.67604064983364	1.00956422864343	1	1
"Gene3623"	"Gene3623"	3.21771743474116	1	3.21771743474116	0.411409387135318	0.786068842729127	1	1
"Gene3626"	"Gene3626"	0.925772916871441	1	0.925772916871441	1.39048365490621	1.74656822525104	1	1
"Gene3627"	"Gene3627"	3.66125307549389	1	3.66125307549389	0.571654912245833	0.702749149968584	1	1
"Gene3628"	"Gene3628"	3.22640361211288	1	3.22640361211288	1.2220142848707	1.90694760649012	1	1
"Gene3629"	"Gene3629"	6.33033794011149	1	6.33033794011149	0.656806243917473	1.33289718353659	1	0.99990867611589
"Gene3632"	"Gene3632"	1.82306674803421	1	1.82306674803421	1.2192392172913	1.33046684361476	0.94573448922453	1
"Gene3637"	"Gene3637"	1.2938171530236	1	1.2938171530236	1.38548699813856	1.45391202040878	1.12966020779994	1
"Gene3639"	"Gene3639"	0.89433812218038	1	0.89433812218038	1.2755019685682	2.20559397955744	1	1
"Gene3642"	"Gene3642"	5.86303390332022	1	5.86303390332022	0.699177275117012	0.981233797797646	1.0175551371813	1
"Gene3644"	"Gene3644"	0.00275704209539519	70.0065434223766	70.8679134033554	3.09239515661105	1.18946456949951	1	1
"Gene3645"	"Gene3645"	3.25175920106295	15.6180319594606	15.8101983375473	1.62833233654558	0.58960007999217	1	1
"Gene3646"	"Gene3646"	3.38628729280239	1	3.38628729280239	0.663760334974867	2.59982360405923	1	1
"Gene3647"	"Gene3647"	2.48622875955817	1	2.48622875955817	0.723291135309824	1.10845816955273	1	1.09379447796298
"Gene3649"	"Gene3649"	4.16138202184711	1	4.16138202184711	0.741697317816633	0.559330752953837	1	1
"Gene3650"	"Gene3650"	2.07418975478635	17.0177850355766	17.2271741648749	1.67144914939639	1.68789744313356	1	1.29106838850455
"Gene3651"	"Gene3651"	1.20260783080155	30.2357959164039	30.6078212397548	0.962285064553075	1.44345122444906	1	1
"Gene3652"	"Gene3652"	5.77294652630233	1	5.77294652630233	1.82479039002966	2.66316527527536	1	1
"Gene3653"	"Gene3653"	12.3293523360384	1	12.3293523360384	0.273885282405322	1.77107497624566	1	1
"Gene3656"	"Gene3656"	2.09592023405214	1	2.09592023405214	0.945135470019922	0.745101990603827	1	1
"Gene3657"	"Gene3657"	1.92165758444481	1	1.92165758444481	1.75662590820872	2.3651980280198	1	1
"Gene3658"	"Gene3658"	3.22287191080755	1	3.22287191080755	0.367679121298512	0.526240089918716	1	1
"Gene3659"	"Gene3659"	2.3605362374307	1	2.3605362374307	0.907367857292404	1.04090847440024	1	1
"Gene3660"	"Gene3660"	3.05801171303997	1	3.05801171303997	1.11266749475795	0.954383735159892	1	1
"Gene3664"	"Gene3664"	6.10770321569072	1	6.10770321569072	0.84737468129931	1.30325227216383	1	1
"Gene3670"	"Gene3670"	1.82374849141084	1	1.82374849141084	0.890726051096798	0.937114051347085	1	1
"Gene3671"	"Gene3671"	0.685865498632737	47.2552958315394	47.8367313842987	1.58109033224508	0.432166820814134	1	1
"Gene3674"	"Gene3674"	4.16739480117534	1	4.16739480117534	0.699888395068082	1.64487467233102	1	1
"Gene3676"	"Gene3676"	5.184326904233	1	5.184326904233	0.709225818777239	1.70344247353151	1	1
"Gene3680"	"Gene3680"	2.77510394421104	1	2.77510394421104	0.630071549959599	1.28191469972225	1	1
"Gene3683"	"Gene3683"	1.90984321279958	1	1.90984321279958	0.99810008774519	1.10782975123149	1	1
"Gene3685"	"Gene3685"	3.26639179277251	1	3.26639179277251	0.747123814588095	0.533981095734411	1	1
"Gene3686"	"Gene3686"	1.77552816746881	1	1.77552816746881	0.746599497185805	0.769726641466759	1	1
"Gene3688"	"Gene3688"	5.36587066110649	1	5.36587066110649	2.16158209150431	0.592370001403485	1	1
"Gene3689"	"Gene3689"	4.32458612500953	1	4.32458612500953	1.77052883178722	1.9918485628934	0.834084052395333	1
"Gene3692"	"Gene3692"	7.05863640741096	1	7.05863640741096	1.62340236560808	0.42073080917495	1	1
"Gene3694"	"Gene3694"	2.81955323779499	1	2.81955323779499	2.30608452951934	1.06914992447225	1	1
"Gene3697"	"Gene3697"	2.70033102981616	1	2.70033102981616	1.42707290830221	2.25623853873214	1	1
"Gene3699"	"Gene3699"	3.1807471888115	1	3.1807471888115	0.671400991690728	1.03109084994966	1	1
"Gene3702"	"Gene3702"	8.38587588430184	1	8.38587588430184	1.2711231829304	0.851112525022269	1	1
"Gene3703"	"Gene3703"	3.55952745090338	1	3.55952745090338	2.61603325581189	1.21924412134229	1	1
"Gene3704"	"Gene3704"	2.62645533907331	1	2.62645533907331	1.23953482497802	3.05314349728066	1	1
"Gene3705"	"Gene3705"	7.41984610139702	1	7.41984610139702	1.49938235097383	2.62987111375586	1	1
"Gene3706"	"Gene3706"	3.42857174357712	1	3.42857174357712	0.646777855652873	0.765157848315163	1	1
"Gene3708"	"Gene3708"	2.80286985814259	73.837818589065	74.7463290980019	0.684846365461371	1.23186077313546	1	1
"Gene3710"	"Gene3710"	7.47020148458263	1	7.47020148458263	0.753044971991994	1.30491591296246	1	1
"Gene3713"	"Gene3713"	1.78576256130228	132.453507388044	134.083233261682	0.633744919305554	0.473494866444384	1	1
"Gene3715"	"Gene3715"	2.74152427682259	1	2.74152427682259	2.16760481692202	1.31934742049626	1	1
"Gene3716"	"Gene3716"	6.10212811272563	1	6.10212811272563	0.399592307118415	3.71699392020831	1	1
"Gene3718"	"Gene3718"	3.40358259670163	1	3.40358259670163	1.81987511792487	1.16041726588952	1	1
"Gene3721"	"Gene3721"	2.61595971082805	1	2.61595971082805	0.737567561766051	0.697615454084272	1	1
"Gene3722"	"Gene3722"	3.38347324949603	1	3.38347324949603	0.593294838151378	1.03071503327585	0.925046676359249	1
"Gene3723"	"Gene3723"	4.65494995644175	1	4.65494995644175	0.817304168562277	0.827795239999407	1	1
"Gene3724"	"Gene3724"	1.82057405975889	1	1.82057405975889	1.77727512984819	2.91959575215788	1.0961864170186	1
"Gene3729"	"Gene3729"	7.0761992384671	1	7.0761992384671	0.88217457112511	0.961360250602866	1	1
"Gene3733"	"Gene3733"	9.4960676810905	1	9.4960676810905	0.805248290364579	0.894985154202389	1	1
"Gene3737"	"Gene3737"	1.94001060629703	1	1.94001060629703	0.908564476117164	0.590905491870937	1	1
"Gene3738"	"Gene3738"	2.04988018990999	1	2.04988018990999	0.772920317245775	0.931879821585893	1	1
"Gene3741"	"Gene3741"	3.09264595687163	1	3.09264595687163	0.848197203259745	1.70036373118897	1	1
"Gene3743"	"Gene3743"	3.09683732916499	1	3.09683732916499	0.596596344261322	1.58235113954419	1	1
"Gene3745"	"Gene3745"	1.33485123079823	1	1.33485123079823	0.927068865971837	0.98173047284796	1	1
"Gene3746"	"Gene3746"	0.590992025142913	183.956681703924	186.220109601859	0.741760624238636	0.424089483218796	1	1
"Gene3748"	"Gene3748"	1.23709232974094	1	1.23709232974094	1.81917459456547	0.861327488866981	1	1
"Gene3749"	"Gene3749"	4.84878317766741	1	4.84878317766741	1.0293950863923	1.21993486697487	1	1
"Gene3751"	"Gene3751"	1.35292235173901	1	1.35292235173901	0.882398723161234	1.20784106811756	1	1
"Gene3752"	"Gene3752"	0.00328003174403751	47.312140974371	47.8942759574579	2.142464375091	1.05839361839432	1	1
"Gene3754"	"Gene3754"	2.8154061874525	1	2.8154061874525	0.651102204170834	1.04079136628243	1	1.22910090076911
"Gene3756"	"Gene3756"	3.02466122555077	1	3.02466122555077	0.636302183804051	0.635314416912241	0.910192014175174	1
"Gene3757"	"Gene3757"	4.23233494474384	1	4.23233494474384	1.47236852174615	1.32992464537246	1	1.20297283266272
"Gene3758"	"Gene3758"	1.68527231480257	1	1.68527231480257	1.17285173577173	1.10630884815664	1	0.783546546936138
"Gene3761"	"Gene3761"	1.6173053054667	1	1.6173053054667	0.832097941924442	1.4238312454206	1	1
"Gene3764"	"Gene3764"	6.95201038664081	1	6.95201038664081	0.719965313492538	0.973267264975326	1	1
"Gene3765"	"Gene3765"	2.55846525658069	1	2.55846525658069	2.13732731266127	1.21596375641129	1	1
"Gene3766"	"Gene3766"	2.57045011981868	1	2.57045011981868	0.563890913003749	1.31450299438737	1	1
"Gene3767"	"Gene3767"	3.23003401406456	1	3.23003401406456	0.657709224487192	2.0509878934789	1	1
"Gene3770"	"Gene3770"	0.453968752272566	48.0703804264454	48.6618448903277	1.44781357290791	1.27021011883142	1	1.17676135831722
"Gene3771"	"Gene3771"	2.73143478613237	1	2.73143478613237	1.65297988073488	1.00499797393925	1	1
"Gene3774"	"Gene3774"	0.733880859742798	1	0.733880859742798	2.49162021013693	1.50473196322098	1	1
"Gene3776"	"Gene3776"	2.9711595985973	1	2.9711595985973	1.31546548556178	2.07498403170022	1	1
"Gene3777"	"Gene3777"	2.89619135613883	1	2.89619135613883	1.45889199646083	1.05041000834641	1	1
"Gene3783"	"Gene3783"	3.14000765587224	1	3.14000765587224	1.47305714147968	1.48833148305484	0.988981680177299	1
"Gene3784"	"Gene3784"	6.63866700238885	1	6.63866700238885	0.98118612616841	0.780954622651358	1	1
"Gene3786"	"Gene3786"	3.78410376815083	1	3.78410376815083	2.02234786525878	0.615639518019947	1	1
"Gene3787"	"Gene3787"	1.70175071923754	1	1.70175071923754	1.87896300299672	1.09387254542571	1	1
"Gene3788"	"Gene3788"	7.23760709573062	1	7.23760709573062	1.17492527253588	1.40963166812756	1	1
"Gene3789"	"Gene3789"	4.37559514068266	1	4.37559514068266	0.460514826088144	1.62672481825837	1	1
"Gene3791"	"Gene3791"	8.41050420373957	1	8.41050420373957	0.488746438995579	0.544852324261128	1	1
"Gene3792"	"Gene3792"	2.60437884224614	1	2.60437884224614	0.601131745732527	0.91649888854515	1	1
"Gene3800"	"Gene3800"	6.07678058761317	1	6.07678058761317	0.465934689628455	0.392113690691869	1.062528157032	1
"Gene3801"	"Gene3801"	8.64561179765061	1	8.64561179765061	2.37466972692239	0.436040697161154	1	0.730142179872151
"Gene3802"	"Gene3802"	3.20021448403984	1	3.20021448403984	2.52709915116833	0.984025184911355	1	1
"Gene3803"	"Gene3803"	0.613288748027837	1	0.613288748027837	2.99940048127096	1.87492202941604	1	1
"Gene3806"	"Gene3806"	3.58817879131955	1	3.58817879131955	2.173996481043	1.02684096816433	1	1
"Gene3807"	"Gene3807"	4.28346830396634	1	4.28346830396634	1.31551438766086	1.14029995714503	1	1
"Gene3808"	"Gene3808"	2.92189277513901	1	2.92189277513901	3.27155158695181	1.41852913550409	1	1
"Gene3809"	"Gene3809"	2.94499020826399	1	2.94499020826399	0.569158722349007	5.39629412782957	1	1
"Gene3811"	"Gene3811"	0.908295051982961	29.7099901346408	30.0755458725203	0.543562874337488	0.824089468924063	1	1
"Gene3813"	"Gene3813"	7.69746779412692	1	7.69746779412692	0.777407871058503	0.544727883839838	1	1
"Gene3814"	"Gene3814"	4.17240866995634	1	4.17240866995634	0.593883866206284	1.12662441979904	1	1
"Gene3816"	"Gene3816"	5.47846544135511	1	5.47846544135511	0.990848118400089	1.18785240874676	1	1
"Gene3819"	"Gene3819"	2.85705337702477	1	2.85705337702477	0.916666383092344	1.17160353823343	1	1
"Gene3823"	"Gene3823"	1.34029910224332	1	1.34029910224332	2.15637100135808	0.965988903263823	1	1
"Gene3824"	"Gene3824"	9.79160121908422	1	9.79160121908422	2.17806091388926	0.325678618091449	1	1
"Gene3829"	"Gene3829"	2.90730384596377	1	2.90730384596377	0.755742913056375	1.30283518906638	1	1
"Gene3834"	"Gene3834"	1.40335145609211	1	1.40335145609211	2.16026490276784	2.24200518828098	1	1
"Gene3837"	"Gene3837"	6.79945639552138	1	6.79945639552138	0.848318559347133	3.08540167305866	1	1
"Gene3839"	"Gene3839"	3.50283620056353	1	3.50283620056353	0.730479574710363	0.687562112048605	1	1
"Gene3840"	"Gene3840"	6.61299668921153	1	6.61299668921153	0.789697648169792	1.87294731892676	1	1
"Gene3842"	"Gene3842"	1.28240101706685	1	1.28240101706685	1.47375455622072	0.912029278375295	1	1
"Gene3845"	"Gene3845"	2.41513771604969	1	2.41513771604969	0.724576248635746	2.13366389670392	1	1
"Gene3846"	"Gene3846"	2.79711122574953	1	2.79711122574953	1.14544237867928	0.641448773235246	1	1
"Gene3848"	"Gene3848"	5.1980636542513	58.8196840813582	59.5434094316108	1.88963368170258	4.16167928131956	1	0.834351622142688
"Gene3850"	"Gene3850"	6.93834841966829	1	6.93834841966829	1.14609786110871	1.06005934249196	1.12128059049995	1
"Gene3852"	"Gene3852"	2.0647546140795	1	2.0647546140795	1.96552001023705	1.08112359386671	1	1
"Gene3853"	"Gene3853"	1.71509129510213	1	1.71509129510213	1.83435241531819	1.47203401572288	1	1
"Gene3855"	"Gene3855"	1.99519028089699	1	1.99519028089699	1.65081721128733	1.37000861302285	1.01810204587025	1
"Gene3856"	"Gene3856"	4.29232004221937	1	4.29232004221937	0.828063223706081	0.828543236145276	0.820085042313364	1
"Gene3858"	"Gene3858"	3.76054661075521	1	3.76054661075521	1.25403772160009	0.545742109435168	1	0.802206113955422
"Gene3860"	"Gene3860"	2.29935240536211	1	2.29935240536211	0.830631672431906	1.29651724923412	1	1
"Gene3862"	"Gene3862"	2.05730124831141	1	2.05730124831141	1.59241839646507	1.16302429920624	1	1
"Gene3866"	"Gene3866"	1.26108218627228	1	1.26108218627228	0.991149016284027	1.29684873072633	1.14061794240927	1
"Gene3868"	"Gene3868"	3.3628163604526	1	3.3628163604526	0.498599365760083	2.1205497234215	1	1
"Gene3871"	"Gene3871"	4.83022872782372	1	4.83022872782372	1.33655104693587	1.33008852606674	1	1
"Gene3874"	"Gene3874"	9.1228902467693	1	9.1228902467693	1.01900595999646	0.603719350213581	1	1
"Gene3876"	"Gene3876"	1.43777236790835	1	1.43777236790835	0.821853611539218	1.01702695909815	1	1
"Gene3877"	"Gene3877"	7.40060761587348	1	7.40060761587348	0.860022760874992	1.66943923456199	1	1
"Gene3882"	"Gene3882"	3.92948468681939	1	3.92948468681939	0.348111440656822	1.46512484284374	1	1
"Gene3885"	"Gene3885"	1.64821527621723	1	1.64821527621723	0.987703940254616	0.988762671782294	1.30487003456376	1
"Gene3886"	"Gene3886"	5.01256315303802	1	5.01256315303802	0.764577839822834	1.93524537481435	1	1
"Gene3888"	"Gene3888"	5.90802935032891	57.9031926407398	58.6156413563211	0.682578518118932	0.492390984566571	1	1
"Gene3895"	"Gene3895"	7.82387786348784	1	7.82387786348784	1.37429727374136	1.67699639037385	1	1.07028439912612
"Gene3899"	"Gene3899"	4.16113294607653	1	4.16113294607653	1.45914825556267	1.51092496322216	1	1
"Gene3901"	"Gene3901"	4.47869527725606	1	4.47869527725606	1.73276909574521	0.409534496794539	1	1
"Gene3902"	"Gene3902"	3.11197640804373	1	3.11197640804373	2.11380795017631	3.37757066671445	1	1
"Gene3903"	"Gene3903"	0.983297387469528	1	0.983297387469528	1.15674981285381	1.44413375245979	1	1
"Gene3908"	"Gene3908"	17.7236290575162	1	17.7236290575162	1.47200706835821	1.00927269674575	1	1
"Gene3910"	"Gene3910"	5.12309062471724	1	5.12309062471724	0.756660277935603	1.27547054864041	1	1
"Gene3917"	"Gene3917"	4.23192635425072	1	4.23192635425072	2.09979714070912	1.2615441930923	1	1
"Gene3924"	"Gene3924"	0.08203921194821	58.5690392038488	59.2896805856205	0.930493175568252	1.29745736924639	1	1
"Gene3927"	"Gene3927"	5.08195202039911	1	5.08195202039911	0.848467608857679	0.374463959636629	1	1.24749880681113
"Gene3942"	"Gene3942"	2.67587207790944	1	2.67587207790944	0.715574527751672	1.54419417948965	1	1
"Gene3947"	"Gene3947"	3.03859534991034	1	3.03859534991034	0.48522984488287	1.07845201711807	1	1
"Gene3949"	"Gene3949"	1.35171741516693	1	1.35171741516693	1.8297359010348	1.10235298007117	1	1
"Gene3951"	"Gene3951"	3.04487790036802	1	3.04487790036802	1.20264338931075	1.62645467974062	1.27603083665602	1
"Gene3952"	"Gene3952"	0.558071580671013	14.5015651557954	14.6799943752905	2.12899368143316	2.83889586702582	1	1
"Gene3957"	"Gene3957"	3.29374974605161	1	3.29374974605161	2.16763662284731	0.988113454444476	1	1
"Gene3958"	"Gene3958"	6.62029322743975	1	6.62029322743975	1.77905500150795	1.38427249841137	1	1.28592188941617
"Gene3960"	"Gene3960"	3.1031390248962	1	3.1031390248962	0.620602240387642	1.82746004647136	1	1
"Gene3961"	"Gene3961"	5.18890860835796	1	5.18890860835796	1.23874129686652	0.67921065753263	1	1
"Gene3964"	"Gene3964"	4.55243871371253	1	4.55243871371253	0.458382411276477	0.699259246916169	1	1
"Gene3968"	"Gene3968"	1.92522344664168	1	1.92522344664168	0.551610850906637	1.13990019656993	1.30104259954367	1
"Gene3969"	"Gene3969"	3.56323994566813	1	3.56323994566813	0.837953387573362	1.60891475743379	1.1119473202045	1.12334435758598
"Gene3972"	"Gene3972"	6.42043037168444	1	6.42043037168444	2.30328665954617	1.07207289952604	1	1
"Gene3974"	"Gene3974"	3.01524557300074	1	3.01524557300074	0.836033963713032	0.643995662180542	1	1
"Gene3977"	"Gene3977"	4.34458469914431	1	4.34458469914431	0.814727567094851	0.704891474020894	1	1
"Gene3979"	"Gene3979"	2.1546894932055	1	2.1546894932055	1.69088539792557	0.578466138662964	1	1
"Gene3982"	"Gene3982"	7.13624937271363	1	7.13624937271363	0.380608055047087	2.1441250102366	1	1
"Gene3985"	"Gene3985"	4.30597375922684	1	4.30597375922684	0.468649821600147	0.471394456675244	1	1
"Gene3986"	"Gene3986"	2.34720567564578	1	2.34720567564578	4.38079113187283	2.17045251872849	1.06907123653874	1
"Gene3988"	"Gene3988"	3.11488376300157	1	3.11488376300157	2.63864109923818	0.868920003219981	1	1
"Gene3989"	"Gene3989"	3.58884778169937	1	3.58884778169937	0.929626333644585	1.91406723283266	1	1
"Gene3992"	"Gene3992"	2.0873693220311	1	2.0873693220311	2.06870950936745	0.528166952889092	1	1
"Gene3993"	"Gene3993"	3.08060782680314	1	3.08060782680314	2.02087571780527	0.811276557684413	1	1.02278600400204
"Gene4002"	"Gene4002"	3.49995736745862	1	3.49995736745862	0.95834765042024	0.97175859144926	1	1
"Gene4003"	"Gene4003"	4.29573714029754	1	4.29573714029754	0.891363264027258	1.03723039832528	1	1
"Gene4006"	"Gene4006"	0.0340293460511388	24.840368540416	25.146007795422	0.492569868124268	0.52887347921738	1	1
"Gene4007"	"Gene4007"	3.08715960582691	1	3.08715960582691	0.913820782503377	2.59254610575644	1	1.36998575867363
"Gene4009"	"Gene4009"	0.157132509354961	32.0401810230059	32.4344077448114	0.727251988403763	1.63174262701369	1	1
"Gene4011"	"Gene4011"	0.0230183719842008	45.8276087530765	46.3914778508803	1.37371230464686	1.61950024575032	1.3882353996946	1
"Gene4015"	"Gene4015"	3.26764051386492	1	3.26764051386492	1.52227051146248	1.04287786114885	1	1
"Gene4016"	"Gene4016"	1.96232961872973	1	1.96232961872973	2.36858793878078	0.959006782204753	1	1
"Gene4018"	"Gene4018"	1.26028337493029	1	1.26028337493029	1.52396835256938	1.7661641733086	1	1
"Gene4020"	"Gene4020"	3.68328020306267	1	3.68328020306267	1.60268895167602	1.69998915589423	1	1
"Gene4022"	"Gene4022"	5.10395614185005	1	5.10395614185005	0.594183358139886	1.34935318794162	1	1
"Gene4028"	"Gene4028"	5.68357381138996	1	5.68357381138996	1.04600636732968	2.71387596935596	0.884962463336921	1
"Gene4033"	"Gene4033"	2.95894485379183	1	2.95894485379183	1.75439783334121	1.62682528349785	1	1
"Gene4036"	"Gene4036"	4.28520057222499	1	4.28520057222499	2.29332684151236	0.360440812553504	1	1
"Gene4037"	"Gene4037"	2.90069618224524	1	2.90069618224524	0.83862583185678	1.74466439365677	0.877251719245924	1
"Gene4041"	"Gene4041"	2.95905783119813	1	2.95905783119813	0.811384819451287	1.03941718882006	1	1
"Gene4042"	"Gene4042"	1.00814077583316	1	1.00814077583316	2.38273117430615	1.11463593156845	1	1
"Gene4045"	"Gene4045"	2.168913649439	1	2.168913649439	0.687753315568339	0.60068142992488	1	1
"Gene4046"	"Gene4046"	5.34808411746867	1	5.34808411746867	0.627307729548703	0.799219562765801	1	1
"Gene4047"	"Gene4047"	1.64730339635119	1	1.64730339635119	1.86813293539965	2.27670687816033	1	1
"Gene4051"	"Gene4051"	0.457039502323721	48.6984835144663	49.2976762437154	1.57754870731133	1.01644457891323	1	1
"Gene4056"	"Gene4056"	3.73850226596996	1	3.73850226596996	2.18546074585428	2.30008056684351	1	1
"Gene4062"	"Gene4062"	4.50852064758974	1	4.50852064758974	0.383250036117817	1.003890422244	1	1
"Gene4065"	"Gene4065"	4.10132229054777	1	4.10132229054777	1.11474075723179	2.12282374869251	1	1
"Gene4068"	"Gene4068"	3.32152246087044	1	3.32152246087044	0.603327378973656	0.596136650302225	1	1
"Gene4070"	"Gene4070"	1.02025061800849	1	1.02025061800849	1.27886955058316	3.54760742434537	1	1
"Gene4071"	"Gene4071"	4.21843922271122	1	4.21843922271122	0.589552032771112	0.795798984518709	1	1
"Gene4073"	"Gene4073"	7.96049521023986	1	7.96049521023986	0.859184715661835	0.464793992184361	0.931969943014368	1
"Gene4074"	"Gene4074"	7.19796525825255	1	7.19796525825255	0.97573644641957	0.827178537907049	1	1
"Gene4077"	"Gene4077"	3.12468932719665	1	3.12468932719665	2.26028114095924	0.896229953792733	1	1
"Gene4080"	"Gene4080"	3.77344786906639	1	3.77344786906639	0.407361566994543	1.31533898359182	1	1
"Gene4082"	"Gene4082"	2.88683151210271	1	2.88683151210271	0.652090178573169	1.36053909589495	1	1
"Gene4083"	"Gene4083"	6.95204108191237	1	6.95204108191237	1.4701702240422	0.566041607880673	1	1
"Gene4087"	"Gene4087"	3.51866152724224	1	3.51866152724224	1.67951729326129	0.755925917548249	1	1
"Gene4089"	"Gene4089"	4.338286727224	1	4.338286727224	0.439199878894896	0.948402724510384	1	1
"Gene4091"	"Gene4091"	4.26541196832794	1	4.26541196832794	2.74503717240396	0.472238359195145	1	1
"Gene4096"	"Gene4096"	4.73604408836566	1	4.73604408836566	1.23434683307173	1.72958369602931	1	1
"Gene4098"	"Gene4098"	2.57118671701358	1	2.57118671701358	0.737883990781467	0.587690626489439	1	1
"Gene4100"	"Gene4100"	4.8262825044914	1	4.8262825044914	0.717785581535045	0.632909253485312	1	1
"Gene4106"	"Gene4106"	5.77268003734016	1	5.77268003734016	0.932534729728371	1.42189324181045	1	0.891409956849621
"Gene4107"	"Gene4107"	1.38836693886014	1	1.38836693886014	0.87962340188257	0.951634875860279	1.04085528251411	1
"Gene4113"	"Gene4113"	1.37034096706015	1	1.37034096706015	1.15421241754008	2.96011022624114	1	1
"Gene4118"	"Gene4118"	1.11682030571631	23.1111132086303	23.3954754720949	1.01935200968058	1.18861267820646	1	1
"Gene4119"	"Gene4119"	0.814701715183342	1	0.814701715183342	1.82532591206248	1.42981796577793	1	1
"Gene4123"	"Gene4123"	5.44776125768028	1	5.44776125768028	1.45879814862867	0.988571216676044	1	1
"Gene4124"	"Gene4124"	4.3368046880794	1	4.3368046880794	1.53789828652809	2.04210517292263	1	1
"Gene4126"	"Gene4126"	11.4951131724635	1	11.4951131724635	4.27576843452348	2.76118356007236	1.10427021772337	1
"Gene4133"	"Gene4133"	5.13467463002925	1	5.13467463002925	1.33161680506046	1.13142062972891	1	1
"Gene4134"	"Gene4134"	2.05834731340775	1	2.05834731340775	0.898321524372265	1.48650496085832	1	1
"Gene4138"	"Gene4138"	2.34850373744469	1	2.34850373744469	0.770396092257942	0.607241321935601	1	1
"Gene4139"	"Gene4139"	2.23477805923228	1	2.23477805923228	2.68955253587894	1.34763084646185	1	1
"Gene4141"	"Gene4141"	11.1976268812382	1	11.1976268812382	1.23127886104014	1.61278730147989	1	1
"Gene4144"	"Gene4144"	7.75836029738169	1	7.75836029738169	0.543452983817177	1.00277502788937	1.22272504728576	1
"Gene4146"	"Gene4146"	3.51934483403448	1	3.51934483403448	1.80094074661082	1.33786509539912	1	0.773467652868927
"Gene4148"	"Gene4148"	4.98869450892089	1	4.98869450892089	0.522813522872107	1.04234053277019	1	1
"Gene4150"	"Gene4150"	3.55179478714959	1	3.55179478714959	1.28346472110824	0.640038882727757	1	1
"Gene4151"	"Gene4151"	0.509841268543103	53.2591242042524	53.9144316735268	4.25983326330455	1.29137421758921	1	1
"Gene4153"	"Gene4153"	6.45877771918545	1	6.45877771918545	1.31077636645105	0.720554948578319	1	1
"Gene4154"	"Gene4154"	5.39961310529115	1	5.39961310529115	0.670965724966937	1.32253513600863	1	1
"Gene4159"	"Gene4159"	2.52608821105255	1	2.52608821105255	1.75290156739278	0.752677124665242	1	1
"Gene4160"	"Gene4160"	5.83282618093775	1	5.83282618093775	0.380349257409394	1.49139920322944	1	1
"Gene4161"	"Gene4161"	0.129474036903971	52.4793465928278	53.1250595728803	1.01896148334164	0.40560966537412	1	1
"Gene4162"	"Gene4162"	1.50862188864293	1	1.50862188864293	1.10237081786919	0.976177131269319	1.06398774963558	1
"Gene4165"	"Gene4165"	2.18574706927343	116.355137467831	117.786786820132	0.497509393387687	0.343423464967635	1	1
"Gene4167"	"Gene4167"	2.30143776749547	1	2.30143776749547	1.00842672073359	0.974849117499417	1	1
"Gene4168"	"Gene4168"	3.97424902396921	1	3.97424902396921	0.594799139465161	0.928851617985595	1	1.04840888834354
"Gene4169"	"Gene4169"	0.903772989903943	1	0.903772989903943	1.60782711801598	1.13280533967717	1.01139462642686	1
"Gene4170"	"Gene4170"	4.83589090828518	1	4.83589090828518	1.00158816936932	0.81005686606844	1	1
"Gene4172"	"Gene4172"	2.12359672911997	1	2.12359672911997	0.8840827360559	2.58014855604998	1	1
"Gene4177"	"Gene4177"	21.2226526828805	1	21.2226526828805	1.30842324730318	0.89009880459763	1	1
"Gene4178"	"Gene4178"	7.10038235752927	1	7.10038235752927	0.473195704820153	1.0806708694639	1	0.888115165725612
"Gene4179"	"Gene4179"	2.63930994875935	1	2.63930994875935	0.752868211856291	2.00438288726552	1	1
"Gene4180"	"Gene4180"	2.22225518831398	1	2.22225518831398	0.619184127396697	1.65406990572382	1.1356579665226	1
"Gene4182"	"Gene4182"	2.2751552248867	1	2.2751552248867	1.16679524677636	1.09950934881031	1	1
"Gene4184"	"Gene4184"	1.33350395881616	1	1.33350395881616	0.966781582269936	0.887672206120403	1.11720145242347	1
"Gene4186"	"Gene4186"	7.2324333919512	1	7.2324333919512	0.587190164717465	1.18235782143645	1	1
"Gene4187"	"Gene4187"	10.960028408928	1	10.960028408928	2.02064321819465	2.3936404737693	1	1
"Gene4190"	"Gene4190"	3.73353206358498	1	3.73353206358498	0.755509454739554	1.28027316832316	1.12770148265577	1
"Gene4193"	"Gene4193"	4.05626131923293	1	4.05626131923293	0.977215092258548	1.30338568618782	1	1
"Gene4194"	"Gene4194"	1.09405856375599	1	1.09405856375599	1.88181622269806	2.70449591068819	1	1
"Gene4195"	"Gene4195"	6.66461346208455	1	6.66461346208455	1.09992097889018	0.812662810781378	1.04406655723555	0.944707318236575
"Gene4196"	"Gene4196"	3.54016648666508	1	3.54016648666508	0.603236906771388	1.0238226443737	1	1
"Gene4198"	"Gene4198"	1.44372365196954	1	1.44372365196954	1.82912852625723	1.79885088134829	1	1
"Gene4199"	"Gene4199"	4.7790239614969	1	4.7790239614969	1.6937700908097	0.714670175163027	1	1
"Gene4200"	"Gene4200"	4.81532425273083	1	4.81532425273083	0.53728052646754	1.38873780633498	1	1
"Gene4205"	"Gene4205"	3.63547891758969	1	3.63547891758969	1.42129935644697	0.847589093187268	1.18721127202751	1
"Gene4207"	"Gene4207"	3.55900074660829	1	3.55900074660829	1.55753305620451	0.622689912109895	1	1
"Gene4212"	"Gene4212"	3.37903323980305	91.5717912687364	92.6985029766327	2.46154760195996	0.395702754982509	1	1
"Gene4216"	"Gene4216"	6.13927946561378	1	6.13927946561378	0.997655383202128	0.594195159177956	1	1
"Gene4217"	"Gene4217"	3.23742057931461	1	3.23742057931461	1.65463911979969	0.525519584693451	1	1
"Gene4220"	"Gene4220"	2.2647587507126	1	2.2647587507126	0.709340382805399	0.770199796946927	1	1.15098008888918
"Gene4222"	"Gene4222"	7.55570376126628	1	7.55570376126628	0.396704806115545	1.7504588646447	1	1
"Gene4224"	"Gene4224"	5.19151489687198	1	5.19151489687198	0.319990102236764	1.58985079661745	1	1
"Gene4225"	"Gene4225"	2.31127835162172	1	2.31127835162172	1.30167384734364	1.82588024285756	1	1
"Gene4227"	"Gene4227"	2.52681455799832	1	2.52681455799832	2.6172505412646	1.10343760614404	1	1
"Gene4232"	"Gene4232"	1.15069215023137	1	1.15069215023137	2.14711746801622	1.85535163801285	1	1
"Gene4234"	"Gene4234"	1.49228165600074	1	1.49228165600074	0.825932757722597	1.17062597995128	1	1
"Gene4235"	"Gene4235"	2.43008447409278	1	2.43008447409278	1.50964126104986	0.655292056897091	1	1
"Gene4236"	"Gene4236"	11.4500697209121	61.1820170820577	61.9348088971349	0.364328387047253	1.33286342361468	1	1
"Gene4238"	"Gene4238"	4.62446556784371	1	4.62446556784371	0.858717804293425	2.14631496975745	1	1
"Gene4240"	"Gene4240"	3.75046199778882	1	3.75046199778882	0.443020935137379	1.37266650399284	1	1
"Gene4242"	"Gene4242"	7.91314392666226	1	7.91314392666226	1.41035392165886	1.02144616422389	1	1
"Gene4246"	"Gene4246"	0.703747960583922	1	0.703747960583922	3.78759627648566	1.62187088210561	1	1
"Gene4247"	"Gene4247"	5.31217177921528	1	5.31217177921528	1.12108372457958	1.22174456017909	1	1
"Gene4248"	"Gene4248"	2.29215915315129	1	2.29215915315129	1.16471813996536	1.12556764743899	1.14074304702841	1
"Gene4249"	"Gene4249"	1.34498688198546	123.392851990813	124.911094334689	2.04786705315796	1.18962994371887	1	1
"Gene4250"	"Gene4250"	2.885373085808	1	2.885373085808	0.957351703829095	1.11784733078176	1	1
"Gene4253"	"Gene4253"	8.36061452101851	1	8.36061452101851	0.940246163042307	0.861972217125143	1	1
"Gene4256"	"Gene4256"	4.02926437906584	1	4.02926437906584	1.33861891722612	0.577341242623153	1	1
"Gene4257"	"Gene4257"	4.83984278339038	1	4.83984278339038	1.48572192791106	1.50416679292014	1	1
"Gene4259"	"Gene4259"	4.12412926685676	1	4.12412926685676	0.50247090619363	0.525187223326676	1	1
"Gene4260"	"Gene4260"	3.30117321822915	1	3.30117321822915	0.9821492724542	1.05316878845753	1	1
"Gene4266"	"Gene4266"	6.01159117720465	1	6.01159117720465	0.815717989513484	0.526831978658987	1	1
"Gene4271"	"Gene4271"	3.64484264034954	1	3.64484264034954	0.55923212239573	0.714428275534246	1	1
"Gene4272"	"Gene4272"	1.95615338580924	1	1.95615338580924	1.04967773548141	0.775989853605787	1	1
"Gene4274"	"Gene4274"	10.7436717846884	1	10.7436717846884	0.656099859285171	1.38658588335501	1	1
"Gene4276"	"Gene4276"	2.79282595678142	1	2.79282595678142	0.851133037828074	1.3637205806027	1	1
"Gene4278"	"Gene4278"	6.11643347880451	1	6.11643347880451	1.19812125043001	0.32640882213982	1	1
"Gene4280"	"Gene4280"	8.54890694288385	1	8.54890694288385	0.883819814341533	0.62885975173501	1	1
"Gene4281"	"Gene4281"	2.3638074398825	1	2.3638074398825	1.01443261086807	0.996526986856147	1	1
"Gene4283"	"Gene4283"	0.603850664467165	1	0.603850664467165	3.008280350099	1.84663925624159	1	1
"Gene4286"	"Gene4286"	2.80840879862423	1	2.80840879862423	0.509389329219559	0.629408620675905	1	1
"Gene4288"	"Gene4288"	1.94108404923597	1	1.94108404923597	1.86044225335723	1.3489195710028	1	0.900789078055878
"Gene4290"	"Gene4290"	1.88965355490735	1	1.88965355490735	0.849878853313728	1.26251213546773	1	0.924292062436811
"Gene4294"	"Gene4294"	3.35772013292361	1	3.35772013292361	0.601536055234906	0.489396953106838	1	1
"Gene4297"	"Gene4297"	3.45091239983833	1	3.45091239983833	0.998518381900397	0.943587837418392	1	1
"Gene4298"	"Gene4298"	5.27648683776923	1	5.27648683776923	1.13210154557046	1.43723044054578	1	1
"Gene4304"	"Gene4304"	2.90432489385569	1	2.90432489385569	1.41231465519047	0.742009950942616	1	0.87768879497932
"Gene4305"	"Gene4305"	2.48242968509787	30.1837752956249	30.5551605502202	2.09204381150537	0.629252704760641	1	1
"Gene4315"	"Gene4315"	4.11930571131857	1	4.11930571131857	1.39171944165723	1.39314367668133	1	1
"Gene4316"	"Gene4316"	3.25525355128292	1	3.25525355128292	1.61220252873138	1.50851207604406	1	1
"Gene4320"	"Gene4320"	4.25700428005602	1	4.25700428005602	1.03681027601979	0.436441793999475	1	1
"Gene4321"	"Gene4321"	8.19588240054997	1	8.19588240054997	1.11766135429111	0.458041251243982	1	1
"Gene4322"	"Gene4322"	5.11187718116604	1	5.11187718116604	0.778604701007357	1.00243458340489	1	1
"Gene4324"	"Gene4324"	4.5230995127706	1	4.5230995127706	0.418824899703851	1.07610047245491	1	1
"Gene4329"	"Gene4329"	0.461247263893042	72.3283489980781	73.2182867889615	0.664960243513107	0.551400608409351	1	1
"Gene4331"	"Gene4331"	6.99053952450556	1	6.99053952450556	0.447300212069815	0.649501923063886	1	1
"Gene4336"	"Gene4336"	2.79926374465411	1	2.79926374465411	1.60860518858684	1.2657404808474	1	1
"Gene4337"	"Gene4337"	4.33595233156436	84.0073071350254	85.0409444067928	1.16136460879678	1.39263742733355	1.16528372139362	0.858232495572804
"Gene4338"	"Gene4338"	1.95475055773262	1	1.95475055773262	0.727521097766973	1.7780100812461	1	1
"Gene4339"	"Gene4339"	1.70955372042541	1	1.70955372042541	0.715641499885064	1.17715682864908	1	1
"Gene4342"	"Gene4342"	2.69435878232672	1	2.69435878232672	0.459648116822499	0.669867897419822	1.4967908758729	1
"Gene4343"	"Gene4343"	5.03096196410918	1	5.03096196410918	0.629097503541134	1.46254960909291	1	1
"Gene4351"	"Gene4351"	0.834802026470042	19.5839087867315	19.8248718498174	3.18765441243231	1.34051601095078	1	1
"Gene4353"	"Gene4353"	5.96602102836178	1	5.96602102836178	0.670930172956229	0.755870216732082	1.08029741439219	1
"Gene4356"	"Gene4356"	0.921535491684608	1	0.921535491684608	1.61433639834624	1.43512265203648	1	1
"Gene4357"	"Gene4357"	9.54503545103688	1	9.54503545103688	0.881241031174946	0.589321802363288	1	0.722995154306759
"Gene4359"	"Gene4359"	2.43056246229891	1	2.43056246229891	0.610456085751703	1.38182437869481	1.09871565450709	1
"Gene4370"	"Gene4370"	1.87925393672686	1	1.87925393672686	1.05227135735649	1.67262081881359	1	1
"Gene4372"	"Gene4372"	3.07708921988047	1	3.07708921988047	2.41954712546418	2.15872782556159	1	1
"Gene4373"	"Gene4373"	11.8077559985728	1	11.8077559985728	0.891247024542499	1.72931346934959	1	1
"Gene4374"	"Gene4374"	5.19162257392944	105.427696420134	106.724893059484	1.13262910773888	1.37538023772325	1	1
"Gene4376"	"Gene4376"	7.48378940667797	1	7.48378940667797	0.520437645313769	1.61685659294034	1	1
"Gene4380"	"Gene4380"	5.16826350945879	1	5.16826350945879	1.02313657446836	3.30496159786873	1	1
"Gene4382"	"Gene4382"	11.1162769202464	1	11.1162769202464	0.57536891375502	0.797795266011424	1	1
"Gene4385"	"Gene4385"	1.34934041556615	1	1.34934041556615	0.950483796887087	1.63031421127683	1	1.1199912443489
"Gene4390"	"Gene4390"	6.51737956053006	1	6.51737956053006	0.441642766449349	0.876016986941986	1	1
"Gene4391"	"Gene4391"	4.65920053892855	1	4.65920053892855	0.391457054272302	2.6339205259702	1	1
"Gene4396"	"Gene4396"	2.22248514730085	1	2.22248514730085	2.14827980819294	0.690430138746579	1	0.684989474265215
"Gene4402"	"Gene4402"	0.955449855499552	1	0.955449855499552	1.31092335725624	1.81548250636861	1	1
"Gene4403"	"Gene4403"	2.96660177611569	1	2.96660177611569	0.988693093672179	1.63785537538525	1	1
"Gene4406"	"Gene4406"	1.03881098049086	1	1.03881098049086	1.06511244512365	1.42617611286909	1.05067683368077	1
"Gene4419"	"Gene4419"	2.0797508680992	1	2.0797508680992	0.687796377894241	0.885028595711632	1	1
"Gene4420"	"Gene4420"	6.06255838409127	1	6.06255838409127	2.29326806526892	0.443879186888532	1	1
"Gene4421"	"Gene4421"	3.93071717657446	1	3.93071717657446	1.10208335606867	1.44463200536082	1.17348578922653	1
"Gene4425"	"Gene4425"	5.80175243692397	1	5.80175243692397	1.0203235874109	1.94101752335993	1	1
"Gene4426"	"Gene4426"	2.62731916339582	1	2.62731916339582	1.34409146244028	0.797773416316001	1	1
"Gene4427"	"Gene4427"	14.8967005681852	1	14.8967005681852	0.686312631902612	0.352234278980717	1	1
"Gene4431"	"Gene4431"	3.11839913163672	1	3.11839913163672	0.622775859253224	0.783162779487259	1	1
"Gene4432"	"Gene4432"	3.80765719492952	1	3.80765719492952	0.333211328105175	1.44569145422794	1	1
"Gene4435"	"Gene4435"	1.98489100230653	1	1.98489100230653	0.740532153060988	0.882466309999168	1	1
"Gene4438"	"Gene4438"	3.85906114882037	1	3.85906114882037	1.33392145295674	1.3580458452077	1	1
"Gene4440"	"Gene4440"	2.46842140329954	1	2.46842140329954	0.988397386099799	0.477041688050077	1	1
"Gene4441"	"Gene4441"	5.14540502767436	1	5.14540502767436	1.42047468380606	0.37854365912863	0.967455766712101	1
"Gene4446"	"Gene4446"	3.07143264015691	1	3.07143264015691	1.25696801371853	1.23245140537904	1	1
"Gene4447"	"Gene4447"	3.72409177928147	1	3.72409177928147	0.437025098910447	3.0524520289088	1	1
"Gene4453"	"Gene4453"	1.08848230504496	1	1.08848230504496	0.895497439047296	1.42271971765777	1	0.996413197155126
"Gene4454"	"Gene4454"	2.87043036552466	1	2.87043036552466	1.04008223829488	0.944996722653958	1	1
"Gene4455"	"Gene4455"	1.47355521687052	1	1.47355521687052	0.966742675660408	1.92874319226054	1	1
"Gene4456"	"Gene4456"	4.19101101917073	1	4.19101101917073	0.54098542986127	0.923266851737033	0.952709170665096	1
"Gene4457"	"Gene4457"	4.22680387630618	1	4.22680387630618	0.764718495662766	0.940571920098157	1	1
"Gene4458"	"Gene4458"	3.26888674675169	1	3.26888674675169	1.11885159141795	1.31203805132324	1	1
"Gene4459"	"Gene4459"	4.57910692649759	1	4.57910692649759	0.377864609619727	1.81558216496938	1	1
"Gene4461"	"Gene4461"	3.41375503588447	1	3.41375503588447	1.64101278554584	0.9491279552074	1	1
"Gene4464"	"Gene4464"	6.58555924040921	1	6.58555924040921	1.37334094505753	0.528877987734488	1	1
"Gene4467"	"Gene4467"	4.6070903621101	1	4.6070903621101	0.706066068569085	2.0562672896525	1.00094024290969	1
"Gene4469"	"Gene4469"	0.68631547070074	27.7566620458601	28.0981837706826	0.675428534251571	0.379669049811992	1	1
"Gene4470"	"Gene4470"	3.60847222788664	52.578313270028	53.2252439494654	0.383510086273939	2.25218846622251	1	1
"Gene4471"	"Gene4471"	4.52905807734984	1	4.52905807734984	1.47126460127454	0.440224552972605	1	1
"Gene4472"	"Gene4472"	1.50369209818603	1	1.50369209818603	1.85854141085432	1.10237413960724	1	1
"Gene4473"	"Gene4473"	2.32449303729378	1	2.32449303729378	1.00526915158688	0.657774236138374	1	1
"Gene4474"	"Gene4474"	1.70102717745302	1	1.70102717745302	0.718792752752723	0.853128579424058	1	1
"Gene4475"	"Gene4475"	3.28108992853854	1	3.28108992853854	1.45868156346368	0.85271020411727	0.838840293125731	1
"Gene4482"	"Gene4482"	3.24422542544096	1	3.24422542544096	1.41779524948055	0.559305437857917	1	1
"Gene4484"	"Gene4484"	5.78207620450892	1	5.78207620450892	1.53980202100191	1.10917231367007	1	1
"Gene4488"	"Gene4488"	3.55241117124694	1	3.55241117124694	1.44613841187611	2.89667288602468	1	1
"Gene4490"	"Gene4490"	7.06754061414315	1	7.06754061414315	1.4213558580696	0.586549536572063	1	1
"Gene4491"	"Gene4491"	3.31681832468281	1	3.31681832468281	1.80051340779003	1.09407343795094	1.40276397892243	1.34085761190455
"Gene4492"	"Gene4492"	3.31883977001091	1	3.31883977001091	2.40012558955446	0.865011114916615	1	1
"Gene4493"	"Gene4493"	8.07374529152055	1	8.07374529152055	2.6800714336558	0.487936275798166	1	1
"Gene4494"	"Gene4494"	4.43353866179307	1	4.43353866179307	1.18900602377212	1.15611442404163	1	0.87216905266785
"Gene4497"	"Gene4497"	5.01016426777049	1	5.01016426777049	0.464820057239499	2.19901454007957	1	1
"Gene4499"	"Gene4499"	1.04733346172622	50.1059965746829	50.7225075350378	1.82480647336314	0.572116566764882	1	1
"Gene4500"	"Gene4500"	4.19522863439646	1	4.19522863439646	0.658612305105807	2.69684747512047	1	1
"Gene4502"	"Gene4502"	4.29685723587862	120.325446010433	121.805946576158	0.455271675547083	2.90661922843398	0.928350767143877	1
"Gene4503"	"Gene4503"	4.76523168973358	1	4.76523168973358	1.05248323183399	0.973898163202789	1	1.02242543624753
"Gene4505"	"Gene4505"	0.0241645423862486	115.903589894604	117.329683344477	3.65855076572816	1.04261575109386	1.18597909138866	1
"Gene4506"	"Gene4506"	4.18055413192581	1	4.18055413192581	1.8456805056672	0.942087962488059	1	1
"Gene4509"	"Gene4509"	2.79062870969863	1	2.79062870969863	0.913729491484406	2.62869971081721	1	1
"Gene4511"	"Gene4511"	1.78132204406973	1	1.78132204406973	1.00122943919349	0.763124018753583	1	1
"Gene4512"	"Gene4512"	5.36942158911717	1	5.36942158911717	0.749168428805209	1.47020156313199	1	1
"Gene4517"	"Gene4517"	0.995721297002859	1	0.995721297002859	1.41741914343674	1.06057840265075	1	1
"Gene4521"	"Gene4521"	0.0494219208584954	32.2012343304516	32.5974426739397	1.00827943811466	1.44936727330086	1	1
"Gene4522"	"Gene4522"	6.20979060184318	1	6.20979060184318	0.755456471289884	0.82282128989844	1	1
"Gene4527"	"Gene4527"	0.422794409522794	68.2534501327717	69.0932498167511	1.34695380879238	1.00171130804935	1.04237247710187	1
"Gene4528"	"Gene4528"	12.424167127959	1	12.424167127959	0.698559900488274	3.12836051559103	1	1
"Gene4529"	"Gene4529"	8.10360327629538	1	8.10360327629538	0.600763012036036	0.846263019316775	1	1
"Gene4530"	"Gene4530"	3.3846757086679	1	3.3846757086679	1.85328860041272	2.6261494936592	1	1
"Gene4531"	"Gene4531"	0.0694149859941314	46.1660051732865	46.7340379464239	0.716576636780363	0.52957964273341	1	1.07389480614242
"Gene4533"	"Gene4533"	1.31176271156294	1	1.31176271156294	0.893536278994367	1.36321566208374	1	1
"Gene4535"	"Gene4535"	3.67460956368306	1	3.67460956368306	2.66039303739031	1.73043685927493	1	1
"Gene4541"	"Gene4541"	1.98332961579787	1	1.98332961579787	0.680149221564529	1.17444878047746	1	1
"Gene4543"	"Gene4543"	1.38104414405298	1	1.38104414405298	1.0815952405069	0.916904007774382	1	1
"Gene4544"	"Gene4544"	1.4327553497237	1	1.4327553497237	1.31364320720413	1.25043130924334	1	1
"Gene4546"	"Gene4546"	1.66986776184405	1	1.66986776184405	0.916124209176165	2.94926557710518	1	1
"Gene4548"	"Gene4548"	13.5527648336752	1	13.5527648336752	0.953352935571563	1.57529419671795	1	1
"Gene4553"	"Gene4553"	0.849262237247709	1	0.849262237247709	2.04980171679709	1.76155608258813	1	1
"Gene4558"	"Gene4558"	5.84561240667787	1	5.84561240667787	1.56409267939438	1.07261588265458	1	1
"Gene4559"	"Gene4559"	1.11392751994651	55.0648001930101	55.7423249439277	0.573351188104871	1.74904625701202	1	1
"Gene4560"	"Gene4560"	6.64551271662757	1	6.64551271662757	2.26874054467358	0.824580670615289	1.276368705439	1
"Gene4563"	"Gene4563"	2.65187482041328	1	2.65187482041328	2.76624189797056	0.996400185367391	1	1
"Gene4564"	"Gene4564"	0.289070692269777	32.0739718339582	32.4686143224731	1.0862629146199	1.42037419284019	1	1
"Gene4571"	"Gene4571"	1.05246400709047	1	1.05246400709047	1.53008900160338	1.15121915701174	1	1.03683502239744
"Gene4572"	"Gene4572"	1.20362128997115	83.4656896804489	84.4926628177834	0.600270454566645	0.727685729180242	1	1
"Gene4576"	"Gene4576"	6.04818805411571	1	6.04818805411571	0.769871698588913	1.86872620146378	1	1
"Gene4577"	"Gene4577"	1.40819609177476	1	1.40819609177476	1.13112586906689	2.35282624384572	1	1
"Gene4578"	"Gene4578"	2.53052929728722	1	2.53052929728722	1.27210682154182	1.58719688292462	1	1
"Gene4580"	"Gene4580"	2.208811789319	1	2.208811789319	1.01500330885855	1.17689191961025	1	1
"Gene4584"	"Gene4584"	5.88523388342433	1	5.88523388342433	2.02588542191447	0.760971823835725	1	1
"Gene4587"	"Gene4587"	9.66815569309822	1	9.66815569309822	0.414521309329559	1.25740296536763	1	1
"Gene4590"	"Gene4590"	1.55743549743801	1	1.55743549743801	1.04721857248524	1.32267428478615	1	1
"Gene4591"	"Gene4591"	2.38046875486736	1	2.38046875486736	1.06090902445664	1.59711726109006	1	1
"Gene4592"	"Gene4592"	6.66298633319518	1	6.66298633319518	1.9160985252779	0.672478300826525	1	1
"Gene4596"	"Gene4596"	13.4855392894076	1	13.4855392894076	0.441637841592927	0.478786155343395	1	1
"Gene4600"	"Gene4600"	0.994139878330922	1	0.994139878330922	1.06610880147064	1.35116289935206	1	1
"Gene4604"	"Gene4604"	4.23862178426155	1	4.23862178426155	0.592518138555463	0.759882752492167	1	1.1820101602448
"Gene4605"	"Gene4605"	4.64558931548553	1	4.64558931548553	2.06579604903956	0.494983623212414	1	1
"Gene4608"	"Gene4608"	2.09110088836996	1	2.09110088836996	0.71954758426255	1.85197197616838	1	1
"Gene4611"	"Gene4611"	2.75878160837818	87.2200372044796	88.29320434165	0.647906306053661	0.869168152809406	1.07312404981735	1
"Gene4614"	"Gene4614"	1.68528566659329	1	1.68528566659329	1.46120104034696	0.823281776863015	1	1
"Gene4615"	"Gene4615"	5.83211096882218	1	5.83211096882218	0.84995728550814	0.445820801792082	1	1
"Gene4618"	"Gene4618"	6.92606638171724	1	6.92606638171724	1.87676888830673	3.10112858450165	1	1
"Gene4624"	"Gene4624"	6.78159837844614	1	6.78159837844614	1.0219037185535	1.01304779905703	1	1
"Gene4626"	"Gene4626"	10.4722006716156	1	10.4722006716156	0.863715747359869	0.784160280244925	1	1
"Gene4630"	"Gene4630"	4.11733216616464	1	4.11733216616464	1.90623400176269	1.56046650815357	1	0.956857330329163
"Gene4634"	"Gene4634"	1.96715427559402	1	1.96715427559402	1.06799005410383	1.2206272576501	1	1
"Gene4636"	"Gene4636"	0.786394570648289	1	0.786394570648289	1.70251023479259	2.13870421627576	1	1.31924841019294
"Gene4637"	"Gene4637"	2.6171781488082	1	2.6171781488082	1.09513672006585	2.10979706449731	1	1
"Gene4638"	"Gene4638"	6.75835344495292	1	6.75835344495292	0.684573703957362	1.10023453031814	1.02625646625559	1
"Gene4643"	"Gene4643"	4.36387846837122	1	4.36387846837122	0.656404140662957	2.22387235801161	1	1
"Gene4645"	"Gene4645"	3.61211173018906	1	3.61211173018906	1.0014587219581	0.538958409833354	1	1.20567407827792
"Gene4649"	"Gene4649"	2.66369643981512	1	2.66369643981512	0.542595901386196	0.962754410284073	1	1
"Gene4650"	"Gene4650"	1.74188612238556	1	1.74188612238556	1.97121485170191	0.727222697934709	0.886813427835402	1
"Gene4652"	"Gene4652"	1.56964939241007	36.0700198147238	36.5138302181922	1.03394393300463	0.823132862717827	1	1
"Gene4653"	"Gene4653"	5.09706759126203	1	5.09706759126203	1.64814731336475	1.47645727209327	1	1
"Gene4656"	"Gene4656"	2.6868620968386	1	2.6868620968386	0.61259258717285	1.44618581870289	1	0.946279328035853
"Gene4658"	"Gene4658"	3.97636885485765	1	3.97636885485765	1.58752946860097	1.41578985241399	1	1
"Gene4660"	"Gene4660"	3.29159887323817	32.5170364230874	32.9171304382461	0.759836000373654	1.52375781739578	1	1
"Gene4661"	"Gene4661"	5.61872150303734	1	5.61872150303734	0.761316166517678	1.28261903129736	1.2657256207458	1
"Gene4667"	"Gene4667"	4.14038189479441	1	4.14038189479441	0.888430947970347	0.833320550834298	1	1
"Gene4668"	"Gene4668"	8.63628559185446	1	8.63628559185446	1.20471699227776	0.455617759544579	1	1
"Gene4670"	"Gene4670"	0.282328632569718	62.5244321188127	63.2937411901083	1.12142450563592	1.5922820608663	1	1
"Gene4672"	"Gene4672"	1.548786364676	1	1.548786364676	2.29105566149114	1.23585167725782	1	1
"Gene4673"	"Gene4673"	2.01991343290031	1	2.01991343290031	0.627976698192731	1.58564172750518	1	1
"Gene4674"	"Gene4674"	4.33263223277157	1	4.33263223277157	0.762607312957617	0.944131959783611	1	1
"Gene4675"	"Gene4675"	2.81211640321814	1	2.81211640321814	0.52817184577641	2.76258393086811	1	1
"Gene4676"	"Gene4676"	1.95089367029264	1	1.95089367029264	1.03646560643544	0.806420269882822	1	1
"Gene4683"	"Gene4683"	4.84446885823093	1	4.84446885823093	0.695068235095302	0.569553822787299	1	1
"Gene4686"	"Gene4686"	0.985278883210874	1	0.985278883210874	1.24453795802334	2.09286428493448	1	1
"Gene4689"	"Gene4689"	4.79603941918262	1	4.79603941918262	2.75303823247685	1.02985649870972	1	1
"Gene4690"	"Gene4690"	3.98861585320857	1	3.98861585320857	0.717348179212731	1.10898763966802	1	1.23980733214011
"Gene4692"	"Gene4692"	2.91617496987472	1	2.91617496987472	1.03789839705169	1.73598682094034	1.02730162716006	1
"Gene4694"	"Gene4694"	2.96808843082112	1	2.96808843082112	2.11645342838096	0.402223123331506	0.958632337983734	1
"Gene4697"	"Gene4697"	3.48394673748331	1	3.48394673748331	0.49487109383693	2.23600293406049	1	0.750504242927473
"Gene4700"	"Gene4700"	2.76503754518384	1	2.76503754518384	0.491989868304307	0.780926211655033	1.43833786325344	1
"Gene4701"	"Gene4701"	3.03287505413457	1	3.03287505413457	0.815199071954015	2.18646489670076	1	1
"Gene4702"	"Gene4702"	7.0969803453999	1	7.0969803453999	0.757364966687429	2.7825924928489	1	1
"Gene4705"	"Gene4705"	2.64379016372525	1	2.64379016372525	1.06912411422099	0.947017618421782	1	1
"Gene4707"	"Gene4707"	2.08285523267564	1	2.08285523267564	0.741657081374083	0.637386338548522	1	1
"Gene4711"	"Gene4711"	2.30620266006423	161.466659725957	163.453367350953	0.504394303994182	1.06570893302113	1	1
"Gene4713"	"Gene4713"	11.3073937578121	1	11.3073937578121	0.981255701072364	1.05208172931245	1	1
"Gene4718"	"Gene4718"	4.96152211482945	1	4.96152211482945	2.23921830918751	0.36930017802951	1	1.13337021732749
"Gene4719"	"Gene4719"	6.14958570200159	1	6.14958570200159	1.37186167311278	1.37064690849862	1	1
"Gene4723"	"Gene4723"	2.36423975411067	1	2.36423975411067	0.926875340414722	1.56100598255413	1	0.774705900579726
"Gene4725"	"Gene4725"	2.58123783216888	1	2.58123783216888	1.06835891043168	2.48309730513318	1	1
"Gene4726"	"Gene4726"	5.16478699238257	1	5.16478699238257	0.46169304062073	1.08794528785931	1	1
"Gene4728"	"Gene4728"	1.27231974699923	1	1.27231974699923	2.81157390005066	2.11275836181225	1	1
"Gene4729"	"Gene4729"	6.21967574649657	1	6.21967574649657	0.380847466051863	1.34242921695212	1	1
"Gene4732"	"Gene4732"	3.43450409207099	1	3.43450409207099	1.29939676842697	0.880402979824065	1	1
"Gene4733"	"Gene4733"	3.8317211417366	1	3.8317211417366	1.4925892231585	0.742499283752763	1	1
"Gene4734"	"Gene4734"	8.98961743490923	1	8.98961743490923	0.757096300708152	1.46871955727224	1	1
"Gene4738"	"Gene4738"	3.54040646712492	1	3.54040646712492	1.23292226281924	1.18031372718247	1	0.992853257072751
"Gene4739"	"Gene4739"	1.49816587593726	1	1.49816587593726	2.23115349080605	1.05987653585871	1	1
"Gene4742"	"Gene4742"	1.1853227349387	1	1.1853227349387	1.44497127314343	1.60254949138621	1.27907543731909	1
"Gene4745"	"Gene4745"	3.61083342866236	1	3.61083342866236	2.66994699058073	2.21903941340168	1	1
"Gene4749"	"Gene4749"	1.7828849984782	1	1.7828849984782	0.666099434029108	0.79356554336851	1	1
"Gene4752"	"Gene4752"	3.01474293100222	1	3.01474293100222	0.44548746250116	1.47818080080035	1	1
"Gene4754"	"Gene4754"	5.53556774765621	1	5.53556774765621	2.7544945000071	0.859762667742627	1	1
"Gene4756"	"Gene4756"	5.70856131908572	1	5.70856131908572	2.18760521657112	1.02513661265094	1	1
"Gene4760"	"Gene4760"	1.03664700244256	1	1.03664700244256	1.10063647875717	1.85738179149621	1	1
"Gene4761"	"Gene4761"	6.26481200793231	1	6.26481200793231	0.58980124865712	1.07710458703049	1	1
"Gene4762"	"Gene4762"	4.5801045560681	1	4.5801045560681	0.867295400462889	1.49470357680006	1	1.07371420121615
"Gene4765"	"Gene4765"	2.49665171879193	1	2.49665171879193	1.0714124881829	0.794467852324188	1	1
"Gene4766"	"Gene4766"	2.03163712561563	1	2.03163712561563	2.13532152233156	0.613953065516497	1	1
"Gene4772"	"Gene4772"	2.73489790119493	1	2.73489790119493	0.631489705965093	1.63619412775132	1	1
"Gene4775"	"Gene4775"	2.87146288510563	1	2.87146288510563	1.22561954126745	1.53886499539698	1	1
"Gene4776"	"Gene4776"	4.16952214007458	1	4.16952214007458	1.64699304914375	1.0649927260942	1	1
"Gene4777"	"Gene4777"	1.7754328665355	1	1.7754328665355	1.62175265720043	1.13993466497708	1	1
"Gene4780"	"Gene4780"	3.48716299020144	1	3.48716299020144	1.70606959310926	0.671478111335466	1	1.0409079466225
"Gene4781"	"Gene4781"	1.57617222273881	1	1.57617222273881	0.73983145032368	2.10521756916541	1	1
"Gene4783"	"Gene4783"	2.14059894453859	1	2.14059894453859	1.50415303921719	4.06566353729147	0.783605217859677	1
"Gene4784"	"Gene4784"	0.461134522262046	46.8827378776162	47.4595894269096	0.788316626297444	0.553783178164532	1	1
"Gene4785"	"Gene4785"	5.17041778488017	1	5.17041778488017	1.96568372250975	2.64461008499268	1	1
"Gene4786"	"Gene4786"	2.25610687942317	1	2.25610687942317	2.29950784628535	1.75799902001515	1	1
"Gene4789"	"Gene4789"	5.9622902606802	1	5.9622902606802	0.476158627206052	0.338052832746749	1	1
"Gene4797"	"Gene4797"	2.12370421686335	1	2.12370421686335	1.05350558910031	1.4308646560869	1	1
"Gene4802"	"Gene4802"	4.37659525808787	1	4.37659525808787	0.611443261680849	1.53807130865357	1	1
"Gene4803"	"Gene4803"	2.05187408190862	1	2.05187408190862	2.22064914037829	1.24630028138784	1.18782363968519	1
"Gene4804"	"Gene4804"	1.15922225034766	105.944593999539	107.248150616634	0.569381631366164	1.60049154020667	1	1
"Gene4805"	"Gene4805"	1.40426276914542	1	1.40426276914542	0.805636171326277	1.38284285423124	1	1
"Gene4808"	"Gene4808"	3.91160339126759	1	3.91160339126759	0.357244025692797	0.855432532916001	1	1
"Gene4809"	"Gene4809"	7.62537550913326	1	7.62537550913326	0.863456355737158	0.320867482707014	1	1
"Gene4813"	"Gene4813"	1.61259252229838	1	1.61259252229838	1.20239396810086	0.939634653099829	1	1
"Gene4814"	"Gene4814"	5.07590057519757	1	5.07590057519757	1.99254787260852	1.95370258594189	1	1.20967521154921
"Gene4818"	"Gene4818"	0.95582623649809	1	0.95582623649809	1.90254899202998	1.27103220956615	1	1
"Gene4819"	"Gene4819"	0.0310074809420851	13.3992482006625	13.5641143632167	1.0423980044319	0.876445352117613	1.02027386029893	1
"Gene4820"	"Gene4820"	5.60511520815577	1	5.60511520815577	0.822447467308944	1.92426262326758	1	1
"Gene4822"	"Gene4822"	4.48017097383914	1	4.48017097383914	0.632626619428621	1.49196111374468	1	1
"Gene4823"	"Gene4823"	1.61967406756431	1	1.61967406756431	1.39440074197081	0.852826124067137	1	1
"Gene4824"	"Gene4824"	2.31281319744447	1	2.31281319744447	1.88303955527288	1.58327247599386	0.918239642139678	1
"Gene4828"	"Gene4828"	4.86695989129353	1	4.86695989129353	0.916044521558095	0.938792553527197	1	1
"Gene4829"	"Gene4829"	0.951615096177257	1	0.951615096177257	1.55986397206696	1.34572624506711	1	1
"Gene4830"	"Gene4830"	5.65680350106718	1	5.65680350106718	1.28356352006553	0.598754958555208	1	1.13747016831164
"Gene4836"	"Gene4836"	2.77238511215665	1	2.77238511215665	1.51162439114649	1.67243772359998	1	1
"Gene4837"	"Gene4837"	3.29068677174918	1	3.29068677174918	0.831336237528194	0.485922772899667	1	1
"Gene4839"	"Gene4839"	4.35390292017156	1	4.35390292017156	0.298373072718361	0.88827961480616	1	1
"Gene4843"	"Gene4843"	2.44665990056264	71.8848914010599	72.7693728296773	0.631061645005344	0.750522105667419	1	1
"Gene4845"	"Gene4845"	3.50624365804835	49.9484470489962	50.5630194986732	0.629974552930521	2.04249953976575	1	1
"Gene4851"	"Gene4851"	4.25419466986915	1	4.25419466986915	0.715892307597602	2.02567188006265	1	1.14473818408367
"Gene4853"	"Gene4853"	9.01093909795743	1	9.01093909795743	0.37602600724484	2.4066967915984	0.920103891808027	1
"Gene4855"	"Gene4855"	2.73594785079963	1	2.73594785079963	0.686971209050201	1.21593066052117	1	1
"Gene4856"	"Gene4856"	6.24412019609813	1	6.24412019609813	0.364191155593788	0.657101845297542	1	0.994091485677371
"Gene4859"	"Gene4859"	5.31370109507312	1	5.31370109507312	1.78965984330198	0.496049604668358	1	1
"Gene4862"	"Gene4862"	2.89325259129573	25.5780080742618	25.8927233458825	1.04159061954607	0.355698984830667	1	1
"Gene4863"	"Gene4863"	5.4401909586915	1	5.4401909586915	2.08680704732646	1.75005821701414	1	1
"Gene4866"	"Gene4866"	8.04251805547074	1	8.04251805547074	0.566167416498553	1.46147927864141	1.24031678818153	1
"Gene4869"	"Gene4869"	2.89883534566144	1	2.89883534566144	0.409999422597463	1.13178255039662	1	1
"Gene4871"	"Gene4871"	0.615516870950237	75.5864392442837	76.5164650183213	0.862077025677754	1.13755392286711	1	1
"Gene4875"	"Gene4875"	7.04069869212188	1	7.04069869212188	1.13748526629422	0.678147972698782	1	1
"Gene4876"	"Gene4876"	1.82191133473772	78.6825677364113	79.6506886942703	1.56932757122445	0.305777823022705	1	1
"Gene4877"	"Gene4877"	4.43038882402083	1	4.43038882402083	1.38129867025035	1.85257974647052	1	1
"Gene4879"	"Gene4879"	1.83263553625087	1	1.83263553625087	1.96238645319459	0.964493891089376	1	1
"Gene4881"	"Gene4881"	0.642073455443902	28.9444491686796	29.300585586949	2.61353387471992	0.485804908591086	1	1
"Gene4882"	"Gene4882"	1.80811626522253	1	1.80811626522253	0.829875130242867	1.28789266622377	1.11168704979948	1
"Gene4883"	"Gene4883"	0.333261291185135	107.569758673784	108.893311536888	1.14794669212918	0.603494600700569	1	1
"Gene4884"	"Gene4884"	3.67615984976186	1	3.67615984976186	1.59163918599298	1.43784803363358	1	1
"Gene4890"	"Gene4890"	2.16883829832356	1	2.16883829832356	1.52267035330946	0.680146277918523	1	1
"Gene4891"	"Gene4891"	10.3074977980476	1	10.3074977980476	1.35089337336044	0.894825893900046	1	0.977866524740883
"Gene4903"	"Gene4903"	4.14059558631336	1	4.14059558631336	0.286136253219627	2.22136617403459	0.879898923052301	1
"Gene4905"	"Gene4905"	3.66877631997691	1	3.66877631997691	2.207876958076	0.314058880747617	1	1
"Gene4909"	"Gene4909"	3.38612165094461	1	3.38612165094461	1.42343349053058	0.427749993932623	1	1
"Gene4911"	"Gene4911"	3.30433391024311	1	3.30433391024311	0.716135379334857	4.0656473605924	1	1
"Gene4912"	"Gene4912"	6.37610040500628	1	6.37610040500628	2.25247634873285	0.526109616237609	1	1
"Gene4919"	"Gene4919"	4.29202150823153	1	4.29202150823153	0.723521018287893	1.83564377264203	1	1
"Gene4921"	"Gene4921"	1.78526317426353	1	1.78526317426353	2.26475695977571	1.06814909129428	1	1
"Gene4922"	"Gene4922"	3.95175124731016	1	3.95175124731016	0.997850885902013	0.785917958794007	1.16702670894652	1
"Gene4924"	"Gene4924"	3.17058820887099	1	3.17058820887099	0.381785969927113	0.647904529530334	1	1
"Gene4926"	"Gene4926"	8.65318309793827	1	8.65318309793827	0.922693572298312	0.408171557642411	1	1
"Gene4927"	"Gene4927"	2.02146256165831	1	2.02146256165831	2.34393971417158	1.18231566298908	1	1
"Gene4928"	"Gene4928"	8.53489383545968	1	8.53489383545968	0.663633288905961	0.368370490832853	1	1
"Gene4929"	"Gene4929"	1.56875255614532	1	1.56875255614532	1.0103301757199	1.47225277879613	1	1
"Gene4930"	"Gene4930"	4.77781437241786	1	4.77781437241786	1.50474988634694	1.57411744552494	1	1
"Gene4934"	"Gene4934"	2.5241147830414	48.2175393524214	48.810814479637	1.05035050787777	0.551655142740715	1	1
"Gene4936"	"Gene4936"	0.635285357702732	53.3909095395038	54.0478385133714	0.549894157777273	3.00081668237582	1	1
"Gene4938"	"Gene4938"	8.12320315612878	1	8.12320315612878	0.827674681757782	1.99378111611816	1	1
"Gene4941"	"Gene4941"	4.72765706580501	1	4.72765706580501	2.04337775010039	0.824947709784428	1	1
"Gene4946"	"Gene4946"	1.76168848340345	1	1.76168848340345	2.77216272486179	1.09166078408002	1	1
"Gene4947"	"Gene4947"	3.11579512985529	1	3.11579512985529	0.486412960144052	0.459126755872994	1	1
"Gene4950"	"Gene4950"	1.22642877747226	1	1.22642877747226	1.6652838238347	1.0797529601256	1	1
"Gene4951"	"Gene4951"	3.06279809695014	69.0087121702994	69.8578047005627	1.24489060445421	1.12827165855267	1	1
"Gene4953"	"Gene4953"	6.20102822744014	1	6.20102822744014	1.34454382061608	1.14333769394259	1	1
"Gene4961"	"Gene4961"	2.36467223897752	1	2.36467223897752	0.963471003186244	0.670657296225016	1	1
"Gene4962"	"Gene4962"	0.016829727646945	92.4333571213978	93.5706696521006	0.85419554645845	1.5495788494685	0.952629037926333	1
"Gene4965"	"Gene4965"	4.06283977266636	1	4.06283977266636	0.988721780251021	1.3721422866081	1	1
"Gene4966"	"Gene4966"	0.826042708700844	19.8895487884448	20.1342724874598	0.843270769382739	1.36755639259357	1	1
"Gene4967"	"Gene4967"	2.89430081870116	1	2.89430081870116	0.40551361377649	0.986765186745223	1	1
"Gene4969"	"Gene4969"	8.7815509353466	1	8.7815509353466	2.06464844713417	0.481370902537497	1	1
"Gene4970"	"Gene4970"	5.87482571002095	1	5.87482571002095	1.20154788552105	0.322409297064651	1	0.895989898974289
"Gene4972"	"Gene4972"	6.77984720427635	1	6.77984720427635	0.845683750517608	1.55370053991324	1	1
"Gene4973"	"Gene4973"	5.14525553151295	1	5.14525553151295	0.962466164117867	0.958101902212687	1	1
"Gene4978"	"Gene4978"	4.13908878991522	1	4.13908878991522	1.58645529027196	1.83992017976285	1	1
"Gene4980"	"Gene4980"	2.53162532991317	1	2.53162532991317	0.746418795041266	0.547662013207599	0.824951172188446	1
"Gene4981"	"Gene4981"	5.87307796854933	1	5.87307796854933	2.34429586998706	0.496069900692866	1	1
"Gene4985"	"Gene4985"	2.84732276426526	92.7134270235447	93.8541855722122	0.507937282759304	0.97933717992326	1	1
"Gene4986"	"Gene4986"	2.64921219772281	1	2.64921219772281	1.42620539610592	1.38597955121578	1	1
"Gene4988"	"Gene4988"	4.65680756110931	1	4.65680756110931	1.59577817163906	0.753602310663417	1	1
"Gene4992"	"Gene4992"	11.0831273181646	1	11.0831273181646	1.63371910020631	1.40660781405223	1	1
"Gene4993"	"Gene4993"	1.59269515785357	1	1.59269515785357	1.47006996921349	2.65625638832785	1	1
"Gene4994"	"Gene4994"	3.07197781843661	1	3.07197781843661	2.09909743517178	2.57502389369212	1	1
"Gene4996"	"Gene4996"	1.11879617945301	1	1.11879617945301	1.95452281787798	2.01716254336986	1	1
"Gene4998"	"Gene4998"	1.44361660626548	1	1.44361660626548	1.24420480888574	2.64530488687609	1	1
"Gene5000"	"Gene5000"	5.43362709686186	25.7063514522766	26.0226458781832	1.00522663281592	0.891975318961662	1	1
